timestamp,strike,type,side,price,trade_pnl,underlier
2022-11-01 09:15:00,18150,CE,BUY,69.65,,NIFTY
2022-11-01 09:15:00,18150,PE,BUY,107.1,,NIFTY
2022-11-01 09:48:08,18150,CE,SELL,82.6,12.949999999999989,NIFTY
2022-11-01 09:48:08,18150,PE,SELL,101.4,-5.699999999999989,NIFTY
2022-11-01 09:48:08,18200,CE,BUY,59.45,,NIFTY
2022-11-01 09:48:08,18200,PE,BUY,128.3,,NIFTY
2022-11-01 09:48:09,18200,CE,SELL,59.55,0.09999999999999432,NIFTY
2022-11-01 09:48:09,18200,PE,SELL,127.9,-0.4000000000000057,NIFTY
2022-11-01 09:48:09,18150,CE,BUY,82.65,,NIFTY
2022-11-01 09:48:09,18150,PE,BUY,101.35,,NIFTY
2022-11-01 09:48:18,18150,CE,SELL,83.1,0.44999999999998863,NIFTY
2022-11-01 09:48:18,18150,PE,SELL,100.85,-0.5,NIFTY
2022-11-01 09:48:18,18200,CE,BUY,59.65,,NIFTY
2022-11-01 09:48:18,18200,PE,BUY,127.55,,NIFTY
2022-11-01 09:48:19,18200,CE,SELL,59.65,0.0,NIFTY
2022-11-01 09:48:19,18200,PE,SELL,127.35,-0.20000000000000284,NIFTY
2022-11-01 09:48:19,18150,CE,BUY,83.05,,NIFTY
2022-11-01 09:48:19,18150,PE,BUY,100.6,,NIFTY
2022-11-01 09:48:41,18150,CE,SELL,84.0,0.9500000000000028,NIFTY
2022-11-01 09:48:41,18150,PE,SELL,99.45,-1.1499999999999915,NIFTY
2022-11-01 09:48:41,18200,CE,BUY,60.6,,NIFTY
2022-11-01 09:48:41,18200,PE,BUY,127.0,,NIFTY
2022-11-01 12:16:01,18200,CE,SELL,59.1,-1.5,NIFTY
2022-11-01 12:16:01,18200,PE,SELL,130.2,3.1999999999999886,NIFTY
2022-11-01 12:16:01,18150,CE,BUY,81.4,,NIFTY
2022-11-01 12:16:01,18150,PE,BUY,102.45,,NIFTY
2022-11-01 12:16:07,18150,CE,SELL,81.85,0.44999999999998863,NIFTY
2022-11-01 12:16:07,18150,PE,SELL,102.55,0.09999999999999432,NIFTY
2022-11-01 12:16:07,18200,CE,BUY,59.55,,NIFTY
2022-11-01 12:16:07,18200,PE,BUY,130.1,,NIFTY
2022-11-01 12:16:08,18200,CE,SELL,59.4,-0.14999999999999858,NIFTY
2022-11-01 12:16:08,18200,PE,SELL,130.1,0.0,NIFTY
2022-11-01 12:16:08,18150,CE,BUY,81.85,,NIFTY
2022-11-01 12:16:08,18150,PE,BUY,102.55,,NIFTY
2022-11-01 12:16:14,18150,CE,SELL,82.45,0.6000000000000085,NIFTY
2022-11-01 12:16:14,18150,PE,SELL,102.05,-0.5,NIFTY
2022-11-01 12:16:14,18200,CE,BUY,59.85,,NIFTY
2022-11-01 12:16:14,18200,PE,BUY,129.65,,NIFTY
2022-11-01 12:33:43,18200,CE,SELL,62.4,2.549999999999997,NIFTY
2022-11-01 12:33:43,18200,PE,SELL,131.45,1.799999999999983,NIFTY
2022-11-01 12:33:43,18150,CE,BUY,84.9,,NIFTY
2022-11-01 12:33:43,18150,PE,BUY,103.6,,NIFTY
2022-11-01 12:33:44,18150,CE,SELL,85.55,0.6499999999999915,NIFTY
2022-11-01 12:33:44,18150,PE,SELL,103.55,-0.04999999999999716,NIFTY
2022-11-01 12:33:44,18200,CE,BUY,62.95,,NIFTY
2022-11-01 12:33:44,18200,PE,BUY,131.15,,NIFTY
2022-11-01 12:34:30,18200,CE,SELL,62.2,-0.75,NIFTY
2022-11-01 12:34:30,18200,PE,SELL,131.8,0.6500000000000057,NIFTY
2022-11-01 12:34:30,18150,CE,BUY,84.6,,NIFTY
2022-11-01 12:34:30,18150,PE,BUY,104.4,,NIFTY
2022-11-01 12:34:37,18150,CE,SELL,85.65,1.0500000000000114,NIFTY
2022-11-01 12:34:37,18150,PE,SELL,103.4,-1.0,NIFTY
2022-11-01 12:34:37,18200,CE,BUY,62.85,,NIFTY
2022-11-01 12:34:37,18200,PE,BUY,130.85,,NIFTY
2022-11-01 12:34:55,18200,CE,SELL,62.3,-0.5500000000000043,NIFTY
2022-11-01 12:34:55,18200,PE,SELL,131.9,1.0500000000000114,NIFTY
2022-11-01 12:34:55,18150,CE,BUY,85.0,,NIFTY
2022-11-01 12:34:55,18150,PE,BUY,104.5,,NIFTY
2022-11-01 12:37:59,18150,CE,SELL,84.15,-0.8499999999999943,NIFTY
2022-11-01 12:37:59,18150,PE,SELL,104.1,-0.4000000000000057,NIFTY
2022-11-01 12:37:59,18200,CE,BUY,61.9,,NIFTY
2022-11-01 12:37:59,18200,PE,BUY,131.65,,NIFTY
2022-11-01 12:38:00,18200,CE,SELL,61.65,-0.25,NIFTY
2022-11-01 12:38:00,18200,PE,SELL,131.5,-0.15000000000000568,NIFTY
2022-11-01 12:38:00,18150,CE,BUY,84.0,,NIFTY
2022-11-01 12:38:00,18150,PE,BUY,104.05,,NIFTY
2022-11-01 12:38:01,18150,CE,SELL,84.05,0.04999999999999716,NIFTY
2022-11-01 12:38:01,18150,PE,SELL,104.4,0.3500000000000085,NIFTY
2022-11-01 12:38:01,18200,CE,BUY,61.55,,NIFTY
2022-11-01 12:38:01,18200,PE,BUY,131.65,,NIFTY
2022-11-01 12:38:04,18200,CE,SELL,62.0,0.45000000000000284,NIFTY
2022-11-01 12:38:04,18200,PE,SELL,130.9,-0.75,NIFTY
2022-11-01 12:38:04,18150,CE,BUY,84.5,,NIFTY
2022-11-01 12:38:04,18150,PE,BUY,103.55,,NIFTY
2022-11-01 12:38:06,18150,CE,SELL,84.45,-0.04999999999999716,NIFTY
2022-11-01 12:38:06,18150,PE,SELL,103.1,-0.45000000000000284,NIFTY
2022-11-01 12:38:06,18200,CE,BUY,62.25,,NIFTY
2022-11-01 12:38:06,18200,PE,BUY,130.2,,NIFTY
2022-11-01 12:38:08,18200,CE,SELL,62.15,-0.10000000000000142,NIFTY
2022-11-01 12:38:08,18200,PE,SELL,130.5,0.30000000000001137,NIFTY
2022-11-01 12:38:08,18150,CE,BUY,84.55,,NIFTY
2022-11-01 12:38:08,18150,PE,BUY,103.15,,NIFTY
2022-11-01 12:38:09,18150,CE,SELL,84.9,0.3500000000000085,NIFTY
2022-11-01 12:38:09,18150,PE,SELL,102.95,-0.20000000000000284,NIFTY
2022-11-01 12:38:09,18200,CE,BUY,62.4,,NIFTY
2022-11-01 12:38:09,18200,PE,BUY,130.2,,NIFTY
2022-11-01 12:38:47,18200,CE,SELL,61.85,-0.5499999999999972,NIFTY
2022-11-01 12:38:47,18200,PE,SELL,131.8,1.6000000000000227,NIFTY
2022-11-01 12:38:47,18150,CE,BUY,84.15,,NIFTY
2022-11-01 12:38:47,18150,PE,BUY,104.1,,NIFTY
2022-11-01 12:41:29,18150,CE,SELL,84.1,-0.05000000000001137,NIFTY
2022-11-01 12:41:29,18150,PE,SELL,103.35,-0.75,NIFTY
2022-11-01 12:41:29,18200,CE,BUY,61.55,,NIFTY
2022-11-01 12:41:29,18200,PE,BUY,130.6,,NIFTY
2022-11-01 12:41:31,18200,CE,SELL,61.4,-0.14999999999999858,NIFTY
2022-11-01 12:41:31,18200,PE,SELL,131.3,0.700000000000017,NIFTY
2022-11-01 12:41:31,18150,CE,BUY,83.6,,NIFTY
2022-11-01 12:41:31,18150,PE,BUY,103.9,,NIFTY
2022-11-01 12:41:46,18150,CE,SELL,84.1,0.5,NIFTY
2022-11-01 12:41:46,18150,PE,SELL,103.9,0.0,NIFTY
2022-11-01 12:41:46,18200,CE,BUY,61.5,,NIFTY
2022-11-01 12:41:46,18200,PE,BUY,131.15,,NIFTY
2022-11-01 12:41:47,18200,CE,SELL,61.5,0.0,NIFTY
2022-11-01 12:41:47,18200,PE,SELL,130.95,-0.20000000000001705,NIFTY
2022-11-01 12:41:47,18150,CE,BUY,84.1,,NIFTY
2022-11-01 12:41:47,18150,PE,BUY,103.7,,NIFTY
2022-11-01 12:41:49,18150,CE,SELL,83.7,-0.3999999999999915,NIFTY
2022-11-01 12:41:49,18150,PE,SELL,103.95,0.25,NIFTY
2022-11-01 12:41:49,18200,CE,BUY,61.25,,NIFTY
2022-11-01 12:41:49,18200,PE,BUY,131.35,,NIFTY
2022-11-01 12:41:50,18200,CE,SELL,61.2,-0.04999999999999716,NIFTY
2022-11-01 12:41:50,18200,PE,SELL,131.8,0.45000000000001705,NIFTY
2022-11-01 12:41:50,18150,CE,BUY,83.6,,NIFTY
2022-11-01 12:41:50,18150,PE,BUY,104.3,,NIFTY
2022-11-01 12:41:55,18150,CE,SELL,83.85,0.25,NIFTY
2022-11-01 12:41:55,18150,PE,SELL,103.9,-0.3999999999999915,NIFTY
2022-11-01 12:41:55,18200,CE,BUY,61.3,,NIFTY
2022-11-01 12:41:55,18200,PE,BUY,131.0,,NIFTY
2022-11-01 12:41:56,18200,CE,SELL,61.05,-0.25,NIFTY
2022-11-01 12:41:56,18200,PE,SELL,131.3,0.30000000000001137,NIFTY
2022-11-01 12:41:56,18150,CE,BUY,83.2,,NIFTY
2022-11-01 12:41:56,18150,PE,BUY,103.75,,NIFTY
2022-11-01 12:42:44,18150,CE,SELL,84.3,1.0999999999999943,NIFTY
2022-11-01 12:42:44,18150,PE,SELL,103.8,0.04999999999999716,NIFTY
2022-11-01 12:42:44,18200,CE,BUY,61.85,,NIFTY
2022-11-01 12:42:44,18200,PE,BUY,131.4,,NIFTY
2022-11-01 12:42:45,18200,CE,SELL,61.8,-0.05000000000000426,NIFTY
2022-11-01 12:42:45,18200,PE,SELL,131.4,0.0,NIFTY
2022-11-01 12:42:45,18150,CE,BUY,84.1,,NIFTY
2022-11-01 12:42:45,18150,PE,BUY,103.8,,NIFTY
2022-11-01 12:42:46,18150,CE,SELL,84.2,0.10000000000000853,NIFTY
2022-11-01 12:42:46,18150,PE,SELL,103.95,0.15000000000000568,NIFTY
2022-11-01 12:42:46,18200,CE,BUY,61.65,,NIFTY
2022-11-01 12:42:46,18200,PE,BUY,131.5,,NIFTY
2022-11-01 12:42:47,18200,CE,SELL,61.75,0.10000000000000142,NIFTY
2022-11-01 12:42:47,18200,PE,SELL,131.5,0.0,NIFTY
2022-11-01 12:42:47,18150,CE,BUY,84.25,,NIFTY
2022-11-01 12:42:47,18150,PE,BUY,103.7,,NIFTY
2022-11-01 12:42:48,18150,CE,SELL,84.5,0.25,NIFTY
2022-11-01 12:42:48,18150,PE,SELL,104.1,0.3999999999999915,NIFTY
2022-11-01 12:42:48,18200,CE,BUY,62.0,,NIFTY
2022-11-01 12:42:48,18200,PE,BUY,131.3,,NIFTY
2022-11-01 12:42:50,18200,CE,SELL,61.8,-0.20000000000000284,NIFTY
2022-11-01 12:42:50,18200,PE,SELL,131.85,0.549999999999983,NIFTY
2022-11-01 12:42:50,18150,CE,BUY,84.15,,NIFTY
2022-11-01 12:42:50,18150,PE,BUY,104.1,,NIFTY
2022-11-01 12:42:51,18150,CE,SELL,84.2,0.04999999999999716,NIFTY
2022-11-01 12:42:51,18150,PE,SELL,104.35,0.25,NIFTY
2022-11-01 12:42:51,18200,CE,BUY,61.8,,NIFTY
2022-11-01 12:42:51,18200,PE,BUY,131.85,,NIFTY
2022-11-01 12:42:58,18200,CE,SELL,61.85,0.05000000000000426,NIFTY
2022-11-01 12:42:58,18200,PE,SELL,131.3,-0.549999999999983,NIFTY
2022-11-01 12:42:58,18150,CE,BUY,84.1,,NIFTY
2022-11-01 12:42:58,18150,PE,BUY,104.05,,NIFTY
2022-11-01 12:43:00,18150,CE,SELL,84.4,0.30000000000001137,NIFTY
2022-11-01 12:43:00,18150,PE,SELL,104.05,0.0,NIFTY
2022-11-01 12:43:00,18200,CE,BUY,61.75,,NIFTY
2022-11-01 12:43:00,18200,PE,BUY,131.1,,NIFTY
2022-11-01 12:43:02,18200,CE,SELL,61.7,-0.04999999999999716,NIFTY
2022-11-01 12:43:02,18200,PE,SELL,131.7,0.5999999999999943,NIFTY
2022-11-01 12:43:02,18150,CE,BUY,84.1,,NIFTY
2022-11-01 12:43:02,18150,PE,BUY,104.1,,NIFTY
2022-11-01 12:43:04,18150,CE,SELL,84.2,0.10000000000000853,NIFTY
2022-11-01 12:43:04,18150,PE,SELL,103.8,-0.29999999999999716,NIFTY
2022-11-01 12:43:04,18200,CE,BUY,61.8,,NIFTY
2022-11-01 12:43:04,18200,PE,BUY,131.2,,NIFTY
2022-11-01 12:43:08,18200,CE,SELL,61.7,-0.09999999999999432,NIFTY
2022-11-01 12:43:08,18200,PE,SELL,131.9,0.700000000000017,NIFTY
2022-11-01 12:43:08,18150,CE,BUY,84.3,,NIFTY
2022-11-01 12:43:08,18150,PE,BUY,104.35,,NIFTY
2022-11-01 12:43:22,18150,CE,SELL,84.25,-0.04999999999999716,NIFTY
2022-11-01 12:43:22,18150,PE,SELL,104.2,-0.14999999999999147,NIFTY
2022-11-01 12:43:22,18200,CE,BUY,62.0,,NIFTY
2022-11-01 12:43:22,18200,PE,BUY,131.45,,NIFTY
2022-11-01 12:43:23,18200,CE,SELL,62.1,0.10000000000000142,NIFTY
2022-11-01 12:43:23,18200,PE,SELL,131.45,0.0,NIFTY
2022-11-01 12:43:23,18150,CE,BUY,84.65,,NIFTY
2022-11-01 12:43:23,18150,PE,BUY,103.9,,NIFTY
2022-11-01 12:43:24,18150,CE,SELL,84.55,-0.10000000000000853,NIFTY
2022-11-01 12:43:24,18150,PE,SELL,104.1,0.19999999999998863,NIFTY
2022-11-01 12:43:24,18200,CE,BUY,62.15,,NIFTY
2022-11-01 12:43:24,18200,PE,BUY,131.8,,NIFTY
2022-11-01 12:43:25,18200,CE,SELL,62.3,0.14999999999999858,NIFTY
2022-11-01 12:43:25,18200,PE,SELL,131.4,-0.4000000000000057,NIFTY
2022-11-01 12:43:25,18150,CE,BUY,84.7,,NIFTY
2022-11-01 12:43:25,18150,PE,BUY,104.0,,NIFTY
2022-11-01 12:43:26,18150,CE,SELL,84.55,-0.15000000000000568,NIFTY
2022-11-01 12:43:26,18150,PE,SELL,104.05,0.04999999999999716,NIFTY
2022-11-01 12:43:26,18200,CE,BUY,62.45,,NIFTY
2022-11-01 12:43:26,18200,PE,BUY,131.2,,NIFTY
2022-11-01 12:56:00,18200,CE,SELL,61.7,-0.75,NIFTY
2022-11-01 12:56:00,18200,PE,SELL,130.35,-0.8499999999999943,NIFTY
2022-11-01 12:56:00,18150,CE,BUY,84.05,,NIFTY
2022-11-01 12:56:00,18150,PE,BUY,102.95,,NIFTY
2022-11-01 12:56:01,18150,CE,SELL,83.7,-0.3499999999999943,NIFTY
2022-11-01 12:56:01,18150,PE,SELL,103.1,0.14999999999999147,NIFTY
2022-11-01 12:56:01,18200,CE,BUY,61.35,,NIFTY
2022-11-01 12:56:01,18200,PE,BUY,130.4,,NIFTY
2022-11-01 12:56:02,18200,CE,SELL,61.35,0.0,NIFTY
2022-11-01 12:56:02,18200,PE,SELL,130.85,0.44999999999998863,NIFTY
2022-11-01 12:56:02,18150,CE,BUY,83.7,,NIFTY
2022-11-01 12:56:02,18150,PE,BUY,103.0,,NIFTY
2022-11-01 12:56:04,18150,CE,SELL,84.05,0.3499999999999943,NIFTY
2022-11-01 12:56:04,18150,PE,SELL,103.1,0.09999999999999432,NIFTY
2022-11-01 12:56:04,18200,CE,BUY,61.8,,NIFTY
2022-11-01 12:56:04,18200,PE,BUY,130.6,,NIFTY
2022-11-01 12:56:05,18200,CE,SELL,61.85,0.05000000000000426,NIFTY
2022-11-01 12:56:05,18200,PE,SELL,130.25,-0.3499999999999943,NIFTY
2022-11-01 12:56:05,18150,CE,BUY,84.1,,NIFTY
2022-11-01 12:56:05,18150,PE,BUY,102.55,,NIFTY
2022-11-01 12:56:07,18150,CE,SELL,84.05,-0.04999999999999716,NIFTY
2022-11-01 12:56:07,18150,PE,SELL,103.2,0.6500000000000057,NIFTY
2022-11-01 12:56:07,18200,CE,BUY,61.8,,NIFTY
2022-11-01 12:56:07,18200,PE,BUY,130.7,,NIFTY
2022-11-01 12:56:08,18200,CE,SELL,61.95,0.15000000000000568,NIFTY
2022-11-01 12:56:08,18200,PE,SELL,130.5,-0.19999999999998863,NIFTY
2022-11-01 12:56:08,18150,CE,BUY,84.2,,NIFTY
2022-11-01 12:56:08,18150,PE,BUY,102.65,,NIFTY
2022-11-01 13:06:09,18150,CE,SELL,63.6,-20.6,NIFTY
2022-11-01 13:06:09,18150,PE,SELL,135.0,32.349999999999994,NIFTY
2022-11-01 13:06:09,18100,CE,BUY,86.0,,NIFTY
2022-11-01 13:06:09,18100,PE,BUY,106.45,,NIFTY
2022-11-01 13:06:24,18100,CE,SELL,87.35,1.3499999999999943,NIFTY
2022-11-01 13:06:24,18100,PE,SELL,105.75,-0.7000000000000028,NIFTY
2022-11-01 13:06:24,18150,CE,BUY,64.95,,NIFTY
2022-11-01 13:06:24,18150,PE,BUY,133.2,,NIFTY
2022-11-01 13:06:42,18150,CE,SELL,65.5,0.5499999999999972,NIFTY
2022-11-01 13:06:42,18150,PE,SELL,131.65,-1.549999999999983,NIFTY
2022-11-01 13:06:42,18100,CE,BUY,88.15,,NIFTY
2022-11-01 13:06:42,18100,PE,BUY,104.7,,NIFTY
2022-11-01 13:06:43,18100,CE,SELL,88.4,0.25,NIFTY
2022-11-01 13:06:43,18100,PE,SELL,104.25,-0.45000000000000284,NIFTY
2022-11-01 13:06:43,18150,CE,BUY,65.85,,NIFTY
2022-11-01 13:06:43,18150,PE,BUY,130.8,,NIFTY
2022-11-01 13:11:15,18150,CE,SELL,63.0,-2.8499999999999943,NIFTY
2022-11-01 13:11:15,18150,PE,SELL,132.8,2.0,NIFTY
2022-11-01 13:11:15,18100,CE,BUY,84.6,,NIFTY
2022-11-01 13:11:15,18100,PE,BUY,105.5,,NIFTY
2022-11-01 13:15:58,18100,CE,SELL,84.65,0.05000000000001137,NIFTY
2022-11-01 13:15:58,18100,PE,SELL,103.85,-1.6500000000000057,NIFTY
2022-11-01 13:15:58,18150,CE,BUY,61.85,,NIFTY
2022-11-01 13:15:58,18150,PE,BUY,130.7,,NIFTY
2022-11-01 13:16:01,18150,CE,SELL,61.6,-0.25,NIFTY
2022-11-01 13:16:01,18150,PE,SELL,130.75,0.05000000000001137,NIFTY
2022-11-01 13:16:01,18100,CE,BUY,84.55,,NIFTY
2022-11-01 13:16:01,18100,PE,BUY,104.15,,NIFTY
2022-11-01 13:16:04,18100,CE,SELL,84.55,0.0,NIFTY
2022-11-01 13:16:04,18100,PE,SELL,104.05,-0.10000000000000853,NIFTY
2022-11-01 13:16:04,18150,CE,BUY,61.2,,NIFTY
2022-11-01 13:16:04,18150,PE,BUY,130.85,,NIFTY
2022-11-01 13:16:06,18150,CE,SELL,61.85,0.6499999999999986,NIFTY
2022-11-01 13:16:06,18150,PE,SELL,130.25,-0.5999999999999943,NIFTY
2022-11-01 13:16:06,18100,CE,BUY,84.8,,NIFTY
2022-11-01 13:16:06,18100,PE,BUY,103.6,,NIFTY
2022-11-01 13:16:07,18100,CE,SELL,85.0,0.20000000000000284,NIFTY
2022-11-01 13:16:07,18100,PE,SELL,103.15,-0.44999999999998863,NIFTY
2022-11-01 13:16:07,18150,CE,BUY,61.95,,NIFTY
2022-11-01 13:16:07,18150,PE,BUY,129.85,,NIFTY
2022-11-01 13:34:21,18150,CE,SELL,78.9,16.950000000000003,NIFTY
2022-11-01 13:34:21,18150,PE,SELL,101.95,-27.89999999999999,NIFTY
2022-11-01 13:34:21,18200,CE,BUY,56.9,,NIFTY
2022-11-01 13:34:21,18200,PE,BUY,129.95,,NIFTY
2022-11-01 13:34:27,18200,CE,SELL,56.3,-0.6000000000000014,NIFTY
2022-11-01 13:34:27,18200,PE,SELL,130.95,1.0,NIFTY
2022-11-01 13:34:27,18150,CE,BUY,78.25,,NIFTY
2022-11-01 13:34:27,18150,PE,BUY,102.9,,NIFTY
2022-11-01 13:34:29,18150,CE,SELL,78.6,0.3499999999999943,NIFTY
2022-11-01 13:34:29,18150,PE,SELL,102.45,-0.45000000000000284,NIFTY
2022-11-01 13:34:29,18200,CE,BUY,56.6,,NIFTY
2022-11-01 13:34:29,18200,PE,BUY,130.45,,NIFTY
2022-11-01 13:34:35,18200,CE,SELL,56.3,-0.30000000000000426,NIFTY
2022-11-01 13:34:35,18200,PE,SELL,130.5,0.05000000000001137,NIFTY
2022-11-01 13:34:35,18150,CE,BUY,78.1,,NIFTY
2022-11-01 13:34:35,18150,PE,BUY,102.8,,NIFTY
2022-11-01 13:34:41,18150,CE,SELL,78.45,0.3500000000000085,NIFTY
2022-11-01 13:34:41,18150,PE,SELL,102.55,-0.25,NIFTY
2022-11-01 13:34:41,18200,CE,BUY,56.65,,NIFTY
2022-11-01 13:34:41,18200,PE,BUY,130.5,,NIFTY
2022-11-01 13:34:45,18200,CE,SELL,56.3,-0.3500000000000014,NIFTY
2022-11-01 13:34:45,18200,PE,SELL,131.3,0.8000000000000114,NIFTY
2022-11-01 13:34:45,18150,CE,BUY,78.3,,NIFTY
2022-11-01 13:34:45,18150,PE,BUY,103.35,,NIFTY
2022-11-01 13:34:56,18150,CE,SELL,78.85,0.5499999999999972,NIFTY
2022-11-01 13:34:56,18150,PE,SELL,102.05,-1.2999999999999972,NIFTY
2022-11-01 13:34:56,18200,CE,BUY,56.8,,NIFTY
2022-11-01 13:34:56,18200,PE,BUY,129.95,,NIFTY
2022-11-01 13:36:00,18200,CE,SELL,56.85,0.05000000000000426,NIFTY
2022-11-01 13:36:00,18200,PE,SELL,130.2,0.25,NIFTY
2022-11-01 13:36:00,18150,CE,BUY,78.85,,NIFTY
2022-11-01 13:36:00,18150,PE,BUY,102.45,,NIFTY
2022-11-01 13:36:03,18150,CE,SELL,78.3,-0.5499999999999972,NIFTY
2022-11-01 13:36:03,18150,PE,SELL,102.6,0.14999999999999147,NIFTY
2022-11-01 13:36:03,18200,CE,BUY,56.6,,NIFTY
2022-11-01 13:36:03,18200,PE,BUY,130.65,,NIFTY
2022-11-01 13:36:08,18200,CE,SELL,56.15,-0.45000000000000284,NIFTY
2022-11-01 13:36:08,18200,PE,SELL,131.35,0.6999999999999886,NIFTY
2022-11-01 13:36:08,18150,CE,BUY,77.8,,NIFTY
2022-11-01 13:36:08,18150,PE,BUY,103.4,,NIFTY
2022-11-01 13:36:23,18150,CE,SELL,78.2,0.4000000000000057,NIFTY
2022-11-01 13:36:23,18150,PE,SELL,103.0,-0.4000000000000057,NIFTY
2022-11-01 13:36:23,18200,CE,BUY,56.4,,NIFTY
2022-11-01 13:36:23,18200,PE,BUY,130.9,,NIFTY
2022-11-01 13:36:25,18200,CE,SELL,56.4,0.0,NIFTY
2022-11-01 13:36:25,18200,PE,SELL,130.85,-0.05000000000001137,NIFTY
2022-11-01 13:36:25,18150,CE,BUY,78.35,,NIFTY
2022-11-01 13:36:25,18150,PE,BUY,102.85,,NIFTY
2022-11-01 13:36:27,18150,CE,SELL,79.0,0.6500000000000057,NIFTY
2022-11-01 13:36:27,18150,PE,SELL,102.4,-0.44999999999998863,NIFTY
2022-11-01 13:36:27,18200,CE,BUY,57.05,,NIFTY
2022-11-01 13:36:27,18200,PE,BUY,130.55,,NIFTY
2022-11-01 13:37:36,18200,CE,SELL,56.6,-0.44999999999999574,NIFTY
2022-11-01 13:37:36,18200,PE,SELL,130.3,-0.25,NIFTY
2022-11-01 13:37:36,18150,CE,BUY,78.65,,NIFTY
2022-11-01 13:37:36,18150,PE,BUY,102.4,,NIFTY
2022-11-01 13:37:39,18150,CE,SELL,78.65,0.0,NIFTY
2022-11-01 13:37:39,18150,PE,SELL,102.35,-0.05000000000001137,NIFTY
2022-11-01 13:37:39,18200,CE,BUY,56.75,,NIFTY
2022-11-01 13:37:39,18200,PE,BUY,130.5,,NIFTY
2022-11-01 13:37:41,18200,CE,SELL,56.85,0.10000000000000142,NIFTY
2022-11-01 13:37:41,18200,PE,SELL,130.65,0.15000000000000568,NIFTY
2022-11-01 13:37:41,18150,CE,BUY,78.75,,NIFTY
2022-11-01 13:37:41,18150,PE,BUY,102.4,,NIFTY
2022-11-01 13:37:42,18150,CE,SELL,78.65,-0.09999999999999432,NIFTY
2022-11-01 13:37:42,18150,PE,SELL,102.55,0.14999999999999147,NIFTY
2022-11-01 13:37:42,18200,CE,BUY,56.55,,NIFTY
2022-11-01 13:37:42,18200,PE,BUY,130.7,,NIFTY
2022-11-01 13:37:44,18200,CE,SELL,56.5,-0.04999999999999716,NIFTY
2022-11-01 13:37:44,18200,PE,SELL,130.95,0.25,NIFTY
2022-11-01 13:37:44,18150,CE,BUY,78.45,,NIFTY
2022-11-01 13:37:44,18150,PE,BUY,102.65,,NIFTY
2022-11-01 13:40:54,18150,CE,SELL,77.75,-0.7000000000000028,NIFTY
2022-11-01 13:40:54,18150,PE,SELL,102.95,0.29999999999999716,NIFTY
2022-11-01 13:40:54,18200,CE,BUY,56.0,,NIFTY
2022-11-01 13:40:54,18200,PE,BUY,131.05,,NIFTY
2022-11-01 13:40:56,18200,CE,SELL,55.65,-0.3500000000000014,NIFTY
2022-11-01 13:40:56,18200,PE,SELL,131.8,0.75,NIFTY
2022-11-01 13:40:56,18150,CE,BUY,77.45,,NIFTY
2022-11-01 13:40:56,18150,PE,BUY,103.7,,NIFTY
2022-11-01 13:43:54,18150,CE,SELL,78.25,0.7999999999999972,NIFTY
2022-11-01 13:43:54,18150,PE,SELL,102.5,-1.2000000000000028,NIFTY
2022-11-01 13:43:54,18200,CE,BUY,56.3,,NIFTY
2022-11-01 13:43:54,18200,PE,BUY,130.6,,NIFTY
2022-11-01 13:43:55,18200,CE,SELL,56.5,0.20000000000000284,NIFTY
2022-11-01 13:43:55,18200,PE,SELL,130.2,-0.4000000000000057,NIFTY
2022-11-01 13:43:55,18150,CE,BUY,78.3,,NIFTY
2022-11-01 13:43:55,18150,PE,BUY,102.35,,NIFTY
2022-11-01 13:45:18,18150,CE,SELL,78.6,0.29999999999999716,NIFTY
2022-11-01 13:45:18,18150,PE,SELL,103.0,0.6500000000000057,NIFTY
2022-11-01 13:45:18,18200,CE,BUY,56.35,,NIFTY
2022-11-01 13:45:18,18200,PE,BUY,130.95,,NIFTY
2022-11-01 13:45:22,18200,CE,SELL,55.6,-0.75,NIFTY
2022-11-01 13:45:22,18200,PE,SELL,132.05,1.1000000000000227,NIFTY
2022-11-01 13:45:22,18150,CE,BUY,77.7,,NIFTY
2022-11-01 13:45:22,18150,PE,BUY,103.7,,NIFTY
2022-11-01 13:45:27,18150,CE,SELL,77.9,0.20000000000000284,NIFTY
2022-11-01 13:45:27,18150,PE,SELL,103.5,-0.20000000000000284,NIFTY
2022-11-01 13:45:27,18200,CE,BUY,55.95,,NIFTY
2022-11-01 13:45:27,18200,PE,BUY,131.7,,NIFTY
2022-11-01 13:45:29,18200,CE,SELL,55.85,-0.10000000000000142,NIFTY
2022-11-01 13:45:29,18200,PE,SELL,131.7,0.0,NIFTY
2022-11-01 13:45:29,18150,CE,BUY,77.45,,NIFTY
2022-11-01 13:45:29,18150,PE,BUY,103.75,,NIFTY
2022-11-01 13:45:32,18150,CE,SELL,78.4,0.9500000000000028,NIFTY
2022-11-01 13:45:32,18150,PE,SELL,103.05,-0.7000000000000028,NIFTY
2022-11-01 13:45:32,18200,CE,BUY,56.3,,NIFTY
2022-11-01 13:45:32,18200,PE,BUY,131.35,,NIFTY
2022-11-01 13:45:35,18200,CE,SELL,56.2,-0.09999999999999432,NIFTY
2022-11-01 13:45:35,18200,PE,SELL,131.0,-0.3499999999999943,NIFTY
2022-11-01 13:45:35,18150,CE,BUY,77.9,,NIFTY
2022-11-01 13:45:35,18150,PE,BUY,103.15,,NIFTY
2022-11-01 13:45:38,18150,CE,SELL,77.7,-0.20000000000000284,NIFTY
2022-11-01 13:45:38,18150,PE,SELL,103.9,0.75,NIFTY
2022-11-01 13:45:38,18200,CE,BUY,55.95,,NIFTY
2022-11-01 13:45:38,18200,PE,BUY,131.65,,NIFTY
2022-11-01 13:45:41,18200,CE,SELL,55.85,-0.10000000000000142,NIFTY
2022-11-01 13:45:41,18200,PE,SELL,131.45,-0.20000000000001705,NIFTY
2022-11-01 13:45:41,18150,CE,BUY,77.95,,NIFTY
2022-11-01 13:45:41,18150,PE,BUY,103.45,,NIFTY
2022-11-01 13:45:43,18150,CE,SELL,77.75,-0.20000000000000284,NIFTY
2022-11-01 13:45:43,18150,PE,SELL,103.65,0.20000000000000284,NIFTY
2022-11-01 13:45:43,18200,CE,BUY,55.9,,NIFTY
2022-11-01 13:45:43,18200,PE,BUY,131.55,,NIFTY
2022-11-01 13:45:58,18200,CE,SELL,55.3,-0.6000000000000014,NIFTY
2022-11-01 13:45:58,18200,PE,SELL,133.0,1.4499999999999886,NIFTY
2022-11-01 13:45:58,18150,CE,BUY,77.0,,NIFTY
2022-11-01 13:45:58,18150,PE,BUY,104.7,,NIFTY
2022-11-01 13:46:07,18150,CE,SELL,77.85,0.8499999999999943,NIFTY
2022-11-01 13:46:07,18150,PE,SELL,103.5,-1.2000000000000028,NIFTY
2022-11-01 13:46:07,18200,CE,BUY,56.05,,NIFTY
2022-11-01 13:46:07,18200,PE,BUY,131.45,,NIFTY
2022-11-01 13:46:08,18200,CE,SELL,55.9,-0.14999999999999858,NIFTY
2022-11-01 13:46:08,18200,PE,SELL,131.95,0.5,NIFTY
2022-11-01 13:46:08,18150,CE,BUY,77.55,,NIFTY
2022-11-01 13:46:08,18150,PE,BUY,103.7,,NIFTY
2022-11-01 13:46:10,18150,CE,SELL,77.5,-0.04999999999999716,NIFTY
2022-11-01 13:46:10,18150,PE,SELL,103.8,0.09999999999999432,NIFTY
2022-11-01 13:46:10,18200,CE,BUY,55.75,,NIFTY
2022-11-01 13:46:10,18200,PE,BUY,132.0,,NIFTY
2022-11-01 13:46:12,18200,CE,SELL,55.4,-0.3500000000000014,NIFTY
2022-11-01 13:46:12,18200,PE,SELL,132.25,0.25,NIFTY
2022-11-01 13:46:12,18150,CE,BUY,77.15,,NIFTY
2022-11-01 13:46:12,18150,PE,BUY,104.0,,NIFTY
2022-11-01 13:46:58,18150,CE,SELL,78.05,0.8999999999999915,NIFTY
2022-11-01 13:46:58,18150,PE,SELL,103.35,-0.6500000000000057,NIFTY
2022-11-01 13:46:58,18200,CE,BUY,56.3,,NIFTY
2022-11-01 13:46:58,18200,PE,BUY,131.15,,NIFTY
2022-11-01 13:47:02,18200,CE,SELL,56.15,-0.14999999999999858,NIFTY
2022-11-01 13:47:02,18200,PE,SELL,131.6,0.44999999999998863,NIFTY
2022-11-01 13:47:02,18150,CE,BUY,77.9,,NIFTY
2022-11-01 13:47:02,18150,PE,BUY,103.15,,NIFTY
2022-11-01 13:47:04,18150,CE,SELL,77.95,0.04999999999999716,NIFTY
2022-11-01 13:47:04,18150,PE,SELL,102.95,-0.20000000000000284,NIFTY
2022-11-01 13:47:04,18200,CE,BUY,56.0,,NIFTY
2022-11-01 13:47:04,18200,PE,BUY,131.3,,NIFTY
2022-11-01 13:47:06,18200,CE,SELL,56.05,0.04999999999999716,NIFTY
2022-11-01 13:47:06,18200,PE,SELL,131.2,-0.10000000000002274,NIFTY
2022-11-01 13:47:06,18150,CE,BUY,77.9,,NIFTY
2022-11-01 13:47:06,18150,PE,BUY,103.2,,NIFTY
2022-11-01 13:47:08,18150,CE,SELL,77.5,-0.4000000000000057,NIFTY
2022-11-01 13:47:08,18150,PE,SELL,103.4,0.20000000000000284,NIFTY
2022-11-01 13:47:08,18200,CE,BUY,55.7,,NIFTY
2022-11-01 13:47:08,18200,PE,BUY,132.05,,NIFTY
2022-11-01 13:47:12,18200,CE,SELL,56.1,0.3999999999999986,NIFTY
2022-11-01 13:47:12,18200,PE,SELL,131.7,-0.35000000000002274,NIFTY
2022-11-01 13:47:12,18150,CE,BUY,77.95,,NIFTY
2022-11-01 13:47:12,18150,PE,BUY,103.2,,NIFTY
2022-11-01 13:47:13,18150,CE,SELL,77.75,-0.20000000000000284,NIFTY
2022-11-01 13:47:13,18150,PE,SELL,103.35,0.14999999999999147,NIFTY
2022-11-01 13:47:13,18200,CE,BUY,55.9,,NIFTY
2022-11-01 13:47:13,18200,PE,BUY,131.75,,NIFTY
2022-11-01 13:47:14,18200,CE,SELL,56.0,0.10000000000000142,NIFTY
2022-11-01 13:47:14,18200,PE,SELL,131.75,0.0,NIFTY
2022-11-01 13:47:14,18150,CE,BUY,77.75,,NIFTY
2022-11-01 13:47:14,18150,PE,BUY,103.4,,NIFTY
2022-11-01 13:47:55,18150,CE,SELL,77.8,0.04999999999999716,NIFTY
2022-11-01 13:47:55,18150,PE,SELL,103.05,-0.3500000000000085,NIFTY
2022-11-01 13:47:55,18200,CE,BUY,55.8,,NIFTY
2022-11-01 13:47:55,18200,PE,BUY,131.7,,NIFTY
2022-11-01 13:47:56,18200,CE,SELL,55.85,0.05000000000000426,NIFTY
2022-11-01 13:47:56,18200,PE,SELL,131.7,0.0,NIFTY
2022-11-01 13:47:56,18150,CE,BUY,77.8,,NIFTY
2022-11-01 13:47:56,18150,PE,BUY,103.05,,NIFTY
2022-11-01 13:48:01,18150,CE,SELL,78.05,0.25,NIFTY
2022-11-01 13:48:01,18150,PE,SELL,103.05,0.0,NIFTY
2022-11-01 13:48:01,18200,CE,BUY,56.1,,NIFTY
2022-11-01 13:48:01,18200,PE,BUY,131.55,,NIFTY
2022-11-01 13:55:53,18200,CE,SELL,57.6,1.5,NIFTY
2022-11-01 13:55:53,18200,PE,SELL,131.2,-0.35000000000002274,NIFTY
2022-11-01 13:55:53,18150,CE,BUY,79.25,,NIFTY
2022-11-01 13:55:53,18150,PE,BUY,103.0,,NIFTY
2022-11-01 13:55:59,18150,CE,SELL,78.25,-1.0,NIFTY
2022-11-01 13:55:59,18150,PE,SELL,103.2,0.20000000000000284,NIFTY
2022-11-01 13:55:59,18200,CE,BUY,56.7,,NIFTY
2022-11-01 13:55:59,18200,PE,BUY,131.5,,NIFTY
2022-11-01 13:56:00,18200,CE,SELL,56.35,-0.3500000000000014,NIFTY
2022-11-01 13:56:00,18200,PE,SELL,131.95,0.44999999999998863,NIFTY
2022-11-01 13:56:00,18150,CE,BUY,78.4,,NIFTY
2022-11-01 13:56:00,18150,PE,BUY,103.7,,NIFTY
2022-11-01 13:56:16,18150,CE,SELL,78.7,0.29999999999999716,NIFTY
2022-11-01 13:56:16,18150,PE,SELL,102.85,-0.8500000000000085,NIFTY
2022-11-01 13:56:16,18200,CE,BUY,57.0,,NIFTY
2022-11-01 13:56:16,18200,PE,BUY,131.25,,NIFTY
2022-11-01 13:56:17,18200,CE,SELL,56.8,-0.20000000000000284,NIFTY
2022-11-01 13:56:17,18200,PE,SELL,131.25,0.0,NIFTY
2022-11-01 13:56:17,18150,CE,BUY,78.45,,NIFTY
2022-11-01 13:56:17,18150,PE,BUY,102.85,,NIFTY
2022-11-01 13:56:27,18150,CE,SELL,77.85,-0.6000000000000085,NIFTY
2022-11-01 13:56:27,18150,PE,SELL,103.65,0.8000000000000114,NIFTY
2022-11-01 13:56:27,18200,CE,BUY,56.45,,NIFTY
2022-11-01 13:56:27,18200,PE,BUY,131.85,,NIFTY
2022-11-01 13:56:28,18200,CE,SELL,56.45,0.0,NIFTY
2022-11-01 13:56:28,18200,PE,SELL,131.4,-0.44999999999998863,NIFTY
2022-11-01 13:56:28,18150,CE,BUY,77.85,,NIFTY
2022-11-01 13:56:28,18150,PE,BUY,103.2,,NIFTY
2022-11-01 13:56:31,18150,CE,SELL,78.95,1.1000000000000085,NIFTY
2022-11-01 13:56:31,18150,PE,SELL,103.15,-0.04999999999999716,NIFTY
2022-11-01 13:56:31,18200,CE,BUY,57.15,,NIFTY
2022-11-01 13:56:31,18200,PE,BUY,131.1,,NIFTY
2022-11-01 13:56:32,18200,CE,SELL,57.35,0.20000000000000284,NIFTY
2022-11-01 13:56:32,18200,PE,SELL,130.0,-1.0999999999999943,NIFTY
2022-11-01 13:56:32,18150,CE,BUY,79.2,,NIFTY
2022-11-01 13:56:32,18150,PE,BUY,102.3,,NIFTY
2022-11-01 13:56:33,18150,CE,SELL,79.35,0.14999999999999147,NIFTY
2022-11-01 13:56:33,18150,PE,SELL,101.85,-0.45000000000000284,NIFTY
2022-11-01 13:56:33,18200,CE,BUY,57.7,,NIFTY
2022-11-01 13:56:33,18200,PE,BUY,130.0,,NIFTY
2022-11-01 13:56:37,18200,CE,SELL,57.7,0.0,NIFTY
2022-11-01 13:56:37,18200,PE,SELL,129.5,-0.5,NIFTY
2022-11-01 13:56:37,18150,CE,BUY,79.85,,NIFTY
2022-11-01 13:56:37,18150,PE,BUY,101.7,,NIFTY
2022-11-01 13:56:39,18150,CE,SELL,79.6,-0.25,NIFTY
2022-11-01 13:56:39,18150,PE,SELL,101.85,0.14999999999999147,NIFTY
2022-11-01 13:56:39,18200,CE,BUY,57.65,,NIFTY
2022-11-01 13:56:39,18200,PE,BUY,129.45,,NIFTY
2022-11-01 13:56:41,18200,CE,SELL,57.6,-0.04999999999999716,NIFTY
2022-11-01 13:56:41,18200,PE,SELL,130.35,0.9000000000000057,NIFTY
2022-11-01 13:56:41,18150,CE,BUY,79.5,,NIFTY
2022-11-01 13:56:41,18150,PE,BUY,102.6,,NIFTY
2022-11-01 13:56:42,18150,CE,SELL,79.45,-0.04999999999999716,NIFTY
2022-11-01 13:56:42,18150,PE,SELL,102.55,-0.04999999999999716,NIFTY
2022-11-01 13:56:42,18200,CE,BUY,57.55,,NIFTY
2022-11-01 13:56:42,18200,PE,BUY,130.35,,NIFTY
2022-11-01 13:56:43,18200,CE,SELL,57.35,-0.19999999999999574,NIFTY
2022-11-01 13:56:43,18200,PE,SELL,130.35,0.0,NIFTY
2022-11-01 13:56:43,18150,CE,BUY,79.15,,NIFTY
2022-11-01 13:56:43,18150,PE,BUY,102.9,,NIFTY
2022-11-01 13:56:46,18150,CE,SELL,79.0,-0.15000000000000568,NIFTY
2022-11-01 13:56:46,18150,PE,SELL,102.65,-0.25,NIFTY
2022-11-01 13:56:46,18200,CE,BUY,57.4,,NIFTY
2022-11-01 13:56:46,18200,PE,BUY,130.6,,NIFTY
2022-11-01 13:56:47,18200,CE,SELL,57.65,0.25,NIFTY
2022-11-01 13:56:47,18200,PE,SELL,130.7,0.09999999999999432,NIFTY
2022-11-01 13:56:47,18150,CE,BUY,79.45,,NIFTY
2022-11-01 13:56:47,18150,PE,BUY,102.65,,NIFTY
2022-11-01 13:56:49,18150,CE,SELL,79.3,-0.15000000000000568,NIFTY
2022-11-01 13:56:49,18150,PE,SELL,102.45,-0.20000000000000284,NIFTY
2022-11-01 13:56:49,18200,CE,BUY,57.6,,NIFTY
2022-11-01 13:56:49,18200,PE,BUY,130.7,,NIFTY
2022-11-01 13:56:50,18200,CE,SELL,57.45,-0.14999999999999858,NIFTY
2022-11-01 13:56:50,18200,PE,SELL,130.4,-0.29999999999998295,NIFTY
2022-11-01 13:56:50,18150,CE,BUY,79.45,,NIFTY
2022-11-01 13:56:50,18150,PE,BUY,102.6,,NIFTY
2022-11-01 13:56:52,18150,CE,SELL,79.45,0.0,NIFTY
2022-11-01 13:56:52,18150,PE,SELL,102.6,0.0,NIFTY
2022-11-01 13:56:52,18200,CE,BUY,57.6,,NIFTY
2022-11-01 13:56:52,18200,PE,BUY,130.45,,NIFTY
2022-11-01 13:56:55,18200,CE,SELL,57.7,0.10000000000000142,NIFTY
2022-11-01 13:56:55,18200,PE,SELL,130.4,-0.04999999999998295,NIFTY
2022-11-01 13:56:55,18150,CE,BUY,79.6,,NIFTY
2022-11-01 13:56:55,18150,PE,BUY,102.65,,NIFTY
2022-11-01 13:56:56,18150,CE,SELL,79.15,-0.44999999999998863,NIFTY
2022-11-01 13:56:56,18150,PE,SELL,102.65,0.0,NIFTY
2022-11-01 13:56:56,18200,CE,BUY,57.3,,NIFTY
2022-11-01 13:56:56,18200,PE,BUY,130.4,,NIFTY
2022-11-01 13:56:58,18200,CE,SELL,57.3,0.0,NIFTY
2022-11-01 13:56:58,18200,PE,SELL,130.6,0.19999999999998863,NIFTY
2022-11-01 13:56:58,18150,CE,BUY,79.1,,NIFTY
2022-11-01 13:56:58,18150,PE,BUY,103.05,,NIFTY
2022-11-01 13:57:00,18150,CE,SELL,78.9,-0.19999999999998863,NIFTY
2022-11-01 13:57:00,18150,PE,SELL,103.15,0.10000000000000853,NIFTY
2022-11-01 13:57:00,18200,CE,BUY,57.2,,NIFTY
2022-11-01 13:57:00,18200,PE,BUY,131.3,,NIFTY
2022-11-01 13:57:02,18200,CE,SELL,56.4,-0.8000000000000043,NIFTY
2022-11-01 13:57:02,18200,PE,SELL,132.5,1.1999999999999886,NIFTY
2022-11-01 13:57:02,18150,CE,BUY,78.2,,NIFTY
2022-11-01 13:57:02,18150,PE,BUY,104.35,,NIFTY
2022-11-01 13:57:10,18150,CE,SELL,78.55,0.3499999999999943,NIFTY
2022-11-01 13:57:10,18150,PE,SELL,103.25,-1.0999999999999943,NIFTY
2022-11-01 13:57:10,18200,CE,BUY,56.75,,NIFTY
2022-11-01 13:57:10,18200,PE,BUY,131.15,,NIFTY
2022-11-01 13:57:28,18200,CE,SELL,56.85,0.10000000000000142,NIFTY
2022-11-01 13:57:28,18200,PE,SELL,131.7,0.549999999999983,NIFTY
2022-11-01 13:57:28,18150,CE,BUY,78.65,,NIFTY
2022-11-01 13:57:28,18150,PE,BUY,103.4,,NIFTY
2022-11-01 13:57:52,18150,CE,SELL,79.2,0.5499999999999972,NIFTY
2022-11-01 13:57:52,18150,PE,SELL,102.85,-0.5500000000000114,NIFTY
2022-11-01 13:57:52,18200,CE,BUY,57.4,,NIFTY
2022-11-01 13:57:52,18200,PE,BUY,130.9,,NIFTY
2022-11-01 13:57:53,18200,CE,SELL,57.25,-0.14999999999999858,NIFTY
2022-11-01 13:57:53,18200,PE,SELL,130.9,0.0,NIFTY
2022-11-01 13:57:53,18150,CE,BUY,79.15,,NIFTY
2022-11-01 13:57:53,18150,PE,BUY,103.0,,NIFTY
2022-11-01 13:57:54,18150,CE,SELL,79.65,0.5,NIFTY
2022-11-01 13:57:54,18150,PE,SELL,102.35,-0.6500000000000057,NIFTY
2022-11-01 13:57:54,18200,CE,BUY,57.6,,NIFTY
2022-11-01 13:57:54,18200,PE,BUY,130.5,,NIFTY
2022-11-01 13:57:56,18200,CE,SELL,57.65,0.04999999999999716,NIFTY
2022-11-01 13:57:56,18200,PE,SELL,130.35,-0.15000000000000568,NIFTY
2022-11-01 13:57:56,18150,CE,BUY,79.7,,NIFTY
2022-11-01 13:57:56,18150,PE,BUY,102.75,,NIFTY
2022-11-01 13:57:57,18150,CE,SELL,80.05,0.3499999999999943,NIFTY
2022-11-01 13:57:57,18150,PE,SELL,102.5,-0.25,NIFTY
2022-11-01 13:57:57,18200,CE,BUY,57.95,,NIFTY
2022-11-01 13:57:57,18200,PE,BUY,130.0,,NIFTY
2022-11-01 13:58:36,18200,CE,SELL,56.7,-1.25,NIFTY
2022-11-01 13:58:36,18200,PE,SELL,131.4,1.4000000000000057,NIFTY
2022-11-01 13:58:36,18150,CE,BUY,78.65,,NIFTY
2022-11-01 13:58:36,18150,PE,BUY,103.45,,NIFTY
2022-11-01 14:13:28,18150,CE,SELL,78.65,0.0,NIFTY
2022-11-01 14:13:28,18150,PE,SELL,103.15,-0.29999999999999716,NIFTY
2022-11-01 14:13:28,18200,CE,BUY,56.6,,NIFTY
2022-11-01 14:13:28,18200,PE,BUY,130.85,,NIFTY
2022-11-01 14:13:30,18200,CE,SELL,56.7,0.10000000000000142,NIFTY
2022-11-01 14:13:30,18200,PE,SELL,131.7,0.8499999999999943,NIFTY
2022-11-01 14:13:30,18150,CE,BUY,78.75,,NIFTY
2022-11-01 14:13:30,18150,PE,BUY,103.5,,NIFTY
2022-11-01 14:13:32,18150,CE,SELL,78.3,-0.45000000000000284,NIFTY
2022-11-01 14:13:32,18150,PE,SELL,103.8,0.29999999999999716,NIFTY
2022-11-01 14:13:32,18200,CE,BUY,56.35,,NIFTY
2022-11-01 14:13:32,18200,PE,BUY,131.9,,NIFTY
2022-11-01 14:13:35,18200,CE,SELL,56.1,-0.25,NIFTY
2022-11-01 14:13:35,18200,PE,SELL,132.25,0.3499999999999943,NIFTY
2022-11-01 14:13:35,18150,CE,BUY,77.8,,NIFTY
2022-11-01 14:13:35,18150,PE,BUY,103.95,,NIFTY
2022-11-01 14:13:45,18150,CE,SELL,78.3,0.5,NIFTY
2022-11-01 14:13:45,18150,PE,SELL,103.6,-0.3500000000000085,NIFTY
2022-11-01 14:13:45,18200,CE,BUY,56.25,,NIFTY
2022-11-01 14:13:45,18200,PE,BUY,131.6,,NIFTY
2022-11-01 14:13:46,18200,CE,SELL,56.4,0.14999999999999858,NIFTY
2022-11-01 14:13:46,18200,PE,SELL,131.45,-0.15000000000000568,NIFTY
2022-11-01 14:13:46,18150,CE,BUY,78.1,,NIFTY
2022-11-01 14:13:46,18150,PE,BUY,103.45,,NIFTY
2022-11-01 14:13:48,18150,CE,SELL,78.6,0.5,NIFTY
2022-11-01 14:13:48,18150,PE,SELL,103.15,-0.29999999999999716,NIFTY
2022-11-01 14:13:48,18200,CE,BUY,56.5,,NIFTY
2022-11-01 14:13:48,18200,PE,BUY,131.4,,NIFTY
2022-11-01 14:13:49,18200,CE,SELL,56.55,0.04999999999999716,NIFTY
2022-11-01 14:13:49,18200,PE,SELL,131.6,0.19999999999998863,NIFTY
2022-11-01 14:13:49,18150,CE,BUY,78.5,,NIFTY
2022-11-01 14:13:49,18150,PE,BUY,103.25,,NIFTY
2022-11-01 14:13:50,18150,CE,SELL,78.0,-0.5,NIFTY
2022-11-01 14:13:50,18150,PE,SELL,103.5,0.25,NIFTY
2022-11-01 14:13:50,18200,CE,BUY,56.2,,NIFTY
2022-11-01 14:13:50,18200,PE,BUY,131.45,,NIFTY
2022-11-01 14:13:52,18200,CE,SELL,55.65,-0.5500000000000043,NIFTY
2022-11-01 14:13:52,18200,PE,SELL,132.7,1.25,NIFTY
2022-11-01 14:13:52,18150,CE,BUY,77.4,,NIFTY
2022-11-01 14:13:52,18150,PE,BUY,104.6,,NIFTY
2022-11-01 14:15:46,18150,CE,SELL,79.05,1.6499999999999915,NIFTY
2022-11-01 14:15:46,18150,PE,SELL,103.0,-1.5999999999999943,NIFTY
2022-11-01 14:15:46,18200,CE,BUY,56.95,,NIFTY
2022-11-01 14:15:46,18200,PE,BUY,130.7,,NIFTY
2022-11-01 14:15:47,18200,CE,SELL,57.0,0.04999999999999716,NIFTY
2022-11-01 14:15:47,18200,PE,SELL,130.9,0.20000000000001705,NIFTY
2022-11-01 14:15:47,18150,CE,BUY,79.15,,NIFTY
2022-11-01 14:15:47,18150,PE,BUY,103.1,,NIFTY
2022-11-01 14:15:49,18150,CE,SELL,78.75,-0.4000000000000057,NIFTY
2022-11-01 14:15:49,18150,PE,SELL,103.25,0.15000000000000568,NIFTY
2022-11-01 14:15:49,18200,CE,BUY,56.95,,NIFTY
2022-11-01 14:15:49,18200,PE,BUY,131.0,,NIFTY
2022-11-01 14:15:53,18200,CE,SELL,56.85,-0.10000000000000142,NIFTY
2022-11-01 14:15:53,18200,PE,SELL,131.2,0.19999999999998863,NIFTY
2022-11-01 14:15:53,18150,CE,BUY,78.9,,NIFTY
2022-11-01 14:15:53,18150,PE,BUY,103.5,,NIFTY
2022-11-01 14:15:54,18150,CE,SELL,78.9,0.0,NIFTY
2022-11-01 14:15:54,18150,PE,SELL,103.3,-0.20000000000000284,NIFTY
2022-11-01 14:15:54,18200,CE,BUY,56.85,,NIFTY
2022-11-01 14:15:54,18200,PE,BUY,130.65,,NIFTY
2022-11-01 14:16:00,18200,CE,SELL,57.0,0.14999999999999858,NIFTY
2022-11-01 14:16:00,18200,PE,SELL,130.95,0.29999999999998295,NIFTY
2022-11-01 14:16:00,18150,CE,BUY,79.0,,NIFTY
2022-11-01 14:16:00,18150,PE,BUY,103.0,,NIFTY
2022-11-01 14:16:04,18150,CE,SELL,78.95,-0.04999999999999716,NIFTY
2022-11-01 14:16:04,18150,PE,SELL,103.15,0.15000000000000568,NIFTY
2022-11-01 14:16:04,18200,CE,BUY,56.7,,NIFTY
2022-11-01 14:16:04,18200,PE,BUY,131.2,,NIFTY
2022-11-01 14:20:37,18200,CE,SELL,55.95,-0.75,NIFTY
2022-11-01 14:20:37,18200,PE,SELL,133.4,2.200000000000017,NIFTY
2022-11-01 14:20:37,18150,CE,BUY,77.9,,NIFTY
2022-11-01 14:20:37,18150,PE,BUY,105.25,,NIFTY
2022-11-01 14:20:44,18150,CE,SELL,79.3,1.3999999999999915,NIFTY
2022-11-01 14:20:44,18150,PE,SELL,103.35,-1.9000000000000057,NIFTY
2022-11-01 14:20:44,18200,CE,BUY,57.25,,NIFTY
2022-11-01 14:20:44,18200,PE,BUY,131.3,,NIFTY
2022-11-01 14:20:49,18200,CE,SELL,56.9,-0.3500000000000014,NIFTY
2022-11-01 14:20:49,18200,PE,SELL,132.05,0.75,NIFTY
2022-11-01 14:20:49,18150,CE,BUY,78.9,,NIFTY
2022-11-01 14:20:49,18150,PE,BUY,104.05,,NIFTY
2022-11-01 14:20:58,18150,CE,SELL,79.2,0.29999999999999716,NIFTY
2022-11-01 14:20:58,18150,PE,SELL,103.5,-0.5499999999999972,NIFTY
2022-11-01 14:20:58,18200,CE,BUY,57.05,,NIFTY
2022-11-01 14:20:58,18200,PE,BUY,131.25,,NIFTY
2022-11-01 14:21:23,18200,CE,SELL,56.55,-0.5,NIFTY
2022-11-01 14:21:23,18200,PE,SELL,132.75,1.5,NIFTY
2022-11-01 14:21:23,18150,CE,BUY,78.55,,NIFTY
2022-11-01 14:21:23,18150,PE,BUY,104.8,,NIFTY
2022-11-01 14:21:25,18150,CE,SELL,78.8,0.25,NIFTY
2022-11-01 14:21:25,18150,PE,SELL,104.8,0.0,NIFTY
2022-11-01 14:21:25,18200,CE,BUY,56.95,,NIFTY
2022-11-01 14:21:25,18200,PE,BUY,133.0,,NIFTY
2022-11-01 14:21:27,18200,CE,SELL,56.65,-0.30000000000000426,NIFTY
2022-11-01 14:21:27,18200,PE,SELL,133.1,0.09999999999999432,NIFTY
2022-11-01 14:21:27,18150,CE,BUY,78.45,,NIFTY
2022-11-01 14:21:27,18150,PE,BUY,104.8,,NIFTY
2022-11-01 14:21:29,18150,CE,SELL,78.4,-0.04999999999999716,NIFTY
2022-11-01 14:21:29,18150,PE,SELL,104.9,0.10000000000000853,NIFTY
2022-11-01 14:21:29,18200,CE,BUY,56.5,,NIFTY
2022-11-01 14:21:29,18200,PE,BUY,132.95,,NIFTY
2022-11-01 14:22:39,18200,CE,SELL,56.95,0.45000000000000284,NIFTY
2022-11-01 14:22:39,18200,PE,SELL,133.1,0.15000000000000568,NIFTY
2022-11-01 14:22:39,18150,CE,BUY,78.95,,NIFTY
2022-11-01 14:22:39,18150,PE,BUY,104.9,,NIFTY
2022-11-01 14:22:48,18150,CE,SELL,79.45,0.5,NIFTY
2022-11-01 14:22:48,18150,PE,SELL,103.6,-1.3000000000000114,NIFTY
2022-11-01 14:22:48,18200,CE,BUY,57.45,,NIFTY
2022-11-01 14:22:48,18200,PE,BUY,131.55,,NIFTY
2022-11-01 14:24:34,18200,CE,SELL,56.85,-0.6000000000000014,NIFTY
2022-11-01 14:24:34,18200,PE,SELL,133.0,1.4499999999999886,NIFTY
2022-11-01 14:24:34,18150,CE,BUY,78.75,,NIFTY
2022-11-01 14:24:34,18150,PE,BUY,104.8,,NIFTY
2022-11-01 14:25:47,18150,CE,SELL,78.15,-0.5999999999999943,NIFTY
2022-11-01 14:25:47,18150,PE,SELL,104.65,-0.14999999999999147,NIFTY
2022-11-01 14:25:47,18200,CE,BUY,56.65,,NIFTY
2022-11-01 14:25:47,18200,PE,BUY,132.95,,NIFTY
2022-11-01 14:25:57,18200,CE,SELL,56.75,0.10000000000000142,NIFTY
2022-11-01 14:25:57,18200,PE,SELL,133.4,0.45000000000001705,NIFTY
2022-11-01 14:25:57,18150,CE,BUY,78.4,,NIFTY
2022-11-01 14:25:57,18150,PE,BUY,105.25,,NIFTY
2022-11-01 14:30:46,18150,CE,SELL,78.7,0.29999999999999716,NIFTY
2022-11-01 14:30:46,18150,PE,SELL,104.05,-1.2000000000000028,NIFTY
2022-11-01 14:30:46,18200,CE,BUY,56.8,,NIFTY
2022-11-01 14:30:46,18200,PE,BUY,132.05,,NIFTY
2022-11-01 14:31:10,18200,CE,SELL,56.7,-0.09999999999999432,NIFTY
2022-11-01 14:31:10,18200,PE,SELL,133.55,1.5,NIFTY
2022-11-01 14:31:10,18150,CE,BUY,78.1,,NIFTY
2022-11-01 14:31:10,18150,PE,BUY,105.55,,NIFTY
2022-11-01 14:31:17,18150,CE,SELL,79.25,1.1500000000000057,NIFTY
2022-11-01 14:31:17,18150,PE,SELL,103.95,-1.5999999999999943,NIFTY
2022-11-01 14:31:17,18200,CE,BUY,57.3,,NIFTY
2022-11-01 14:31:17,18200,PE,BUY,132.0,,NIFTY
2022-11-01 14:31:19,18200,CE,SELL,56.85,-0.44999999999999574,NIFTY
2022-11-01 14:31:19,18200,PE,SELL,133.0,1.0,NIFTY
2022-11-01 14:31:19,18150,CE,BUY,78.95,,NIFTY
2022-11-01 14:31:19,18150,PE,BUY,104.9,,NIFTY
2022-11-01 14:31:33,18150,CE,SELL,79.25,0.29999999999999716,NIFTY
2022-11-01 14:31:33,18150,PE,SELL,104.7,-0.20000000000000284,NIFTY
2022-11-01 14:31:33,18200,CE,BUY,57.05,,NIFTY
2022-11-01 14:31:33,18200,PE,BUY,132.35,,NIFTY
2022-11-01 14:31:38,18200,CE,SELL,56.85,-0.19999999999999574,NIFTY
2022-11-01 14:31:38,18200,PE,SELL,133.25,0.9000000000000057,NIFTY
2022-11-01 14:31:38,18150,CE,BUY,78.75,,NIFTY
2022-11-01 14:31:38,18150,PE,BUY,105.4,,NIFTY
2022-11-01 14:31:45,18150,CE,SELL,79.3,0.5499999999999972,NIFTY
2022-11-01 14:31:45,18150,PE,SELL,104.6,-0.8000000000000114,NIFTY
2022-11-01 14:31:45,18200,CE,BUY,57.15,,NIFTY
2022-11-01 14:31:45,18200,PE,BUY,132.6,,NIFTY
2022-11-01 14:31:47,18200,CE,SELL,56.7,-0.44999999999999574,NIFTY
2022-11-01 14:31:47,18200,PE,SELL,133.1,0.5,NIFTY
2022-11-01 14:31:47,18150,CE,BUY,78.6,,NIFTY
2022-11-01 14:31:47,18150,PE,BUY,105.6,,NIFTY
2022-11-01 14:35:43,18150,CE,SELL,79.05,0.45000000000000284,NIFTY
2022-11-01 14:35:43,18150,PE,SELL,103.6,-2.0,NIFTY
2022-11-01 14:35:43,18200,CE,BUY,57.05,,NIFTY
2022-11-01 14:35:43,18200,PE,BUY,131.3,,NIFTY
2022-11-01 14:37:21,18200,CE,SELL,56.75,-0.29999999999999716,NIFTY
2022-11-01 14:37:21,18200,PE,SELL,132.7,1.3999999999999773,NIFTY
2022-11-01 14:37:21,18150,CE,BUY,78.55,,NIFTY
2022-11-01 14:37:21,18150,PE,BUY,105.05,,NIFTY
2022-11-01 14:37:43,18150,CE,SELL,78.95,0.4000000000000057,NIFTY
2022-11-01 14:37:43,18150,PE,SELL,104.0,-1.0499999999999972,NIFTY
2022-11-01 14:37:43,18200,CE,BUY,57.0,,NIFTY
2022-11-01 14:37:43,18200,PE,BUY,132.15,,NIFTY
2022-11-01 14:37:44,18200,CE,SELL,57.0,0.0,NIFTY
2022-11-01 14:37:44,18200,PE,SELL,132.7,0.549999999999983,NIFTY
2022-11-01 14:37:44,18150,CE,BUY,78.9,,NIFTY
2022-11-01 14:37:44,18150,PE,BUY,104.2,,NIFTY
2022-11-01 14:37:46,18150,CE,SELL,78.55,-0.3500000000000085,NIFTY
2022-11-01 14:37:46,18150,PE,SELL,104.65,0.45000000000000284,NIFTY
2022-11-01 14:37:46,18200,CE,BUY,56.7,,NIFTY
2022-11-01 14:37:46,18200,PE,BUY,133.0,,NIFTY
2022-11-01 14:37:57,18200,CE,SELL,56.65,-0.05000000000000426,NIFTY
2022-11-01 14:37:57,18200,PE,SELL,133.45,0.44999999999998863,NIFTY
2022-11-01 14:37:57,18150,CE,BUY,78.4,,NIFTY
2022-11-01 14:37:57,18150,PE,BUY,105.15,,NIFTY
2022-11-01 14:40:51,18150,CE,SELL,78.8,0.3999999999999915,NIFTY
2022-11-01 14:40:51,18150,PE,SELL,104.55,-0.6000000000000085,NIFTY
2022-11-01 14:40:51,18200,CE,BUY,57.05,,NIFTY
2022-11-01 14:40:51,18200,PE,BUY,132.5,,NIFTY
2022-11-01 14:57:14,18200,CE,SELL,52.2,-4.849999999999994,NIFTY
2022-11-01 14:57:14,18200,PE,SELL,134.65,2.1500000000000057,NIFTY
2022-11-01 14:57:14,18150,CE,BUY,73.25,,NIFTY
2022-11-01 14:57:14,18150,PE,BUY,106.2,,NIFTY
2022-11-01 14:57:50,18150,CE,SELL,73.75,0.5,NIFTY
2022-11-01 14:57:50,18150,PE,SELL,105.7,-0.5,NIFTY
2022-11-01 14:57:50,18200,CE,BUY,52.5,,NIFTY
2022-11-01 14:57:50,18200,PE,BUY,134.4,,NIFTY
2022-11-01 14:57:52,18200,CE,SELL,52.05,-0.45000000000000284,NIFTY
2022-11-01 14:57:52,18200,PE,SELL,134.35,-0.05000000000001137,NIFTY
2022-11-01 14:57:52,18150,CE,BUY,73.3,,NIFTY
2022-11-01 14:57:52,18150,PE,BUY,106.3,,NIFTY
2022-11-01 14:57:59,18150,CE,SELL,74.25,0.9500000000000028,NIFTY
2022-11-01 14:57:59,18150,PE,SELL,106.0,-0.29999999999999716,NIFTY
2022-11-01 14:57:59,18200,CE,BUY,52.85,,NIFTY
2022-11-01 14:57:59,18200,PE,BUY,133.95,,NIFTY
2022-11-01 14:58:01,18200,CE,SELL,52.9,0.04999999999999716,NIFTY
2022-11-01 14:58:01,18200,PE,SELL,134.75,0.8000000000000114,NIFTY
2022-11-01 14:58:01,18150,CE,BUY,74.3,,NIFTY
2022-11-01 14:58:01,18150,PE,BUY,106.55,,NIFTY
2022-11-01 14:58:05,18150,CE,SELL,73.0,-1.2999999999999972,NIFTY
2022-11-01 14:58:05,18150,PE,SELL,107.25,0.7000000000000028,NIFTY
2022-11-01 14:58:05,18200,CE,BUY,51.9,,NIFTY
2022-11-01 14:58:05,18200,PE,BUY,136.3,,NIFTY
2022-11-01 14:58:06,18200,CE,SELL,51.5,-0.3999999999999986,NIFTY
2022-11-01 14:58:06,18200,PE,SELL,136.6,0.29999999999998295,NIFTY
2022-11-01 14:58:06,18150,CE,BUY,72.55,,NIFTY
2022-11-01 14:58:06,18150,PE,BUY,108.1,,NIFTY
2022-11-01 14:59:28,18150,CE,SELL,73.95,1.4000000000000057,NIFTY
2022-11-01 14:59:28,18150,PE,SELL,106.85,-1.25,NIFTY
2022-11-01 14:59:28,18200,CE,BUY,52.65,,NIFTY
2022-11-01 14:59:28,18200,PE,BUY,135.55,,NIFTY
2022-11-01 15:00:16,18200,CE,SELL,52.95,0.30000000000000426,NIFTY
2022-11-01 15:00:16,18200,PE,SELL,135.35,-0.20000000000001705,NIFTY
2022-11-01 15:00:16,18150,CE,BUY,74.1,,NIFTY
2022-11-01 15:00:16,18150,PE,BUY,106.8,,NIFTY
2022-11-01 15:00:17,18150,CE,SELL,74.7,0.6000000000000085,NIFTY
2022-11-01 15:00:17,18150,PE,SELL,106.1,-0.7000000000000028,NIFTY
2022-11-01 15:00:17,18200,CE,BUY,53.3,,NIFTY
2022-11-01 15:00:17,18200,PE,BUY,134.3,,NIFTY
2022-11-01 15:30:00,18200,CE,SELL,67.6,14.299999999999997,NIFTY
2022-11-01 15:30:00,18200,PE,SELL,105.1,-29.200000000000017,NIFTY
2022-11-02 09:15:01,18200,CE,BUY,64.0,,NIFTY
2022-11-02 09:15:01,18200,PE,BUY,96.05,,NIFTY
2022-11-02 09:31:13,18200,CE,SELL,48.0,-16.0,NIFTY
2022-11-02 09:31:13,18200,PE,SELL,125.8,29.75,NIFTY
2022-11-02 09:31:13,18150,CE,BUY,69.5,,NIFTY
2022-11-02 09:31:13,18150,PE,BUY,97.2,,NIFTY
2022-11-02 09:33:09,18150,CE,SELL,69.2,-0.29999999999999716,NIFTY
2022-11-02 09:33:09,18150,PE,SELL,98.75,1.5499999999999972,NIFTY
2022-11-02 09:33:09,18200,CE,BUY,47.8,,NIFTY
2022-11-02 09:33:09,18200,PE,BUY,127.2,,NIFTY
2022-11-02 09:33:13,18200,CE,SELL,47.7,-0.09999999999999432,NIFTY
2022-11-02 09:33:13,18200,PE,SELL,127.2,0.0,NIFTY
2022-11-02 09:33:13,18150,CE,BUY,69.1,,NIFTY
2022-11-02 09:33:13,18150,PE,BUY,98.45,,NIFTY
2022-11-02 09:33:15,18150,CE,SELL,69.05,-0.04999999999999716,NIFTY
2022-11-02 09:33:15,18150,PE,SELL,98.25,-0.20000000000000284,NIFTY
2022-11-02 09:33:15,18200,CE,BUY,47.75,,NIFTY
2022-11-02 09:33:15,18200,PE,BUY,126.85,,NIFTY
2022-11-02 09:33:16,18200,CE,SELL,47.6,-0.14999999999999858,NIFTY
2022-11-02 09:33:16,18200,PE,SELL,126.7,-0.14999999999999147,NIFTY
2022-11-02 09:33:16,18150,CE,BUY,68.85,,NIFTY
2022-11-02 09:33:16,18150,PE,BUY,98.85,,NIFTY
2022-11-02 09:33:29,18150,CE,SELL,69.55,0.7000000000000028,NIFTY
2022-11-02 09:33:29,18150,PE,SELL,97.8,-1.0499999999999972,NIFTY
2022-11-02 09:33:29,18200,CE,BUY,48.2,,NIFTY
2022-11-02 09:33:29,18200,PE,BUY,126.5,,NIFTY
2022-11-02 09:33:41,18200,CE,SELL,47.8,-0.4000000000000057,NIFTY
2022-11-02 09:33:41,18200,PE,SELL,126.9,0.4000000000000057,NIFTY
2022-11-02 09:33:41,18150,CE,BUY,69.15,,NIFTY
2022-11-02 09:33:41,18150,PE,BUY,98.35,,NIFTY
2022-11-02 09:33:43,18150,CE,SELL,69.3,0.14999999999999147,NIFTY
2022-11-02 09:33:43,18150,PE,SELL,98.2,-0.14999999999999147,NIFTY
2022-11-02 09:33:43,18200,CE,BUY,47.95,,NIFTY
2022-11-02 09:33:43,18200,PE,BUY,126.9,,NIFTY
2022-11-02 09:33:45,18200,CE,SELL,47.35,-0.6000000000000014,NIFTY
2022-11-02 09:33:45,18200,PE,SELL,127.9,1.0,NIFTY
2022-11-02 09:33:45,18150,CE,BUY,68.7,,NIFTY
2022-11-02 09:33:45,18150,PE,BUY,99.3,,NIFTY
2022-11-02 09:37:00,18150,CE,SELL,70.1,1.3999999999999915,NIFTY
2022-11-02 09:37:00,18150,PE,SELL,97.8,-1.5,NIFTY
2022-11-02 09:37:00,18200,CE,BUY,48.4,,NIFTY
2022-11-02 09:37:00,18200,PE,BUY,126.45,,NIFTY
2022-11-02 09:37:01,18200,CE,SELL,48.55,0.14999999999999858,NIFTY
2022-11-02 09:37:01,18200,PE,SELL,126.0,-0.45000000000000284,NIFTY
2022-11-02 09:37:01,18150,CE,BUY,69.95,,NIFTY
2022-11-02 09:37:01,18150,PE,BUY,97.7,,NIFTY
2022-11-02 09:37:17,18150,CE,SELL,70.1,0.14999999999999147,NIFTY
2022-11-02 09:37:17,18150,PE,SELL,96.9,-0.7999999999999972,NIFTY
2022-11-02 09:37:17,18200,CE,BUY,48.6,,NIFTY
2022-11-02 09:37:17,18200,PE,BUY,125.35,,NIFTY
2022-11-02 09:37:18,18200,CE,SELL,48.55,-0.05000000000000426,NIFTY
2022-11-02 09:37:18,18200,PE,SELL,125.75,0.4000000000000057,NIFTY
2022-11-02 09:37:18,18150,CE,BUY,70.05,,NIFTY
2022-11-02 09:37:18,18150,PE,BUY,97.25,,NIFTY
2022-11-02 09:37:23,18150,CE,SELL,70.4,0.3500000000000085,NIFTY
2022-11-02 09:37:23,18150,PE,SELL,97.0,-0.25,NIFTY
2022-11-02 09:37:23,18200,CE,BUY,48.75,,NIFTY
2022-11-02 09:37:23,18200,PE,BUY,125.5,,NIFTY
2022-11-02 09:37:24,18200,CE,SELL,48.75,0.0,NIFTY
2022-11-02 09:37:24,18200,PE,SELL,125.25,-0.25,NIFTY
2022-11-02 09:37:24,18150,CE,BUY,70.4,,NIFTY
2022-11-02 09:37:24,18150,PE,BUY,96.9,,NIFTY
2022-11-02 09:37:27,18150,CE,SELL,70.7,0.29999999999999716,NIFTY
2022-11-02 09:37:27,18150,PE,SELL,96.25,-0.6500000000000057,NIFTY
2022-11-02 09:37:27,18200,CE,BUY,48.95,,NIFTY
2022-11-02 09:37:27,18200,PE,BUY,124.25,,NIFTY
2022-11-02 09:38:51,18200,CE,SELL,48.75,-0.20000000000000284,NIFTY
2022-11-02 09:38:51,18200,PE,SELL,124.7,0.45000000000000284,NIFTY
2022-11-02 09:38:51,18150,CE,BUY,70.6,,NIFTY
2022-11-02 09:38:51,18150,PE,BUY,96.35,,NIFTY
2022-11-02 09:38:52,18150,CE,SELL,70.6,0.0,NIFTY
2022-11-02 09:38:52,18150,PE,SELL,96.9,0.5500000000000114,NIFTY
2022-11-02 09:38:52,18200,CE,BUY,48.75,,NIFTY
2022-11-02 09:38:52,18200,PE,BUY,125.35,,NIFTY
2022-11-02 09:38:54,18200,CE,SELL,48.7,-0.04999999999999716,NIFTY
2022-11-02 09:38:54,18200,PE,SELL,125.2,-0.14999999999999147,NIFTY
2022-11-02 09:38:54,18150,CE,BUY,70.7,,NIFTY
2022-11-02 09:38:54,18150,PE,BUY,97.3,,NIFTY
2022-11-02 09:38:58,18150,CE,SELL,71.1,0.3999999999999915,NIFTY
2022-11-02 09:38:58,18150,PE,SELL,96.35,-0.9500000000000028,NIFTY
2022-11-02 09:38:58,18200,CE,BUY,49.05,,NIFTY
2022-11-02 09:38:58,18200,PE,BUY,124.3,,NIFTY
2022-11-02 09:38:59,18200,CE,SELL,49.15,0.10000000000000142,NIFTY
2022-11-02 09:38:59,18200,PE,SELL,124.9,0.6000000000000085,NIFTY
2022-11-02 09:38:59,18150,CE,BUY,71.0,,NIFTY
2022-11-02 09:38:59,18150,PE,BUY,96.65,,NIFTY
2022-11-02 09:39:01,18150,CE,SELL,71.55,0.5499999999999972,NIFTY
2022-11-02 09:39:01,18150,PE,SELL,95.8,-0.8500000000000085,NIFTY
2022-11-02 09:39:01,18200,CE,BUY,49.5,,NIFTY
2022-11-02 09:39:01,18200,PE,BUY,123.8,,NIFTY
2022-11-02 09:40:36,18200,CE,SELL,48.9,-0.6000000000000014,NIFTY
2022-11-02 09:40:36,18200,PE,SELL,125.0,1.2000000000000028,NIFTY
2022-11-02 09:40:36,18150,CE,BUY,70.85,,NIFTY
2022-11-02 09:40:36,18150,PE,BUY,97.0,,NIFTY
2022-11-02 09:40:39,18150,CE,SELL,71.15,0.30000000000001137,NIFTY
2022-11-02 09:40:39,18150,PE,SELL,96.45,-0.5499999999999972,NIFTY
2022-11-02 09:40:39,18200,CE,BUY,49.05,,NIFTY
2022-11-02 09:40:39,18200,PE,BUY,124.4,,NIFTY
2022-11-02 09:41:00,18200,CE,SELL,48.8,-0.25,NIFTY
2022-11-02 09:41:00,18200,PE,SELL,124.35,-0.05000000000001137,NIFTY
2022-11-02 09:41:00,18150,CE,BUY,70.8,,NIFTY
2022-11-02 09:41:00,18150,PE,BUY,96.0,,NIFTY
2022-11-02 09:41:01,18150,CE,SELL,70.95,0.15000000000000568,NIFTY
2022-11-02 09:41:01,18150,PE,SELL,95.65,-0.3499999999999943,NIFTY
2022-11-02 09:41:01,18200,CE,BUY,49.0,,NIFTY
2022-11-02 09:41:01,18200,PE,BUY,123.95,,NIFTY
2022-11-02 09:54:31,18200,CE,SELL,48.25,-0.75,NIFTY
2022-11-02 09:54:31,18200,PE,SELL,125.25,1.2999999999999972,NIFTY
2022-11-02 09:54:31,18150,CE,BUY,69.8,,NIFTY
2022-11-02 09:54:31,18150,PE,BUY,97.05,,NIFTY
2022-11-02 09:54:39,18150,CE,SELL,71.45,1.6500000000000057,NIFTY
2022-11-02 09:54:39,18150,PE,SELL,95.6,-1.4500000000000028,NIFTY
2022-11-02 09:54:39,18200,CE,BUY,49.6,,NIFTY
2022-11-02 09:54:39,18200,PE,BUY,123.25,,NIFTY
2022-11-02 09:54:40,18200,CE,SELL,49.5,-0.10000000000000142,NIFTY
2022-11-02 09:54:40,18200,PE,SELL,122.8,-0.45000000000000284,NIFTY
2022-11-02 09:54:40,18150,CE,BUY,71.8,,NIFTY
2022-11-02 09:54:40,18150,PE,BUY,95.05,,NIFTY
2022-11-02 09:54:42,18150,CE,SELL,71.55,-0.25,NIFTY
2022-11-02 09:54:42,18150,PE,SELL,95.45,0.4000000000000057,NIFTY
2022-11-02 09:54:42,18200,CE,BUY,49.65,,NIFTY
2022-11-02 09:54:42,18200,PE,BUY,123.15,,NIFTY
2022-11-02 09:54:47,18200,CE,SELL,48.85,-0.7999999999999972,NIFTY
2022-11-02 09:54:47,18200,PE,SELL,124.65,1.5,NIFTY
2022-11-02 09:54:47,18150,CE,BUY,70.55,,NIFTY
2022-11-02 09:54:47,18150,PE,BUY,96.4,,NIFTY
2022-11-02 09:57:21,18150,CE,SELL,70.6,0.04999999999999716,NIFTY
2022-11-02 09:57:21,18150,PE,SELL,96.15,-0.25,NIFTY
2022-11-02 09:57:21,18200,CE,BUY,48.8,,NIFTY
2022-11-02 09:57:21,18200,PE,BUY,124.45,,NIFTY
2022-11-02 09:57:24,18200,CE,SELL,49.1,0.30000000000000426,NIFTY
2022-11-02 09:57:24,18200,PE,SELL,123.65,-0.7999999999999972,NIFTY
2022-11-02 09:57:24,18150,CE,BUY,70.9,,NIFTY
2022-11-02 09:57:24,18150,PE,BUY,95.45,,NIFTY
2022-11-02 09:57:26,18150,CE,SELL,71.8,0.8999999999999915,NIFTY
2022-11-02 09:57:26,18150,PE,SELL,93.95,-1.5,NIFTY
2022-11-02 09:57:26,18200,CE,BUY,49.55,,NIFTY
2022-11-02 09:57:26,18200,PE,BUY,122.1,,NIFTY
2022-11-02 09:57:37,18200,CE,SELL,49.4,-0.14999999999999858,NIFTY
2022-11-02 09:57:37,18200,PE,SELL,123.2,1.1000000000000085,NIFTY
2022-11-02 09:57:37,18150,CE,BUY,71.4,,NIFTY
2022-11-02 09:57:37,18150,PE,BUY,94.85,,NIFTY
2022-11-02 09:57:38,18150,CE,SELL,71.6,0.19999999999998863,NIFTY
2022-11-02 09:57:38,18150,PE,SELL,94.7,-0.14999999999999147,NIFTY
2022-11-02 09:57:38,18200,CE,BUY,49.6,,NIFTY
2022-11-02 09:57:38,18200,PE,BUY,122.75,,NIFTY
2022-11-02 09:58:00,18200,CE,SELL,49.65,0.04999999999999716,NIFTY
2022-11-02 09:58:00,18200,PE,SELL,123.05,0.29999999999999716,NIFTY
2022-11-02 09:58:00,18150,CE,BUY,71.8,,NIFTY
2022-11-02 09:58:00,18150,PE,BUY,94.75,,NIFTY
2022-11-02 09:58:04,18150,CE,SELL,71.95,0.15000000000000568,NIFTY
2022-11-02 09:58:04,18150,PE,SELL,94.8,0.04999999999999716,NIFTY
2022-11-02 09:58:04,18200,CE,BUY,49.75,,NIFTY
2022-11-02 09:58:04,18200,PE,BUY,122.9,,NIFTY
2022-11-02 09:58:05,18200,CE,SELL,49.75,0.0,NIFTY
2022-11-02 09:58:05,18200,PE,SELL,122.95,0.04999999999999716,NIFTY
2022-11-02 09:58:05,18150,CE,BUY,71.9,,NIFTY
2022-11-02 09:58:05,18150,PE,BUY,94.75,,NIFTY
2022-11-02 09:58:07,18150,CE,SELL,71.85,-0.05000000000001137,NIFTY
2022-11-02 09:58:07,18150,PE,SELL,94.85,0.09999999999999432,NIFTY
2022-11-02 09:58:07,18200,CE,BUY,49.95,,NIFTY
2022-11-02 09:58:07,18200,PE,BUY,122.8,,NIFTY
2022-11-02 10:00:33,18200,CE,SELL,49.7,-0.25,NIFTY
2022-11-02 10:00:33,18200,PE,SELL,123.5,0.7000000000000028,NIFTY
2022-11-02 10:00:33,18150,CE,BUY,71.8,,NIFTY
2022-11-02 10:00:33,18150,PE,BUY,95.55,,NIFTY
2022-11-02 10:00:36,18150,CE,SELL,72.15,0.3500000000000085,NIFTY
2022-11-02 10:00:36,18150,PE,SELL,95.2,-0.3499999999999943,NIFTY
2022-11-02 10:00:36,18200,CE,BUY,50.05,,NIFTY
2022-11-02 10:00:36,18200,PE,BUY,123.15,,NIFTY
2022-11-02 10:00:40,18200,CE,SELL,49.35,-0.6999999999999957,NIFTY
2022-11-02 10:00:40,18200,PE,SELL,124.7,1.5499999999999972,NIFTY
2022-11-02 10:00:40,18150,CE,BUY,71.4,,NIFTY
2022-11-02 10:00:40,18150,PE,BUY,96.55,,NIFTY
2022-11-02 10:00:44,18150,CE,SELL,71.05,-0.3500000000000085,NIFTY
2022-11-02 10:00:44,18150,PE,SELL,96.75,0.20000000000000284,NIFTY
2022-11-02 10:00:44,18200,CE,BUY,49.15,,NIFTY
2022-11-02 10:00:44,18200,PE,BUY,124.95,,NIFTY
2022-11-02 10:00:46,18200,CE,SELL,48.65,-0.5,NIFTY
2022-11-02 10:00:46,18200,PE,SELL,125.8,0.8499999999999943,NIFTY
2022-11-02 10:00:46,18150,CE,BUY,70.35,,NIFTY
2022-11-02 10:00:46,18150,PE,BUY,97.6,,NIFTY
2022-11-02 10:01:22,18150,CE,SELL,70.95,0.6000000000000085,NIFTY
2022-11-02 10:01:22,18150,PE,SELL,96.75,-0.8499999999999943,NIFTY
2022-11-02 10:01:22,18200,CE,BUY,48.9,,NIFTY
2022-11-02 10:01:22,18200,PE,BUY,124.75,,NIFTY
2022-11-02 10:01:24,18200,CE,SELL,48.85,-0.04999999999999716,NIFTY
2022-11-02 10:01:24,18200,PE,SELL,125.9,1.1500000000000057,NIFTY
2022-11-02 10:01:24,18150,CE,BUY,70.25,,NIFTY
2022-11-02 10:01:24,18150,PE,BUY,97.5,,NIFTY
2022-11-02 10:01:41,18150,CE,SELL,71.0,0.75,NIFTY
2022-11-02 10:01:41,18150,PE,SELL,96.75,-0.75,NIFTY
2022-11-02 10:01:41,18200,CE,BUY,49.1,,NIFTY
2022-11-02 10:01:41,18200,PE,BUY,125.0,,NIFTY
2022-11-02 10:01:43,18200,CE,SELL,49.7,0.6000000000000014,NIFTY
2022-11-02 10:01:43,18200,PE,SELL,124.15,-0.8499999999999943,NIFTY
2022-11-02 10:01:43,18150,CE,BUY,71.65,,NIFTY
2022-11-02 10:01:43,18150,PE,BUY,95.95,,NIFTY
2022-11-02 10:01:44,18150,CE,SELL,71.65,0.0,NIFTY
2022-11-02 10:01:44,18150,PE,SELL,95.5,-0.45000000000000284,NIFTY
2022-11-02 10:01:44,18200,CE,BUY,49.7,,NIFTY
2022-11-02 10:01:44,18200,PE,BUY,123.5,,NIFTY
2022-11-02 10:05:56,18200,CE,SELL,49.65,-0.05000000000000426,NIFTY
2022-11-02 10:05:56,18200,PE,SELL,123.6,0.09999999999999432,NIFTY
2022-11-02 10:05:56,18150,CE,BUY,71.9,,NIFTY
2022-11-02 10:05:56,18150,PE,BUY,95.9,,NIFTY
2022-11-02 10:05:57,18150,CE,SELL,71.95,0.04999999999999716,NIFTY
2022-11-02 10:05:57,18150,PE,SELL,95.6,-0.30000000000001137,NIFTY
2022-11-02 10:05:57,18200,CE,BUY,49.8,,NIFTY
2022-11-02 10:05:57,18200,PE,BUY,123.7,,NIFTY
2022-11-02 10:06:03,18200,CE,SELL,49.95,0.15000000000000568,NIFTY
2022-11-02 10:06:03,18200,PE,SELL,123.5,-0.20000000000000284,NIFTY
2022-11-02 10:06:03,18150,CE,BUY,72.15,,NIFTY
2022-11-02 10:06:03,18150,PE,BUY,95.7,,NIFTY
2022-11-02 10:06:05,18150,CE,SELL,71.65,-0.5,NIFTY
2022-11-02 10:06:05,18150,PE,SELL,96.15,0.45000000000000284,NIFTY
2022-11-02 10:06:05,18200,CE,BUY,49.8,,NIFTY
2022-11-02 10:06:05,18200,PE,BUY,124.0,,NIFTY
2022-11-02 10:06:07,18200,CE,SELL,50.2,0.4000000000000057,NIFTY
2022-11-02 10:06:07,18200,PE,SELL,123.5,-0.5,NIFTY
2022-11-02 10:06:07,18150,CE,BUY,72.3,,NIFTY
2022-11-02 10:06:07,18150,PE,BUY,95.6,,NIFTY
2022-11-02 10:06:09,18150,CE,SELL,72.85,0.5499999999999972,NIFTY
2022-11-02 10:06:09,18150,PE,SELL,95.2,-0.3999999999999915,NIFTY
2022-11-02 10:06:09,18200,CE,BUY,50.5,,NIFTY
2022-11-02 10:06:09,18200,PE,BUY,123.2,,NIFTY
2022-11-02 10:07:06,18200,CE,SELL,50.2,-0.29999999999999716,NIFTY
2022-11-02 10:07:06,18200,PE,SELL,123.2,0.0,NIFTY
2022-11-02 10:07:06,18150,CE,BUY,72.25,,NIFTY
2022-11-02 10:07:06,18150,PE,BUY,95.4,,NIFTY
2022-11-02 10:07:11,18150,CE,SELL,72.8,0.5499999999999972,NIFTY
2022-11-02 10:07:11,18150,PE,SELL,95.65,0.25,NIFTY
2022-11-02 10:07:11,18200,CE,BUY,50.5,,NIFTY
2022-11-02 10:07:11,18200,PE,BUY,123.5,,NIFTY
2022-11-02 10:07:14,18200,CE,SELL,50.05,-0.45000000000000284,NIFTY
2022-11-02 10:07:14,18200,PE,SELL,124.0,0.5,NIFTY
2022-11-02 10:07:14,18150,CE,BUY,72.05,,NIFTY
2022-11-02 10:07:14,18150,PE,BUY,96.1,,NIFTY
2022-11-02 10:08:23,18150,CE,SELL,72.45,0.4000000000000057,NIFTY
2022-11-02 10:08:23,18150,PE,SELL,95.6,-0.5,NIFTY
2022-11-02 10:08:23,18200,CE,BUY,50.2,,NIFTY
2022-11-02 10:08:23,18200,PE,BUY,123.45,,NIFTY
2022-11-02 10:08:24,18200,CE,SELL,50.2,0.0,NIFTY
2022-11-02 10:08:24,18200,PE,SELL,123.8,0.3499999999999943,NIFTY
2022-11-02 10:08:24,18150,CE,BUY,72.45,,NIFTY
2022-11-02 10:08:24,18150,PE,BUY,95.8,,NIFTY
2022-11-02 10:08:34,18150,CE,SELL,72.3,-0.15000000000000568,NIFTY
2022-11-02 10:08:34,18150,PE,SELL,95.65,-0.14999999999999147,NIFTY
2022-11-02 10:08:34,18200,CE,BUY,50.15,,NIFTY
2022-11-02 10:08:34,18200,PE,BUY,123.45,,NIFTY
2022-11-02 10:08:42,18200,CE,SELL,49.85,-0.29999999999999716,NIFTY
2022-11-02 10:08:42,18200,PE,SELL,123.7,0.25,NIFTY
2022-11-02 10:08:42,18150,CE,BUY,71.85,,NIFTY
2022-11-02 10:08:42,18150,PE,BUY,96.0,,NIFTY
2022-11-02 10:08:44,18150,CE,SELL,72.0,0.15000000000000568,NIFTY
2022-11-02 10:08:44,18150,PE,SELL,95.8,-0.20000000000000284,NIFTY
2022-11-02 10:08:44,18200,CE,BUY,49.8,,NIFTY
2022-11-02 10:08:44,18200,PE,BUY,123.8,,NIFTY
2022-11-02 10:08:48,18200,CE,SELL,49.45,-0.3499999999999943,NIFTY
2022-11-02 10:08:48,18200,PE,SELL,125.0,1.2000000000000028,NIFTY
2022-11-02 10:08:48,18150,CE,BUY,71.3,,NIFTY
2022-11-02 10:08:48,18150,PE,BUY,96.7,,NIFTY
2022-11-02 10:09:02,18150,CE,SELL,71.45,0.15000000000000568,NIFTY
2022-11-02 10:09:02,18150,PE,SELL,96.5,-0.20000000000000284,NIFTY
2022-11-02 10:09:02,18200,CE,BUY,49.5,,NIFTY
2022-11-02 10:09:02,18200,PE,BUY,124.55,,NIFTY
2022-11-02 10:09:03,18200,CE,SELL,49.1,-0.3999999999999986,NIFTY
2022-11-02 10:09:03,18200,PE,SELL,125.2,0.6500000000000057,NIFTY
2022-11-02 10:09:03,18150,CE,BUY,71.0,,NIFTY
2022-11-02 10:09:03,18150,PE,BUY,96.95,,NIFTY
2022-11-02 10:09:27,18150,CE,SELL,71.5,0.5,NIFTY
2022-11-02 10:09:27,18150,PE,SELL,96.85,-0.10000000000000853,NIFTY
2022-11-02 10:09:27,18200,CE,BUY,49.5,,NIFTY
2022-11-02 10:09:27,18200,PE,BUY,124.6,,NIFTY
2022-11-02 10:09:28,18200,CE,SELL,49.7,0.20000000000000284,NIFTY
2022-11-02 10:09:28,18200,PE,SELL,124.15,-0.44999999999998863,NIFTY
2022-11-02 10:09:28,18150,CE,BUY,71.85,,NIFTY
2022-11-02 10:09:28,18150,PE,BUY,96.25,,NIFTY
2022-11-02 10:09:29,18150,CE,SELL,71.85,0.0,NIFTY
2022-11-02 10:09:29,18150,PE,SELL,96.2,-0.04999999999999716,NIFTY
2022-11-02 10:09:29,18200,CE,BUY,49.7,,NIFTY
2022-11-02 10:09:29,18200,PE,BUY,124.2,,NIFTY
2022-11-02 10:10:18,18200,CE,SELL,50.4,0.6999999999999957,NIFTY
2022-11-02 10:10:18,18200,PE,SELL,124.1,-0.10000000000000853,NIFTY
2022-11-02 10:10:18,18150,CE,BUY,72.35,,NIFTY
2022-11-02 10:10:18,18150,PE,BUY,96.4,,NIFTY
2022-11-02 10:10:19,18150,CE,SELL,72.4,0.05000000000001137,NIFTY
2022-11-02 10:10:19,18150,PE,SELL,96.45,0.04999999999999716,NIFTY
2022-11-02 10:10:19,18200,CE,BUY,50.45,,NIFTY
2022-11-02 10:10:19,18200,PE,BUY,124.25,,NIFTY
2022-11-02 10:10:20,18200,CE,SELL,50.5,0.04999999999999716,NIFTY
2022-11-02 10:10:20,18200,PE,SELL,124.15,-0.09999999999999432,NIFTY
2022-11-02 10:10:20,18150,CE,BUY,72.55,,NIFTY
2022-11-02 10:10:20,18150,PE,BUY,96.6,,NIFTY
2022-11-02 10:10:21,18150,CE,SELL,72.5,-0.04999999999999716,NIFTY
2022-11-02 10:10:21,18150,PE,SELL,96.4,-0.19999999999998863,NIFTY
2022-11-02 10:10:21,18200,CE,BUY,50.45,,NIFTY
2022-11-02 10:10:21,18200,PE,BUY,124.2,,NIFTY
2022-11-02 10:10:28,18200,CE,SELL,49.95,-0.5,NIFTY
2022-11-02 10:10:28,18200,PE,SELL,124.7,0.5,NIFTY
2022-11-02 10:10:28,18150,CE,BUY,72.0,,NIFTY
2022-11-02 10:10:28,18150,PE,BUY,96.8,,NIFTY
2022-11-02 10:10:29,18150,CE,SELL,71.7,-0.29999999999999716,NIFTY
2022-11-02 10:10:29,18150,PE,SELL,97.15,0.3500000000000085,NIFTY
2022-11-02 10:10:29,18200,CE,BUY,49.6,,NIFTY
2022-11-02 10:10:29,18200,PE,BUY,125.0,,NIFTY
2022-11-02 10:10:30,18200,CE,SELL,50.1,0.5,NIFTY
2022-11-02 10:10:30,18200,PE,SELL,124.45,-0.5499999999999972,NIFTY
2022-11-02 10:10:30,18150,CE,BUY,72.05,,NIFTY
2022-11-02 10:10:30,18150,PE,BUY,96.5,,NIFTY
2022-11-02 10:10:31,18150,CE,SELL,72.2,0.15000000000000568,NIFTY
2022-11-02 10:10:31,18150,PE,SELL,96.35,-0.15000000000000568,NIFTY
2022-11-02 10:10:31,18200,CE,BUY,50.15,,NIFTY
2022-11-02 10:10:31,18200,PE,BUY,124.4,,NIFTY
2022-11-02 10:10:39,18200,CE,SELL,49.15,-1.0,NIFTY
2022-11-02 10:10:39,18200,PE,SELL,126.05,1.6499999999999915,NIFTY
2022-11-02 10:10:39,18150,CE,BUY,70.85,,NIFTY
2022-11-02 10:10:39,18150,PE,BUY,97.95,,NIFTY
2022-11-02 10:10:53,18150,CE,SELL,71.5,0.6500000000000057,NIFTY
2022-11-02 10:10:53,18150,PE,SELL,96.85,-1.1000000000000085,NIFTY
2022-11-02 10:10:53,18200,CE,BUY,49.55,,NIFTY
2022-11-02 10:10:53,18200,PE,BUY,125.0,,NIFTY
2022-11-02 10:10:56,18200,CE,SELL,48.9,-0.6499999999999986,NIFTY
2022-11-02 10:10:56,18200,PE,SELL,126.65,1.6500000000000057,NIFTY
2022-11-02 10:10:56,18150,CE,BUY,70.6,,NIFTY
2022-11-02 10:10:56,18150,PE,BUY,98.25,,NIFTY
2022-11-02 10:12:34,18150,CE,SELL,72.25,1.6500000000000057,NIFTY
2022-11-02 10:12:34,18150,PE,SELL,96.6,-1.6500000000000057,NIFTY
2022-11-02 10:12:34,18200,CE,BUY,50.3,,NIFTY
2022-11-02 10:12:34,18200,PE,BUY,124.6,,NIFTY
2022-11-02 10:12:35,18200,CE,SELL,50.0,-0.29999999999999716,NIFTY
2022-11-02 10:12:35,18200,PE,SELL,124.6,0.0,NIFTY
2022-11-02 10:12:35,18150,CE,BUY,72.05,,NIFTY
2022-11-02 10:12:35,18150,PE,BUY,96.6,,NIFTY
2022-11-02 10:12:49,18150,CE,SELL,72.5,0.45000000000000284,NIFTY
2022-11-02 10:12:49,18150,PE,SELL,95.65,-0.9499999999999886,NIFTY
2022-11-02 10:12:49,18200,CE,BUY,50.55,,NIFTY
2022-11-02 10:12:49,18200,PE,BUY,123.35,,NIFTY
2022-11-02 10:12:50,18200,CE,SELL,50.7,0.15000000000000568,NIFTY
2022-11-02 10:12:50,18200,PE,SELL,123.6,0.25,NIFTY
2022-11-02 10:12:50,18150,CE,BUY,72.85,,NIFTY
2022-11-02 10:12:50,18150,PE,BUY,95.45,,NIFTY
2022-11-02 10:12:51,18150,CE,SELL,72.4,-0.44999999999998863,NIFTY
2022-11-02 10:12:51,18150,PE,SELL,95.55,0.09999999999999432,NIFTY
2022-11-02 10:12:51,18200,CE,BUY,50.45,,NIFTY
2022-11-02 10:12:51,18200,PE,BUY,123.5,,NIFTY
2022-11-02 10:12:52,18200,CE,SELL,50.35,-0.10000000000000142,NIFTY
2022-11-02 10:12:52,18200,PE,SELL,123.65,0.15000000000000568,NIFTY
2022-11-02 10:12:52,18150,CE,BUY,72.45,,NIFTY
2022-11-02 10:12:52,18150,PE,BUY,95.55,,NIFTY
2022-11-02 10:12:54,18150,CE,SELL,72.75,0.29999999999999716,NIFTY
2022-11-02 10:12:54,18150,PE,SELL,95.55,0.0,NIFTY
2022-11-02 10:12:54,18200,CE,BUY,50.6,,NIFTY
2022-11-02 10:12:54,18200,PE,BUY,123.55,,NIFTY
2022-11-02 10:12:55,18200,CE,SELL,50.4,-0.20000000000000284,NIFTY
2022-11-02 10:12:55,18200,PE,SELL,123.65,0.10000000000000853,NIFTY
2022-11-02 10:12:55,18150,CE,BUY,72.6,,NIFTY
2022-11-02 10:12:55,18150,PE,BUY,95.7,,NIFTY
2022-11-02 10:12:57,18150,CE,SELL,72.3,-0.29999999999999716,NIFTY
2022-11-02 10:12:57,18150,PE,SELL,96.0,0.29999999999999716,NIFTY
2022-11-02 10:12:57,18200,CE,BUY,50.3,,NIFTY
2022-11-02 10:12:57,18200,PE,BUY,124.2,,NIFTY
2022-11-02 10:12:58,18200,CE,SELL,50.3,0.0,NIFTY
2022-11-02 10:12:58,18200,PE,SELL,123.95,-0.25,NIFTY
2022-11-02 10:12:58,18150,CE,BUY,72.3,,NIFTY
2022-11-02 10:12:58,18150,PE,BUY,96.05,,NIFTY
2022-11-02 10:13:00,18150,CE,SELL,72.45,0.15000000000000568,NIFTY
2022-11-02 10:13:00,18150,PE,SELL,96.5,0.45000000000000284,NIFTY
2022-11-02 10:13:00,18200,CE,BUY,50.3,,NIFTY
2022-11-02 10:13:00,18200,PE,BUY,124.7,,NIFTY
2022-11-02 10:13:01,18200,CE,SELL,49.8,-0.5,NIFTY
2022-11-02 10:13:01,18200,PE,SELL,125.35,0.6499999999999915,NIFTY
2022-11-02 10:13:01,18150,CE,BUY,71.7,,NIFTY
2022-11-02 10:13:01,18150,PE,BUY,96.5,,NIFTY
2022-11-02 10:13:47,18150,CE,SELL,72.25,0.5499999999999972,NIFTY
2022-11-02 10:13:47,18150,PE,SELL,95.8,-0.7000000000000028,NIFTY
2022-11-02 10:13:47,18200,CE,BUY,50.4,,NIFTY
2022-11-02 10:13:47,18200,PE,BUY,124.0,,NIFTY
2022-11-02 10:13:48,18200,CE,SELL,50.25,-0.14999999999999858,NIFTY
2022-11-02 10:13:48,18200,PE,SELL,124.0,0.0,NIFTY
2022-11-02 10:13:48,18150,CE,BUY,72.25,,NIFTY
2022-11-02 10:13:48,18150,PE,BUY,95.8,,NIFTY
2022-11-02 10:13:49,18150,CE,SELL,72.3,0.04999999999999716,NIFTY
2022-11-02 10:13:49,18150,PE,SELL,96.2,0.4000000000000057,NIFTY
2022-11-02 10:13:49,18200,CE,BUY,50.3,,NIFTY
2022-11-02 10:13:49,18200,PE,BUY,124.15,,NIFTY
2022-11-02 10:13:52,18200,CE,SELL,50.3,0.0,NIFTY
2022-11-02 10:13:52,18200,PE,SELL,124.05,-0.10000000000000853,NIFTY
2022-11-02 10:13:52,18150,CE,BUY,72.2,,NIFTY
2022-11-02 10:13:52,18150,PE,BUY,96.2,,NIFTY
2022-11-02 10:13:58,18150,CE,SELL,71.85,-0.3500000000000085,NIFTY
2022-11-02 10:13:58,18150,PE,SELL,96.9,0.7000000000000028,NIFTY
2022-11-02 10:13:58,18200,CE,BUY,49.85,,NIFTY
2022-11-02 10:13:58,18200,PE,BUY,125.0,,NIFTY
2022-11-02 10:14:03,18200,CE,SELL,49.55,-0.30000000000000426,NIFTY
2022-11-02 10:14:03,18200,PE,SELL,125.55,0.5499999999999972,NIFTY
2022-11-02 10:14:03,18150,CE,BUY,71.3,,NIFTY
2022-11-02 10:14:03,18150,PE,BUY,97.2,,NIFTY
2022-11-02 10:14:18,18150,CE,SELL,71.8,0.5,NIFTY
2022-11-02 10:14:18,18150,PE,SELL,97.1,-0.10000000000000853,NIFTY
2022-11-02 10:14:18,18200,CE,BUY,49.85,,NIFTY
2022-11-02 10:14:18,18200,PE,BUY,125.25,,NIFTY
2022-11-02 10:14:22,18200,CE,SELL,49.8,-0.05000000000000426,NIFTY
2022-11-02 10:14:22,18200,PE,SELL,125.45,0.20000000000000284,NIFTY
2022-11-02 10:14:22,18150,CE,BUY,71.7,,NIFTY
2022-11-02 10:14:22,18150,PE,BUY,97.2,,NIFTY
2022-11-02 10:14:24,18150,CE,SELL,72.25,0.5499999999999972,NIFTY
2022-11-02 10:14:24,18150,PE,SELL,96.35,-0.8500000000000085,NIFTY
2022-11-02 10:14:24,18200,CE,BUY,50.15,,NIFTY
2022-11-02 10:14:24,18200,PE,BUY,124.1,,NIFTY
2022-11-02 10:14:33,18200,CE,SELL,50.0,-0.14999999999999858,NIFTY
2022-11-02 10:14:33,18200,PE,SELL,125.15,1.0500000000000114,NIFTY
2022-11-02 10:14:33,18150,CE,BUY,72.0,,NIFTY
2022-11-02 10:14:33,18150,PE,BUY,97.2,,NIFTY
2022-11-02 10:14:34,18150,CE,SELL,71.65,-0.3499999999999943,NIFTY
2022-11-02 10:14:34,18150,PE,SELL,97.15,-0.04999999999999716,NIFTY
2022-11-02 10:14:34,18200,CE,BUY,49.85,,NIFTY
2022-11-02 10:14:34,18200,PE,BUY,125.25,,NIFTY
2022-11-02 10:14:35,18200,CE,SELL,49.55,-0.30000000000000426,NIFTY
2022-11-02 10:14:35,18200,PE,SELL,125.85,0.5999999999999943,NIFTY
2022-11-02 10:14:35,18150,CE,BUY,71.5,,NIFTY
2022-11-02 10:14:35,18150,PE,BUY,97.65,,NIFTY
2022-11-02 10:16:06,18150,CE,SELL,71.4,-0.09999999999999432,NIFTY
2022-11-02 10:16:06,18150,PE,SELL,96.6,-1.0500000000000114,NIFTY
2022-11-02 10:16:06,18200,CE,BUY,49.6,,NIFTY
2022-11-02 10:16:06,18200,PE,BUY,124.65,,NIFTY
2022-11-02 10:16:08,18200,CE,SELL,49.75,0.14999999999999858,NIFTY
2022-11-02 10:16:08,18200,PE,SELL,124.35,-0.30000000000001137,NIFTY
2022-11-02 10:16:08,18150,CE,BUY,71.7,,NIFTY
2022-11-02 10:16:08,18150,PE,BUY,96.35,,NIFTY
2022-11-02 10:16:09,18150,CE,SELL,71.65,-0.04999999999999716,NIFTY
2022-11-02 10:16:09,18150,PE,SELL,96.25,-0.09999999999999432,NIFTY
2022-11-02 10:16:09,18200,CE,BUY,49.8,,NIFTY
2022-11-02 10:16:09,18200,PE,BUY,124.4,,NIFTY
2022-11-02 10:16:10,18200,CE,SELL,48.95,-0.8499999999999943,NIFTY
2022-11-02 10:16:10,18200,PE,SELL,124.75,0.3499999999999943,NIFTY
2022-11-02 10:16:10,18150,CE,BUY,70.65,,NIFTY
2022-11-02 10:16:10,18150,PE,BUY,96.85,,NIFTY
2022-11-02 10:16:11,18150,CE,SELL,71.15,0.5,NIFTY
2022-11-02 10:16:11,18150,PE,SELL,96.6,-0.25,NIFTY
2022-11-02 10:16:11,18200,CE,BUY,49.45,,NIFTY
2022-11-02 10:16:11,18200,PE,BUY,124.6,,NIFTY
2022-11-02 10:16:13,18200,CE,SELL,49.2,-0.25,NIFTY
2022-11-02 10:16:13,18200,PE,SELL,125.1,0.5,NIFTY
2022-11-02 10:16:13,18150,CE,BUY,70.9,,NIFTY
2022-11-02 10:16:13,18150,PE,BUY,96.95,,NIFTY
2022-11-02 10:16:14,18150,CE,SELL,70.85,-0.05000000000001137,NIFTY
2022-11-02 10:16:14,18150,PE,SELL,96.95,0.0,NIFTY
2022-11-02 10:16:14,18200,CE,BUY,49.3,,NIFTY
2022-11-02 10:16:14,18200,PE,BUY,125.1,,NIFTY
2022-11-02 10:16:15,18200,CE,SELL,48.55,-0.75,NIFTY
2022-11-02 10:16:15,18200,PE,SELL,125.15,0.05000000000001137,NIFTY
2022-11-02 10:16:15,18150,CE,BUY,70.0,,NIFTY
2022-11-02 10:16:15,18150,PE,BUY,97.0,,NIFTY
2022-11-02 10:28:26,18150,CE,SELL,72.1,2.0999999999999943,NIFTY
2022-11-02 10:28:26,18150,PE,SELL,94.8,-2.200000000000003,NIFTY
2022-11-02 10:28:26,18200,CE,BUY,49.85,,NIFTY
2022-11-02 10:28:26,18200,PE,BUY,122.95,,NIFTY
2022-11-02 10:28:36,18200,CE,SELL,49.6,-0.25,NIFTY
2022-11-02 10:28:36,18200,PE,SELL,122.85,-0.10000000000000853,NIFTY
2022-11-02 10:28:36,18150,CE,BUY,71.6,,NIFTY
2022-11-02 10:28:36,18150,PE,BUY,94.6,,NIFTY
2022-11-02 10:28:37,18150,CE,SELL,71.6,0.0,NIFTY
2022-11-02 10:28:37,18150,PE,SELL,94.75,0.15000000000000568,NIFTY
2022-11-02 10:28:37,18200,CE,BUY,49.5,,NIFTY
2022-11-02 10:28:37,18200,PE,BUY,122.8,,NIFTY
2022-11-02 10:28:45,18200,CE,SELL,49.15,-0.3500000000000014,NIFTY
2022-11-02 10:28:45,18200,PE,SELL,123.45,0.6500000000000057,NIFTY
2022-11-02 10:28:45,18150,CE,BUY,71.0,,NIFTY
2022-11-02 10:28:45,18150,PE,BUY,95.2,,NIFTY
2022-11-02 10:31:16,18150,CE,SELL,71.65,0.6500000000000057,NIFTY
2022-11-02 10:31:16,18150,PE,SELL,93.8,-1.4000000000000057,NIFTY
2022-11-02 10:31:16,18200,CE,BUY,49.45,,NIFTY
2022-11-02 10:31:16,18200,PE,BUY,122.0,,NIFTY
2022-11-02 10:31:19,18200,CE,SELL,49.4,-0.05000000000000426,NIFTY
2022-11-02 10:31:19,18200,PE,SELL,122.45,0.45000000000000284,NIFTY
2022-11-02 10:31:19,18150,CE,BUY,71.5,,NIFTY
2022-11-02 10:31:19,18150,PE,BUY,94.2,,NIFTY
2022-11-02 10:31:23,18150,CE,SELL,71.7,0.20000000000000284,NIFTY
2022-11-02 10:31:23,18150,PE,SELL,93.7,-0.5,NIFTY
2022-11-02 10:31:23,18200,CE,BUY,49.6,,NIFTY
2022-11-02 10:31:23,18200,PE,BUY,121.65,,NIFTY
2022-11-02 10:31:36,18200,CE,SELL,49.3,-0.30000000000000426,NIFTY
2022-11-02 10:31:36,18200,PE,SELL,122.55,0.8999999999999915,NIFTY
2022-11-02 10:31:36,18150,CE,BUY,71.4,,NIFTY
2022-11-02 10:31:36,18150,PE,BUY,94.25,,NIFTY
2022-11-02 10:31:43,18150,CE,SELL,71.7,0.29999999999999716,NIFTY
2022-11-02 10:31:43,18150,PE,SELL,94.1,-0.15000000000000568,NIFTY
2022-11-02 10:31:43,18200,CE,BUY,49.5,,NIFTY
2022-11-02 10:31:43,18200,PE,BUY,122.3,,NIFTY
2022-11-02 10:31:47,18200,CE,SELL,49.1,-0.3999999999999986,NIFTY
2022-11-02 10:31:47,18200,PE,SELL,123.1,0.7999999999999972,NIFTY
2022-11-02 10:31:47,18150,CE,BUY,70.9,,NIFTY
2022-11-02 10:31:47,18150,PE,BUY,94.6,,NIFTY
2022-11-02 10:31:56,18150,CE,SELL,71.0,0.09999999999999432,NIFTY
2022-11-02 10:31:56,18150,PE,SELL,94.9,0.30000000000001137,NIFTY
2022-11-02 10:31:56,18200,CE,BUY,49.1,,NIFTY
2022-11-02 10:31:56,18200,PE,BUY,123.3,,NIFTY
2022-11-02 10:31:58,18200,CE,SELL,49.35,0.25,NIFTY
2022-11-02 10:31:58,18200,PE,SELL,122.45,-0.8499999999999943,NIFTY
2022-11-02 10:31:58,18150,CE,BUY,71.6,,NIFTY
2022-11-02 10:31:58,18150,PE,BUY,94.1,,NIFTY
2022-11-02 10:32:02,18150,CE,SELL,71.25,-0.3499999999999943,NIFTY
2022-11-02 10:32:02,18150,PE,SELL,94.45,0.3500000000000085,NIFTY
2022-11-02 10:32:02,18200,CE,BUY,49.25,,NIFTY
2022-11-02 10:32:02,18200,PE,BUY,122.75,,NIFTY
2022-11-02 10:32:05,18200,CE,SELL,48.9,-0.3500000000000014,NIFTY
2022-11-02 10:32:05,18200,PE,SELL,123.45,0.7000000000000028,NIFTY
2022-11-02 10:32:05,18150,CE,BUY,70.8,,NIFTY
2022-11-02 10:32:05,18150,PE,BUY,95.0,,NIFTY
2022-11-02 10:32:07,18150,CE,SELL,70.9,0.10000000000000853,NIFTY
2022-11-02 10:32:07,18150,PE,SELL,94.65,-0.3499999999999943,NIFTY
2022-11-02 10:32:07,18200,CE,BUY,48.95,,NIFTY
2022-11-02 10:32:07,18200,PE,BUY,123.15,,NIFTY
2022-11-02 10:32:10,18200,CE,SELL,49.5,0.5499999999999972,NIFTY
2022-11-02 10:32:10,18200,PE,SELL,122.6,-0.5500000000000114,NIFTY
2022-11-02 10:32:10,18150,CE,BUY,71.45,,NIFTY
2022-11-02 10:32:10,18150,PE,BUY,94.25,,NIFTY
2022-11-02 10:32:12,18150,CE,SELL,71.35,-0.10000000000000853,NIFTY
2022-11-02 10:32:12,18150,PE,SELL,94.3,0.04999999999999716,NIFTY
2022-11-02 10:32:12,18200,CE,BUY,49.5,,NIFTY
2022-11-02 10:32:12,18200,PE,BUY,122.75,,NIFTY
2022-11-02 10:32:14,18200,CE,SELL,49.45,-0.04999999999999716,NIFTY
2022-11-02 10:32:14,18200,PE,SELL,122.45,-0.29999999999999716,NIFTY
2022-11-02 10:32:14,18150,CE,BUY,71.3,,NIFTY
2022-11-02 10:32:14,18150,PE,BUY,94.35,,NIFTY
2022-11-02 10:32:19,18150,CE,SELL,71.2,-0.09999999999999432,NIFTY
2022-11-02 10:32:19,18150,PE,SELL,94.55,0.20000000000000284,NIFTY
2022-11-02 10:32:19,18200,CE,BUY,49.3,,NIFTY
2022-11-02 10:32:19,18200,PE,BUY,122.75,,NIFTY
2022-11-02 10:32:20,18200,CE,SELL,49.1,-0.19999999999999574,NIFTY
2022-11-02 10:32:20,18200,PE,SELL,123.1,0.3499999999999943,NIFTY
2022-11-02 10:32:20,18150,CE,BUY,70.95,,NIFTY
2022-11-02 10:32:20,18150,PE,BUY,94.8,,NIFTY
2022-11-02 10:32:40,18150,CE,SELL,71.25,0.29999999999999716,NIFTY
2022-11-02 10:32:40,18150,PE,SELL,95.1,0.29999999999999716,NIFTY
2022-11-02 10:32:40,18200,CE,BUY,49.45,,NIFTY
2022-11-02 10:32:40,18200,PE,BUY,123.65,,NIFTY
2022-11-02 10:32:45,18200,CE,SELL,49.2,-0.25,NIFTY
2022-11-02 10:32:45,18200,PE,SELL,123.8,0.14999999999999147,NIFTY
2022-11-02 10:32:45,18150,CE,BUY,70.95,,NIFTY
2022-11-02 10:32:45,18150,PE,BUY,95.35,,NIFTY
2022-11-02 10:32:57,18150,CE,SELL,71.2,0.25,NIFTY
2022-11-02 10:32:57,18150,PE,SELL,95.65,0.30000000000001137,NIFTY
2022-11-02 10:32:57,18200,CE,BUY,49.45,,NIFTY
2022-11-02 10:32:57,18200,PE,BUY,124.0,,NIFTY
2022-11-02 10:32:59,18200,CE,SELL,49.45,0.0,NIFTY
2022-11-02 10:32:59,18200,PE,SELL,123.9,-0.09999999999999432,NIFTY
2022-11-02 10:32:59,18150,CE,BUY,71.35,,NIFTY
2022-11-02 10:32:59,18150,PE,BUY,95.55,,NIFTY
2022-11-02 10:33:03,18150,CE,SELL,71.8,0.45000000000000284,NIFTY
2022-11-02 10:33:03,18150,PE,SELL,94.3,-1.25,NIFTY
2022-11-02 10:33:03,18200,CE,BUY,49.85,,NIFTY
2022-11-02 10:33:03,18200,PE,BUY,122.5,,NIFTY
2022-11-02 10:34:04,18200,CE,SELL,49.1,-0.75,NIFTY
2022-11-02 10:34:04,18200,PE,SELL,123.55,1.0499999999999972,NIFTY
2022-11-02 10:34:04,18150,CE,BUY,71.05,,NIFTY
2022-11-02 10:34:04,18150,PE,BUY,95.45,,NIFTY
2022-11-02 10:34:06,18150,CE,SELL,70.75,-0.29999999999999716,NIFTY
2022-11-02 10:34:06,18150,PE,SELL,95.1,-0.3500000000000085,NIFTY
2022-11-02 10:34:06,18200,CE,BUY,49.0,,NIFTY
2022-11-02 10:34:06,18200,PE,BUY,123.4,,NIFTY
2022-11-02 10:34:07,18200,CE,SELL,49.4,0.3999999999999986,NIFTY
2022-11-02 10:34:07,18200,PE,SELL,123.4,0.0,NIFTY
2022-11-02 10:34:07,18150,CE,BUY,71.3,,NIFTY
2022-11-02 10:34:07,18150,PE,BUY,95.1,,NIFTY
2022-11-02 10:34:10,18150,CE,SELL,71.45,0.15000000000000568,NIFTY
2022-11-02 10:34:10,18150,PE,SELL,94.6,-0.5,NIFTY
2022-11-02 10:34:10,18200,CE,BUY,49.45,,NIFTY
2022-11-02 10:34:10,18200,PE,BUY,122.85,,NIFTY
2022-11-02 10:34:12,18200,CE,SELL,49.7,0.25,NIFTY
2022-11-02 10:34:12,18200,PE,SELL,122.2,-0.6499999999999915,NIFTY
2022-11-02 10:34:12,18150,CE,BUY,71.55,,NIFTY
2022-11-02 10:34:12,18150,PE,BUY,93.85,,NIFTY
2022-11-02 10:34:13,18150,CE,SELL,72.2,0.6500000000000057,NIFTY
2022-11-02 10:34:13,18150,PE,SELL,93.35,-0.5,NIFTY
2022-11-02 10:34:13,18200,CE,BUY,50.1,,NIFTY
2022-11-02 10:34:13,18200,PE,BUY,121.4,,NIFTY
2022-11-02 10:37:07,18200,CE,SELL,49.9,-0.20000000000000284,NIFTY
2022-11-02 10:37:07,18200,PE,SELL,122.0,0.5999999999999943,NIFTY
2022-11-02 10:37:07,18150,CE,BUY,71.9,,NIFTY
2022-11-02 10:37:07,18150,PE,BUY,94.0,,NIFTY
2022-11-02 10:37:09,18150,CE,SELL,71.3,-0.6000000000000085,NIFTY
2022-11-02 10:37:09,18150,PE,SELL,94.6,0.5999999999999943,NIFTY
2022-11-02 10:37:09,18200,CE,BUY,49.45,,NIFTY
2022-11-02 10:37:09,18200,PE,BUY,122.85,,NIFTY
2022-11-02 10:37:10,18200,CE,SELL,49.45,0.0,NIFTY
2022-11-02 10:37:10,18200,PE,SELL,122.75,-0.09999999999999432,NIFTY
2022-11-02 10:37:10,18150,CE,BUY,71.25,,NIFTY
2022-11-02 10:37:10,18150,PE,BUY,94.65,,NIFTY
2022-11-02 10:37:21,18150,CE,SELL,71.35,0.09999999999999432,NIFTY
2022-11-02 10:37:21,18150,PE,SELL,94.0,-0.6500000000000057,NIFTY
2022-11-02 10:37:21,18200,CE,BUY,49.45,,NIFTY
2022-11-02 10:37:21,18200,PE,BUY,122.15,,NIFTY
2022-11-02 10:37:23,18200,CE,SELL,49.9,0.44999999999999574,NIFTY
2022-11-02 10:37:23,18200,PE,SELL,122.6,0.44999999999998863,NIFTY
2022-11-02 10:37:23,18150,CE,BUY,71.75,,NIFTY
2022-11-02 10:37:23,18150,PE,BUY,94.35,,NIFTY
2022-11-02 10:37:25,18150,CE,SELL,71.85,0.09999999999999432,NIFTY
2022-11-02 10:37:25,18150,PE,SELL,94.0,-0.3499999999999943,NIFTY
2022-11-02 10:37:25,18200,CE,BUY,49.85,,NIFTY
2022-11-02 10:37:25,18200,PE,BUY,122.2,,NIFTY
2022-11-02 10:37:28,18200,CE,SELL,49.85,0.0,NIFTY
2022-11-02 10:37:28,18200,PE,SELL,122.6,0.3999999999999915,NIFTY
2022-11-02 10:37:28,18150,CE,BUY,71.9,,NIFTY
2022-11-02 10:37:28,18150,PE,BUY,94.35,,NIFTY
2022-11-02 10:37:30,18150,CE,SELL,72.0,0.09999999999999432,NIFTY
2022-11-02 10:37:30,18150,PE,SELL,94.1,-0.25,NIFTY
2022-11-02 10:37:30,18200,CE,BUY,49.95,,NIFTY
2022-11-02 10:37:30,18200,PE,BUY,122.35,,NIFTY
2022-11-02 10:37:50,18200,CE,SELL,50.2,0.25,NIFTY
2022-11-02 10:37:50,18200,PE,SELL,122.2,-0.14999999999999147,NIFTY
2022-11-02 10:37:50,18150,CE,BUY,72.3,,NIFTY
2022-11-02 10:37:50,18150,PE,BUY,94.05,,NIFTY
2022-11-02 10:37:52,18150,CE,SELL,72.1,-0.20000000000000284,NIFTY
2022-11-02 10:37:52,18150,PE,SELL,94.0,-0.04999999999999716,NIFTY
2022-11-02 10:37:52,18200,CE,BUY,50.2,,NIFTY
2022-11-02 10:37:52,18200,PE,BUY,122.05,,NIFTY
2022-11-02 10:38:39,18200,CE,SELL,49.7,-0.5,NIFTY
2022-11-02 10:38:39,18200,PE,SELL,123.0,0.9500000000000028,NIFTY
2022-11-02 10:38:39,18150,CE,BUY,71.5,,NIFTY
2022-11-02 10:38:39,18150,PE,BUY,94.85,,NIFTY
2022-11-02 10:38:44,18150,CE,SELL,72.15,0.6500000000000057,NIFTY
2022-11-02 10:38:44,18150,PE,SELL,94.2,-0.6499999999999915,NIFTY
2022-11-02 10:38:44,18200,CE,BUY,50.2,,NIFTY
2022-11-02 10:38:44,18200,PE,BUY,122.5,,NIFTY
2022-11-02 10:38:47,18200,CE,SELL,50.15,-0.05000000000000426,NIFTY
2022-11-02 10:38:47,18200,PE,SELL,122.6,0.09999999999999432,NIFTY
2022-11-02 10:38:47,18150,CE,BUY,71.95,,NIFTY
2022-11-02 10:38:47,18150,PE,BUY,94.25,,NIFTY
2022-11-02 10:38:48,18150,CE,SELL,71.85,-0.10000000000000853,NIFTY
2022-11-02 10:38:48,18150,PE,SELL,94.3,0.04999999999999716,NIFTY
2022-11-02 10:38:48,18200,CE,BUY,50.05,,NIFTY
2022-11-02 10:38:48,18200,PE,BUY,122.5,,NIFTY
2022-11-02 10:39:00,18200,CE,SELL,49.85,-0.19999999999999574,NIFTY
2022-11-02 10:39:00,18200,PE,SELL,123.0,0.5,NIFTY
2022-11-02 10:39:00,18150,CE,BUY,71.8,,NIFTY
2022-11-02 10:39:00,18150,PE,BUY,94.7,,NIFTY
2022-11-02 10:39:36,18150,CE,SELL,71.55,-0.25,NIFTY
2022-11-02 10:39:36,18150,PE,SELL,94.4,-0.29999999999999716,NIFTY
2022-11-02 10:39:36,18200,CE,BUY,49.55,,NIFTY
2022-11-02 10:39:36,18200,PE,BUY,122.7,,NIFTY
2022-11-02 10:39:37,18200,CE,SELL,49.45,-0.09999999999999432,NIFTY
2022-11-02 10:39:37,18200,PE,SELL,122.65,-0.04999999999999716,NIFTY
2022-11-02 10:39:37,18150,CE,BUY,71.5,,NIFTY
2022-11-02 10:39:37,18150,PE,BUY,94.35,,NIFTY
2022-11-02 10:40:02,18150,CE,SELL,72.15,0.6500000000000057,NIFTY
2022-11-02 10:40:02,18150,PE,SELL,93.4,-0.9499999999999886,NIFTY
2022-11-02 10:40:02,18200,CE,BUY,50.1,,NIFTY
2022-11-02 10:40:02,18200,PE,BUY,121.55,,NIFTY
2022-11-02 10:40:04,18200,CE,SELL,50.0,-0.10000000000000142,NIFTY
2022-11-02 10:40:04,18200,PE,SELL,122.1,0.5499999999999972,NIFTY
2022-11-02 10:40:04,18150,CE,BUY,71.9,,NIFTY
2022-11-02 10:40:04,18150,PE,BUY,94.0,,NIFTY
2022-11-02 10:40:10,18150,CE,SELL,72.15,0.25,NIFTY
2022-11-02 10:40:10,18150,PE,SELL,93.7,-0.29999999999999716,NIFTY
2022-11-02 10:40:10,18200,CE,BUY,50.25,,NIFTY
2022-11-02 10:40:10,18200,PE,BUY,121.8,,NIFTY
2022-11-02 10:40:23,18200,CE,SELL,49.75,-0.5,NIFTY
2022-11-02 10:40:23,18200,PE,SELL,122.4,0.6000000000000085,NIFTY
2022-11-02 10:40:23,18150,CE,BUY,71.7,,NIFTY
2022-11-02 10:40:23,18150,PE,BUY,94.05,,NIFTY
2022-11-02 10:40:25,18150,CE,SELL,71.6,-0.10000000000000853,NIFTY
2022-11-02 10:40:25,18150,PE,SELL,93.95,-0.09999999999999432,NIFTY
2022-11-02 10:40:25,18200,CE,BUY,49.5,,NIFTY
2022-11-02 10:40:25,18200,PE,BUY,122.25,,NIFTY
2022-11-02 10:40:26,18200,CE,SELL,49.6,0.10000000000000142,NIFTY
2022-11-02 10:40:26,18200,PE,SELL,122.55,0.29999999999999716,NIFTY
2022-11-02 10:40:26,18150,CE,BUY,71.35,,NIFTY
2022-11-02 10:40:26,18150,PE,BUY,94.3,,NIFTY
2022-11-02 10:40:27,18150,CE,SELL,71.35,0.0,NIFTY
2022-11-02 10:40:27,18150,PE,SELL,94.45,0.15000000000000568,NIFTY
2022-11-02 10:40:27,18200,CE,BUY,49.6,,NIFTY
2022-11-02 10:40:27,18200,PE,BUY,122.8,,NIFTY
2022-11-02 10:40:30,18200,CE,SELL,49.75,0.14999999999999858,NIFTY
2022-11-02 10:40:30,18200,PE,SELL,122.75,-0.04999999999999716,NIFTY
2022-11-02 10:40:30,18150,CE,BUY,71.6,,NIFTY
2022-11-02 10:40:30,18150,PE,BUY,94.45,,NIFTY
2022-11-02 10:49:36,18150,CE,SELL,71.3,-0.29999999999999716,NIFTY
2022-11-02 10:49:36,18150,PE,SELL,93.8,-0.6500000000000057,NIFTY
2022-11-02 10:49:36,18200,CE,BUY,49.3,,NIFTY
2022-11-02 10:49:36,18200,PE,BUY,121.85,,NIFTY
2022-11-02 10:50:29,18200,CE,SELL,49.55,0.25,NIFTY
2022-11-02 10:50:29,18200,PE,SELL,121.6,-0.25,NIFTY
2022-11-02 10:50:29,18150,CE,BUY,71.4,,NIFTY
2022-11-02 10:50:29,18150,PE,BUY,93.2,,NIFTY
2022-11-02 10:50:42,18150,CE,SELL,71.8,0.3999999999999915,NIFTY
2022-11-02 10:50:42,18150,PE,SELL,93.65,0.45000000000000284,NIFTY
2022-11-02 10:50:42,18200,CE,BUY,49.75,,NIFTY
2022-11-02 10:50:42,18200,PE,BUY,121.7,,NIFTY
2022-11-02 10:52:55,18200,CE,SELL,49.2,-0.5499999999999972,NIFTY
2022-11-02 10:52:55,18200,PE,SELL,122.0,0.29999999999999716,NIFTY
2022-11-02 10:52:55,18150,CE,BUY,70.75,,NIFTY
2022-11-02 10:52:55,18150,PE,BUY,93.7,,NIFTY
2022-11-02 10:52:56,18150,CE,SELL,70.55,-0.20000000000000284,NIFTY
2022-11-02 10:52:56,18150,PE,SELL,93.7,0.0,NIFTY
2022-11-02 10:52:56,18200,CE,BUY,48.85,,NIFTY
2022-11-02 10:52:56,18200,PE,BUY,121.8,,NIFTY
2022-11-02 10:52:59,18200,CE,SELL,48.7,-0.14999999999999858,NIFTY
2022-11-02 10:52:59,18200,PE,SELL,122.05,0.25,NIFTY
2022-11-02 10:52:59,18150,CE,BUY,70.35,,NIFTY
2022-11-02 10:52:59,18150,PE,BUY,93.85,,NIFTY
2022-11-02 10:53:16,18150,CE,SELL,70.9,0.5500000000000114,NIFTY
2022-11-02 10:53:16,18150,PE,SELL,93.7,-0.14999999999999147,NIFTY
2022-11-02 10:53:16,18200,CE,BUY,49.1,,NIFTY
2022-11-02 10:53:16,18200,PE,BUY,121.85,,NIFTY
2022-11-02 10:53:21,18200,CE,SELL,49.2,0.10000000000000142,NIFTY
2022-11-02 10:53:21,18200,PE,SELL,121.65,-0.19999999999998863,NIFTY
2022-11-02 10:53:21,18150,CE,BUY,71.0,,NIFTY
2022-11-02 10:53:21,18150,PE,BUY,93.35,,NIFTY
2022-11-02 10:53:24,18150,CE,SELL,70.4,-0.5999999999999943,NIFTY
2022-11-02 10:53:24,18150,PE,SELL,94.8,1.4500000000000028,NIFTY
2022-11-02 10:53:24,18200,CE,BUY,48.8,,NIFTY
2022-11-02 10:53:24,18200,PE,BUY,123.1,,NIFTY
2022-11-02 10:53:25,18200,CE,SELL,48.35,-0.44999999999999574,NIFTY
2022-11-02 10:53:25,18200,PE,SELL,123.25,0.15000000000000568,NIFTY
2022-11-02 10:53:25,18150,CE,BUY,69.9,,NIFTY
2022-11-02 10:53:25,18150,PE,BUY,94.75,,NIFTY
2022-11-02 10:53:34,18150,CE,SELL,70.2,0.29999999999999716,NIFTY
2022-11-02 10:53:34,18150,PE,SELL,94.35,-0.4000000000000057,NIFTY
2022-11-02 10:53:34,18200,CE,BUY,48.4,,NIFTY
2022-11-02 10:53:34,18200,PE,BUY,122.95,,NIFTY
2022-11-02 10:53:36,18200,CE,SELL,48.1,-0.29999999999999716,NIFTY
2022-11-02 10:53:36,18200,PE,SELL,123.45,0.5,NIFTY
2022-11-02 10:53:36,18150,CE,BUY,69.6,,NIFTY
2022-11-02 10:53:36,18150,PE,BUY,94.95,,NIFTY
2022-11-02 12:59:37,18150,CE,SELL,47.4,-22.199999999999996,NIFTY
2022-11-02 12:59:37,18150,PE,SELL,122.4,27.450000000000003,NIFTY
2022-11-02 12:59:37,18100,CE,BUY,68.85,,NIFTY
2022-11-02 12:59:37,18100,PE,BUY,93.95,,NIFTY
2022-11-02 12:59:44,18100,CE,SELL,68.9,0.05000000000001137,NIFTY
2022-11-02 12:59:44,18100,PE,SELL,93.6,-0.3500000000000085,NIFTY
2022-11-02 12:59:44,18150,CE,BUY,47.3,,NIFTY
2022-11-02 12:59:44,18150,PE,BUY,122.2,,NIFTY
2022-11-02 12:59:46,18150,CE,SELL,47.5,0.20000000000000284,NIFTY
2022-11-02 12:59:46,18150,PE,SELL,122.0,-0.20000000000000284,NIFTY
2022-11-02 12:59:46,18100,CE,BUY,69.1,,NIFTY
2022-11-02 12:59:46,18100,PE,BUY,93.4,,NIFTY
2022-11-02 12:59:48,18100,CE,SELL,69.25,0.15000000000000568,NIFTY
2022-11-02 12:59:48,18100,PE,SELL,93.0,-0.4000000000000057,NIFTY
2022-11-02 12:59:48,18150,CE,BUY,47.75,,NIFTY
2022-11-02 12:59:48,18150,PE,BUY,121.3,,NIFTY
2022-11-02 12:59:52,18150,CE,SELL,47.65,-0.10000000000000142,NIFTY
2022-11-02 12:59:52,18150,PE,SELL,121.1,-0.20000000000000284,NIFTY
2022-11-02 12:59:52,18100,CE,BUY,69.25,,NIFTY
2022-11-02 12:59:52,18100,PE,BUY,92.8,,NIFTY
2022-11-02 12:59:55,18100,CE,SELL,69.95,0.7000000000000028,NIFTY
2022-11-02 12:59:55,18100,PE,SELL,92.4,-0.3999999999999915,NIFTY
2022-11-02 12:59:55,18150,CE,BUY,48.2,,NIFTY
2022-11-02 12:59:55,18150,PE,BUY,120.65,,NIFTY
2022-11-02 13:00:02,18150,CE,SELL,47.15,-1.0500000000000043,NIFTY
2022-11-02 13:00:02,18150,PE,SELL,122.3,1.6499999999999915,NIFTY
2022-11-02 13:00:02,18100,CE,BUY,68.55,,NIFTY
2022-11-02 13:00:02,18100,PE,BUY,93.8,,NIFTY
2022-11-02 13:01:45,18100,CE,SELL,68.4,-0.14999999999999147,NIFTY
2022-11-02 13:01:45,18100,PE,SELL,94.1,0.29999999999999716,NIFTY
2022-11-02 13:01:45,18150,CE,BUY,47.2,,NIFTY
2022-11-02 13:01:45,18150,PE,BUY,122.55,,NIFTY
2022-11-02 13:01:46,18150,CE,SELL,47.2,0.0,NIFTY
2022-11-02 13:01:46,18150,PE,SELL,123.2,0.6500000000000057,NIFTY
2022-11-02 13:01:46,18100,CE,BUY,68.1,,NIFTY
2022-11-02 13:01:46,18100,PE,BUY,94.65,,NIFTY
2022-11-02 13:02:40,18100,CE,SELL,69.1,1.0,NIFTY
2022-11-02 13:02:40,18100,PE,SELL,93.65,-1.0,NIFTY
2022-11-02 13:02:40,18150,CE,BUY,47.65,,NIFTY
2022-11-02 13:02:40,18150,PE,BUY,122.35,,NIFTY
2022-11-02 13:02:42,18150,CE,SELL,47.8,0.14999999999999858,NIFTY
2022-11-02 13:02:42,18150,PE,SELL,121.85,-0.5,NIFTY
2022-11-02 13:02:42,18100,CE,BUY,69.35,,NIFTY
2022-11-02 13:02:42,18100,PE,BUY,93.75,,NIFTY
2022-11-02 13:02:45,18100,CE,SELL,69.3,-0.04999999999999716,NIFTY
2022-11-02 13:02:45,18100,PE,SELL,93.5,-0.25,NIFTY
2022-11-02 13:02:45,18150,CE,BUY,47.7,,NIFTY
2022-11-02 13:02:45,18150,PE,BUY,122.0,,NIFTY
2022-11-02 13:02:48,18150,CE,SELL,47.45,-0.25,NIFTY
2022-11-02 13:02:48,18150,PE,SELL,122.3,0.29999999999999716,NIFTY
2022-11-02 13:02:48,18100,CE,BUY,68.6,,NIFTY
2022-11-02 13:02:48,18100,PE,BUY,93.7,,NIFTY
2022-11-02 13:02:50,18100,CE,SELL,69.2,0.6000000000000085,NIFTY
2022-11-02 13:02:50,18100,PE,SELL,93.8,0.09999999999999432,NIFTY
2022-11-02 13:02:50,18150,CE,BUY,47.45,,NIFTY
2022-11-02 13:02:50,18150,PE,BUY,122.5,,NIFTY
2022-11-02 13:02:53,18150,CE,SELL,47.75,0.29999999999999716,NIFTY
2022-11-02 13:02:53,18150,PE,SELL,122.35,-0.15000000000000568,NIFTY
2022-11-02 13:02:53,18100,CE,BUY,69.0,,NIFTY
2022-11-02 13:02:53,18100,PE,BUY,93.6,,NIFTY
2022-11-02 13:02:55,18100,CE,SELL,69.15,0.15000000000000568,NIFTY
2022-11-02 13:02:55,18100,PE,SELL,94.0,0.4000000000000057,NIFTY
2022-11-02 13:02:55,18150,CE,BUY,47.6,,NIFTY
2022-11-02 13:02:55,18150,PE,BUY,122.35,,NIFTY
2022-11-02 13:02:56,18150,CE,SELL,47.65,0.04999999999999716,NIFTY
2022-11-02 13:02:56,18150,PE,SELL,122.3,-0.04999999999999716,NIFTY
2022-11-02 13:02:56,18100,CE,BUY,69.1,,NIFTY
2022-11-02 13:02:56,18100,PE,BUY,93.85,,NIFTY
2022-11-02 13:02:57,18100,CE,SELL,69.3,0.20000000000000284,NIFTY
2022-11-02 13:02:57,18100,PE,SELL,93.75,-0.09999999999999432,NIFTY
2022-11-02 13:02:57,18150,CE,BUY,47.7,,NIFTY
2022-11-02 13:02:57,18150,PE,BUY,122.3,,NIFTY
2022-11-02 13:03:05,18150,CE,SELL,48.1,0.3999999999999986,NIFTY
2022-11-02 13:03:05,18150,PE,SELL,121.5,-0.7999999999999972,NIFTY
2022-11-02 13:03:05,18100,CE,BUY,69.6,,NIFTY
2022-11-02 13:03:05,18100,PE,BUY,93.05,,NIFTY
2022-11-02 13:03:09,18100,CE,SELL,69.55,-0.04999999999999716,NIFTY
2022-11-02 13:03:09,18100,PE,SELL,92.65,-0.3999999999999915,NIFTY
2022-11-02 13:03:09,18150,CE,BUY,48.0,,NIFTY
2022-11-02 13:03:09,18150,PE,BUY,121.0,,NIFTY
2022-11-02 13:03:15,18150,CE,SELL,47.9,-0.10000000000000142,NIFTY
2022-11-02 13:03:15,18150,PE,SELL,121.35,0.3499999999999943,NIFTY
2022-11-02 13:03:15,18100,CE,BUY,69.55,,NIFTY
2022-11-02 13:03:15,18100,PE,BUY,93.05,,NIFTY
2022-11-02 13:03:17,18100,CE,SELL,69.2,-0.3499999999999943,NIFTY
2022-11-02 13:03:17,18100,PE,SELL,93.45,0.4000000000000057,NIFTY
2022-11-02 13:03:17,18150,CE,BUY,47.8,,NIFTY
2022-11-02 13:03:17,18150,PE,BUY,121.8,,NIFTY
2022-11-02 13:03:19,18150,CE,SELL,47.65,-0.14999999999999858,NIFTY
2022-11-02 13:03:19,18150,PE,SELL,121.75,-0.04999999999999716,NIFTY
2022-11-02 13:03:19,18100,CE,BUY,69.15,,NIFTY
2022-11-02 13:03:19,18100,PE,BUY,93.05,,NIFTY
2022-11-02 13:03:21,18100,CE,SELL,69.0,-0.15000000000000568,NIFTY
2022-11-02 13:03:21,18100,PE,SELL,93.4,0.3500000000000085,NIFTY
2022-11-02 13:03:21,18150,CE,BUY,47.6,,NIFTY
2022-11-02 13:03:21,18150,PE,BUY,121.75,,NIFTY
2022-11-02 13:03:30,18150,CE,SELL,47.7,0.10000000000000142,NIFTY
2022-11-02 13:03:30,18150,PE,SELL,122.0,0.25,NIFTY
2022-11-02 13:03:30,18100,CE,BUY,69.2,,NIFTY
2022-11-02 13:03:30,18100,PE,BUY,93.5,,NIFTY
2022-11-02 13:03:31,18100,CE,SELL,69.25,0.04999999999999716,NIFTY
2022-11-02 13:03:31,18100,PE,SELL,93.95,0.45000000000000284,NIFTY
2022-11-02 13:03:31,18150,CE,BUY,47.55,,NIFTY
2022-11-02 13:03:31,18150,PE,BUY,122.25,,NIFTY
2022-11-02 13:44:56,18150,CE,SELL,46.75,-0.7999999999999972,NIFTY
2022-11-02 13:44:56,18150,PE,SELL,124.2,1.9500000000000028,NIFTY
2022-11-02 13:44:56,18100,CE,BUY,67.5,,NIFTY
2022-11-02 13:44:56,18100,PE,BUY,95.3,,NIFTY
2022-11-02 13:45:43,18100,CE,SELL,68.35,0.8499999999999943,NIFTY
2022-11-02 13:45:43,18100,PE,SELL,93.9,-1.3999999999999915,NIFTY
2022-11-02 13:45:43,18150,CE,BUY,47.5,,NIFTY
2022-11-02 13:45:43,18150,PE,BUY,122.95,,NIFTY
2022-11-02 14:00:53,18150,CE,SELL,46.5,-1.0,NIFTY
2022-11-02 14:00:53,18150,PE,SELL,125.6,2.6499999999999915,NIFTY
2022-11-02 14:00:53,18100,CE,BUY,67.05,,NIFTY
2022-11-02 14:00:53,18100,PE,BUY,96.35,,NIFTY
2022-11-02 14:01:21,18100,CE,SELL,65.9,-1.1499999999999915,NIFTY
2022-11-02 14:01:21,18100,PE,SELL,96.3,-0.04999999999999716,NIFTY
2022-11-02 14:01:21,18150,CE,BUY,45.4,,NIFTY
2022-11-02 14:01:21,18150,PE,BUY,125.7,,NIFTY
2022-11-02 14:01:22,18150,CE,SELL,45.4,0.0,NIFTY
2022-11-02 14:01:22,18150,PE,SELL,125.35,-0.3500000000000085,NIFTY
2022-11-02 14:01:22,18100,CE,BUY,65.9,,NIFTY
2022-11-02 14:01:22,18100,PE,BUY,95.8,,NIFTY
2022-11-02 14:01:24,18100,CE,SELL,67.05,1.1499999999999915,NIFTY
2022-11-02 14:01:24,18100,PE,SELL,94.3,-1.5,NIFTY
2022-11-02 14:01:24,18150,CE,BUY,46.3,,NIFTY
2022-11-02 14:01:24,18150,PE,BUY,123.2,,NIFTY
2022-11-02 14:01:26,18150,CE,SELL,45.7,-0.5999999999999943,NIFTY
2022-11-02 14:01:26,18150,PE,SELL,124.95,1.75,NIFTY
2022-11-02 14:01:26,18100,CE,BUY,66.2,,NIFTY
2022-11-02 14:01:26,18100,PE,BUY,95.45,,NIFTY
2022-11-02 14:01:31,18100,CE,SELL,66.1,-0.10000000000000853,NIFTY
2022-11-02 14:01:31,18100,PE,SELL,96.1,0.6499999999999915,NIFTY
2022-11-02 14:01:31,18150,CE,BUY,45.65,,NIFTY
2022-11-02 14:01:31,18150,PE,BUY,125.4,,NIFTY
2022-11-02 14:01:35,18150,CE,SELL,46.0,0.3500000000000014,NIFTY
2022-11-02 14:01:35,18150,PE,SELL,125.2,-0.20000000000000284,NIFTY
2022-11-02 14:01:35,18100,CE,BUY,66.4,,NIFTY
2022-11-02 14:01:35,18100,PE,BUY,95.85,,NIFTY
2022-11-02 14:01:37,18100,CE,SELL,66.6,0.19999999999998863,NIFTY
2022-11-02 14:01:37,18100,PE,SELL,96.0,0.15000000000000568,NIFTY
2022-11-02 14:01:37,18150,CE,BUY,46.0,,NIFTY
2022-11-02 14:01:37,18150,PE,BUY,125.5,,NIFTY
2022-11-02 14:01:38,18150,CE,SELL,46.15,0.14999999999999858,NIFTY
2022-11-02 14:01:38,18150,PE,SELL,125.45,-0.04999999999999716,NIFTY
2022-11-02 14:01:38,18100,CE,BUY,66.55,,NIFTY
2022-11-02 14:01:38,18100,PE,BUY,96.15,,NIFTY
2022-11-02 14:01:40,18100,CE,SELL,67.65,1.1000000000000085,NIFTY
2022-11-02 14:01:40,18100,PE,SELL,94.9,-1.25,NIFTY
2022-11-02 14:01:40,18150,CE,BUY,46.95,,NIFTY
2022-11-02 14:01:40,18150,PE,BUY,123.6,,NIFTY
2022-11-02 14:04:48,18150,CE,SELL,46.45,-0.5,NIFTY
2022-11-02 14:04:48,18150,PE,SELL,124.05,0.45000000000000284,NIFTY
2022-11-02 14:04:48,18100,CE,BUY,67.25,,NIFTY
2022-11-02 14:04:48,18100,PE,BUY,94.85,,NIFTY
2022-11-02 14:04:51,18100,CE,SELL,67.35,0.09999999999999432,NIFTY
2022-11-02 14:04:51,18100,PE,SELL,94.8,-0.04999999999999716,NIFTY
2022-11-02 14:04:51,18150,CE,BUY,46.4,,NIFTY
2022-11-02 14:04:51,18150,PE,BUY,123.95,,NIFTY
2022-11-02 14:04:52,18150,CE,SELL,46.75,0.3500000000000014,NIFTY
2022-11-02 14:04:52,18150,PE,SELL,123.5,-0.45000000000000284,NIFTY
2022-11-02 14:04:52,18100,CE,BUY,67.55,,NIFTY
2022-11-02 14:04:52,18100,PE,BUY,94.7,,NIFTY
2022-11-02 14:04:53,18100,CE,SELL,67.55,0.0,NIFTY
2022-11-02 14:04:53,18100,PE,SELL,94.75,0.04999999999999716,NIFTY
2022-11-02 14:04:53,18150,CE,BUY,46.65,,NIFTY
2022-11-02 14:04:53,18150,PE,BUY,123.8,,NIFTY
2022-11-02 14:04:55,18150,CE,SELL,46.55,-0.10000000000000142,NIFTY
2022-11-02 14:04:55,18150,PE,SELL,124.05,0.25,NIFTY
2022-11-02 14:04:55,18100,CE,BUY,67.7,,NIFTY
2022-11-02 14:04:55,18100,PE,BUY,94.75,,NIFTY
2022-11-02 14:05:20,18100,CE,SELL,68.25,0.5499999999999972,NIFTY
2022-11-02 14:05:20,18100,PE,SELL,94.1,-0.6500000000000057,NIFTY
2022-11-02 14:05:20,18150,CE,BUY,47.4,,NIFTY
2022-11-02 14:05:20,18150,PE,BUY,123.05,,NIFTY
2022-11-02 14:05:52,18150,CE,SELL,46.25,-1.1499999999999986,NIFTY
2022-11-02 14:05:52,18150,PE,SELL,125.05,2.0,NIFTY
2022-11-02 14:05:52,18100,CE,BUY,66.85,,NIFTY
2022-11-02 14:05:52,18100,PE,BUY,95.7,,NIFTY
2022-11-02 14:06:24,18100,CE,SELL,68.1,1.25,NIFTY
2022-11-02 14:06:24,18100,PE,SELL,95.0,-0.7000000000000028,NIFTY
2022-11-02 14:06:24,18150,CE,BUY,47.15,,NIFTY
2022-11-02 14:06:24,18150,PE,BUY,123.75,,NIFTY
2022-11-02 14:06:26,18150,CE,SELL,47.35,0.20000000000000284,NIFTY
2022-11-02 14:06:26,18150,PE,SELL,123.8,0.04999999999999716,NIFTY
2022-11-02 14:06:26,18100,CE,BUY,68.15,,NIFTY
2022-11-02 14:06:26,18100,PE,BUY,94.8,,NIFTY
2022-11-02 14:06:34,18100,CE,SELL,68.0,-0.15000000000000568,NIFTY
2022-11-02 14:06:34,18100,PE,SELL,95.0,0.20000000000000284,NIFTY
2022-11-02 14:06:34,18150,CE,BUY,47.3,,NIFTY
2022-11-02 14:06:34,18150,PE,BUY,124.1,,NIFTY
2022-11-02 14:07:02,18150,CE,SELL,47.45,0.15000000000000568,NIFTY
2022-11-02 14:07:02,18150,PE,SELL,123.05,-1.0499999999999972,NIFTY
2022-11-02 14:07:02,18100,CE,BUY,68.45,,NIFTY
2022-11-02 14:07:02,18100,PE,BUY,94.15,,NIFTY
2022-11-02 14:07:03,18100,CE,SELL,68.65,0.20000000000000284,NIFTY
2022-11-02 14:07:03,18100,PE,SELL,94.15,0.0,NIFTY
2022-11-02 14:07:03,18150,CE,BUY,47.6,,NIFTY
2022-11-02 14:07:03,18150,PE,BUY,123.05,,NIFTY
2022-11-02 14:07:45,18150,CE,SELL,46.45,-1.1499999999999986,NIFTY
2022-11-02 14:07:45,18150,PE,SELL,125.0,1.9500000000000028,NIFTY
2022-11-02 14:07:45,18100,CE,BUY,67.1,,NIFTY
2022-11-02 14:07:45,18100,PE,BUY,96.0,,NIFTY
2022-11-02 14:08:48,18100,CE,SELL,67.0,-0.09999999999999432,NIFTY
2022-11-02 14:08:48,18100,PE,SELL,96.1,0.09999999999999432,NIFTY
2022-11-02 14:08:48,18150,CE,BUY,46.35,,NIFTY
2022-11-02 14:08:48,18150,PE,BUY,125.4,,NIFTY
2022-11-02 14:08:55,18150,CE,SELL,47.3,0.9499999999999957,NIFTY
2022-11-02 14:08:55,18150,PE,SELL,123.85,-1.5500000000000114,NIFTY
2022-11-02 14:08:55,18100,CE,BUY,68.0,,NIFTY
2022-11-02 14:08:55,18100,PE,BUY,94.8,,NIFTY
2022-11-02 14:08:56,18100,CE,SELL,67.95,-0.04999999999999716,NIFTY
2022-11-02 14:08:56,18100,PE,SELL,95.2,0.4000000000000057,NIFTY
2022-11-02 14:08:56,18150,CE,BUY,47.15,,NIFTY
2022-11-02 14:08:56,18150,PE,BUY,123.95,,NIFTY
2022-11-02 14:08:58,18150,CE,SELL,47.05,-0.10000000000000142,NIFTY
2022-11-02 14:08:58,18150,PE,SELL,124.65,0.7000000000000028,NIFTY
2022-11-02 14:08:58,18100,CE,BUY,67.6,,NIFTY
2022-11-02 14:08:58,18100,PE,BUY,95.6,,NIFTY
2022-11-02 14:09:04,18100,CE,SELL,68.0,0.4000000000000057,NIFTY
2022-11-02 14:09:04,18100,PE,SELL,95.35,-0.25,NIFTY
2022-11-02 14:09:04,18150,CE,BUY,47.1,,NIFTY
2022-11-02 14:09:04,18150,PE,BUY,124.4,,NIFTY
2022-11-02 14:09:06,18150,CE,SELL,46.95,-0.14999999999999858,NIFTY
2022-11-02 14:09:06,18150,PE,SELL,124.55,0.14999999999999147,NIFTY
2022-11-02 14:09:06,18100,CE,BUY,67.6,,NIFTY
2022-11-02 14:09:06,18100,PE,BUY,95.6,,NIFTY
2022-11-02 14:09:08,18100,CE,SELL,67.8,0.20000000000000284,NIFTY
2022-11-02 14:09:08,18100,PE,SELL,95.35,-0.25,NIFTY
2022-11-02 14:09:08,18150,CE,BUY,47.3,,NIFTY
2022-11-02 14:09:08,18150,PE,BUY,124.6,,NIFTY
2022-11-02 14:09:09,18150,CE,SELL,47.15,-0.14999999999999858,NIFTY
2022-11-02 14:09:09,18150,PE,SELL,124.5,-0.09999999999999432,NIFTY
2022-11-02 14:09:09,18100,CE,BUY,68.0,,NIFTY
2022-11-02 14:09:09,18100,PE,BUY,95.6,,NIFTY
2022-11-02 14:10:34,18100,CE,SELL,68.25,0.25,NIFTY
2022-11-02 14:10:34,18100,PE,SELL,94.85,-0.75,NIFTY
2022-11-02 14:10:34,18150,CE,BUY,47.6,,NIFTY
2022-11-02 14:10:34,18150,PE,BUY,123.95,,NIFTY
2022-11-02 14:11:04,18150,CE,SELL,47.65,0.04999999999999716,NIFTY
2022-11-02 14:11:04,18150,PE,SELL,123.9,-0.04999999999999716,NIFTY
2022-11-02 14:11:04,18100,CE,BUY,68.25,,NIFTY
2022-11-02 14:11:04,18100,PE,BUY,94.95,,NIFTY
2022-11-02 14:11:05,18100,CE,SELL,68.55,0.29999999999999716,NIFTY
2022-11-02 14:11:05,18100,PE,SELL,94.75,-0.20000000000000284,NIFTY
2022-11-02 14:11:05,18150,CE,BUY,47.7,,NIFTY
2022-11-02 14:11:05,18150,PE,BUY,123.9,,NIFTY
2022-11-02 14:11:15,18150,CE,SELL,47.9,0.19999999999999574,NIFTY
2022-11-02 14:11:15,18150,PE,SELL,123.2,-0.7000000000000028,NIFTY
2022-11-02 14:11:15,18100,CE,BUY,68.6,,NIFTY
2022-11-02 14:11:15,18100,PE,BUY,94.5,,NIFTY
2022-11-02 14:11:20,18100,CE,SELL,68.6,0.0,NIFTY
2022-11-02 14:11:20,18100,PE,SELL,94.8,0.29999999999999716,NIFTY
2022-11-02 14:11:20,18150,CE,BUY,47.65,,NIFTY
2022-11-02 14:11:20,18150,PE,BUY,123.95,,NIFTY
2022-11-02 14:11:35,18150,CE,SELL,47.5,-0.14999999999999858,NIFTY
2022-11-02 14:11:35,18150,PE,SELL,123.3,-0.6500000000000057,NIFTY
2022-11-02 14:11:35,18100,CE,BUY,68.2,,NIFTY
2022-11-02 14:11:35,18100,PE,BUY,94.35,,NIFTY
2022-11-02 14:11:37,18100,CE,SELL,68.55,0.3499999999999943,NIFTY
2022-11-02 14:11:37,18100,PE,SELL,94.0,-0.3499999999999943,NIFTY
2022-11-02 14:11:37,18150,CE,BUY,47.65,,NIFTY
2022-11-02 14:11:37,18150,PE,BUY,123.1,,NIFTY
2022-11-02 14:11:48,18150,CE,SELL,46.95,-0.6999999999999957,NIFTY
2022-11-02 14:11:48,18150,PE,SELL,124.2,1.1000000000000085,NIFTY
2022-11-02 14:11:48,18100,CE,BUY,67.5,,NIFTY
2022-11-02 14:11:48,18100,PE,BUY,95.3,,NIFTY
2022-11-02 14:11:49,18100,CE,SELL,67.7,0.20000000000000284,NIFTY
2022-11-02 14:11:49,18100,PE,SELL,95.1,-0.20000000000000284,NIFTY
2022-11-02 14:11:49,18150,CE,BUY,47.05,,NIFTY
2022-11-02 14:11:49,18150,PE,BUY,124.2,,NIFTY
2022-11-02 14:11:53,18150,CE,SELL,47.35,0.30000000000000426,NIFTY
2022-11-02 14:11:53,18150,PE,SELL,123.65,-0.5499999999999972,NIFTY
2022-11-02 14:11:53,18100,CE,BUY,68.0,,NIFTY
2022-11-02 14:11:53,18100,PE,BUY,94.6,,NIFTY
2022-11-02 14:11:55,18100,CE,SELL,68.2,0.20000000000000284,NIFTY
2022-11-02 14:11:55,18100,PE,SELL,94.85,0.25,NIFTY
2022-11-02 14:11:55,18150,CE,BUY,47.3,,NIFTY
2022-11-02 14:11:55,18150,PE,BUY,124.0,,NIFTY
2022-11-02 14:11:56,18150,CE,SELL,47.2,-0.09999999999999432,NIFTY
2022-11-02 14:11:56,18150,PE,SELL,124.0,0.0,NIFTY
2022-11-02 14:11:56,18100,CE,BUY,67.95,,NIFTY
2022-11-02 14:11:56,18100,PE,BUY,94.95,,NIFTY
2022-11-02 14:11:57,18100,CE,SELL,67.9,-0.04999999999999716,NIFTY
2022-11-02 14:11:57,18100,PE,SELL,95.1,0.14999999999999147,NIFTY
2022-11-02 14:11:57,18150,CE,BUY,47.1,,NIFTY
2022-11-02 14:11:57,18150,PE,BUY,124.0,,NIFTY
2022-11-02 14:12:05,18150,CE,SELL,47.3,0.19999999999999574,NIFTY
2022-11-02 14:12:05,18150,PE,SELL,124.25,0.25,NIFTY
2022-11-02 14:12:05,18100,CE,BUY,68.1,,NIFTY
2022-11-02 14:12:05,18100,PE,BUY,95.3,,NIFTY
2022-11-02 14:12:07,18100,CE,SELL,67.3,-0.7999999999999972,NIFTY
2022-11-02 14:12:07,18100,PE,SELL,95.45,0.15000000000000568,NIFTY
2022-11-02 14:12:07,18150,CE,BUY,46.75,,NIFTY
2022-11-02 14:12:07,18150,PE,BUY,124.3,,NIFTY
2022-11-02 14:12:08,18150,CE,SELL,46.7,-0.04999999999999716,NIFTY
2022-11-02 14:12:08,18150,PE,SELL,125.1,0.7999999999999972,NIFTY
2022-11-02 14:12:08,18100,CE,BUY,67.1,,NIFTY
2022-11-02 14:12:08,18100,PE,BUY,95.75,,NIFTY
2022-11-02 14:13:45,18100,CE,SELL,68.1,1.0,NIFTY
2022-11-02 14:13:45,18100,PE,SELL,94.2,-1.5499999999999972,NIFTY
2022-11-02 14:13:45,18150,CE,BUY,47.45,,NIFTY
2022-11-02 14:13:45,18150,PE,BUY,123.35,,NIFTY
2022-11-02 14:13:49,18150,CE,SELL,46.45,-1.0,NIFTY
2022-11-02 14:13:49,18150,PE,SELL,125.25,1.9000000000000057,NIFTY
2022-11-02 14:13:49,18100,CE,BUY,66.8,,NIFTY
2022-11-02 14:13:49,18100,PE,BUY,96.1,,NIFTY
2022-11-02 14:13:55,18100,CE,SELL,67.5,0.7000000000000028,NIFTY
2022-11-02 14:13:55,18100,PE,SELL,95.35,-0.75,NIFTY
2022-11-02 14:13:55,18150,CE,BUY,46.9,,NIFTY
2022-11-02 14:13:55,18150,PE,BUY,124.3,,NIFTY
2022-11-02 14:13:56,18150,CE,SELL,46.9,0.0,NIFTY
2022-11-02 14:13:56,18150,PE,SELL,124.5,0.20000000000000284,NIFTY
2022-11-02 14:13:56,18100,CE,BUY,67.3,,NIFTY
2022-11-02 14:13:56,18100,PE,BUY,95.4,,NIFTY
2022-11-02 14:15:14,18100,CE,SELL,68.15,0.8500000000000085,NIFTY
2022-11-02 14:15:14,18100,PE,SELL,94.8,-0.6000000000000085,NIFTY
2022-11-02 14:15:14,18150,CE,BUY,47.3,,NIFTY
2022-11-02 14:15:14,18150,PE,BUY,123.8,,NIFTY
2022-11-02 14:15:21,18150,CE,SELL,47.6,0.30000000000000426,NIFTY
2022-11-02 14:15:21,18150,PE,SELL,123.2,-0.5999999999999943,NIFTY
2022-11-02 14:15:21,18100,CE,BUY,68.3,,NIFTY
2022-11-02 14:15:21,18100,PE,BUY,94.25,,NIFTY
2022-11-02 14:15:22,18100,CE,SELL,68.65,0.3500000000000085,NIFTY
2022-11-02 14:15:22,18100,PE,SELL,93.95,-0.29999999999999716,NIFTY
2022-11-02 14:15:22,18150,CE,BUY,47.65,,NIFTY
2022-11-02 14:15:22,18150,PE,BUY,122.95,,NIFTY
2022-11-02 14:15:39,18150,CE,SELL,48.0,0.3500000000000014,NIFTY
2022-11-02 14:15:39,18150,PE,SELL,122.65,-0.29999999999999716,NIFTY
2022-11-02 14:15:39,18100,CE,BUY,68.9,,NIFTY
2022-11-02 14:15:39,18100,PE,BUY,93.65,,NIFTY
2022-11-02 14:15:40,18100,CE,SELL,69.2,0.29999999999999716,NIFTY
2022-11-02 14:15:40,18100,PE,SELL,92.9,-0.75,NIFTY
2022-11-02 14:15:40,18150,CE,BUY,48.1,,NIFTY
2022-11-02 14:15:40,18150,PE,BUY,122.65,,NIFTY
2022-11-02 14:15:57,18150,CE,SELL,47.55,-0.5500000000000043,NIFTY
2022-11-02 14:15:57,18150,PE,SELL,123.35,0.6999999999999886,NIFTY
2022-11-02 14:15:57,18100,CE,BUY,68.4,,NIFTY
2022-11-02 14:15:57,18100,PE,BUY,94.3,,NIFTY
2022-11-02 14:15:58,18100,CE,SELL,69.0,0.5999999999999943,NIFTY
2022-11-02 14:15:58,18100,PE,SELL,94.2,-0.09999999999999432,NIFTY
2022-11-02 14:15:58,18150,CE,BUY,47.95,,NIFTY
2022-11-02 14:15:58,18150,PE,BUY,123.05,,NIFTY
2022-11-02 14:16:04,18150,CE,SELL,47.55,-0.4000000000000057,NIFTY
2022-11-02 14:16:04,18150,PE,SELL,123.3,0.25,NIFTY
2022-11-02 14:16:04,18100,CE,BUY,68.45,,NIFTY
2022-11-02 14:16:04,18100,PE,BUY,94.65,,NIFTY
2022-11-02 14:16:05,18100,CE,SELL,68.6,0.14999999999999147,NIFTY
2022-11-02 14:16:05,18100,PE,SELL,94.65,0.0,NIFTY
2022-11-02 14:16:05,18150,CE,BUY,47.7,,NIFTY
2022-11-02 14:16:05,18150,PE,BUY,123.3,,NIFTY
2022-11-02 14:16:06,18150,CE,SELL,47.55,-0.15000000000000568,NIFTY
2022-11-02 14:16:06,18150,PE,SELL,123.5,0.20000000000000284,NIFTY
2022-11-02 14:16:06,18100,CE,BUY,68.35,,NIFTY
2022-11-02 14:16:06,18100,PE,BUY,94.4,,NIFTY
2022-11-02 14:16:07,18100,CE,SELL,68.05,-0.29999999999999716,NIFTY
2022-11-02 14:16:07,18100,PE,SELL,95.1,0.6999999999999886,NIFTY
2022-11-02 14:16:07,18150,CE,BUY,47.05,,NIFTY
2022-11-02 14:16:07,18150,PE,BUY,124.2,,NIFTY
2022-11-02 14:16:08,18150,CE,SELL,47.05,0.0,NIFTY
2022-11-02 14:16:08,18150,PE,SELL,124.4,0.20000000000000284,NIFTY
2022-11-02 14:16:08,18100,CE,BUY,68.05,,NIFTY
2022-11-02 14:16:08,18100,PE,BUY,95.25,,NIFTY
2022-11-02 14:16:29,18100,CE,SELL,67.8,-0.25,NIFTY
2022-11-02 14:16:29,18100,PE,SELL,95.25,0.0,NIFTY
2022-11-02 14:16:29,18150,CE,BUY,47.05,,NIFTY
2022-11-02 14:16:29,18150,PE,BUY,124.25,,NIFTY
2022-11-02 14:16:33,18150,CE,SELL,47.25,0.20000000000000284,NIFTY
2022-11-02 14:16:33,18150,PE,SELL,124.45,0.20000000000000284,NIFTY
2022-11-02 14:16:33,18100,CE,BUY,68.1,,NIFTY
2022-11-02 14:16:33,18100,PE,BUY,95.3,,NIFTY
2022-11-02 14:16:35,18100,CE,SELL,68.25,0.15000000000000568,NIFTY
2022-11-02 14:16:35,18100,PE,SELL,94.25,-1.0499999999999972,NIFTY
2022-11-02 14:16:35,18150,CE,BUY,47.85,,NIFTY
2022-11-02 14:16:35,18150,PE,BUY,123.15,,NIFTY
2022-11-02 14:17:10,18150,CE,SELL,46.55,-1.3000000000000043,NIFTY
2022-11-02 14:17:10,18150,PE,SELL,124.85,1.6999999999999886,NIFTY
2022-11-02 14:17:10,18100,CE,BUY,67.15,,NIFTY
2022-11-02 14:17:10,18100,PE,BUY,95.6,,NIFTY
2022-11-02 14:17:28,18100,CE,SELL,67.8,0.6499999999999915,NIFTY
2022-11-02 14:17:28,18100,PE,SELL,95.65,0.05000000000001137,NIFTY
2022-11-02 14:17:28,18150,CE,BUY,46.95,,NIFTY
2022-11-02 14:17:28,18150,PE,BUY,124.65,,NIFTY
2022-11-02 14:17:30,18150,CE,SELL,47.1,0.14999999999999858,NIFTY
2022-11-02 14:17:30,18150,PE,SELL,124.35,-0.30000000000001137,NIFTY
2022-11-02 14:17:30,18100,CE,BUY,67.9,,NIFTY
2022-11-02 14:17:30,18100,PE,BUY,95.1,,NIFTY
2022-11-02 14:17:33,18100,CE,SELL,68.05,0.14999999999999147,NIFTY
2022-11-02 14:17:33,18100,PE,SELL,95.15,0.05000000000001137,NIFTY
2022-11-02 14:17:33,18150,CE,BUY,47.25,,NIFTY
2022-11-02 14:17:33,18150,PE,BUY,124.35,,NIFTY
2022-11-02 14:58:46,18150,CE,SELL,48.7,1.4500000000000028,NIFTY
2022-11-02 14:58:46,18150,PE,SELL,125.4,1.0500000000000114,NIFTY
2022-11-02 14:58:46,18100,CE,BUY,69.5,,NIFTY
2022-11-02 14:58:46,18100,PE,BUY,96.3,,NIFTY
2022-11-02 14:58:49,18100,CE,SELL,69.45,-0.04999999999999716,NIFTY
2022-11-02 14:58:49,18100,PE,SELL,96.4,0.10000000000000853,NIFTY
2022-11-02 14:58:49,18150,CE,BUY,48.7,,NIFTY
2022-11-02 14:58:49,18150,PE,BUY,125.7,,NIFTY
2022-11-02 15:30:00,18150,CE,SELL,52.05,3.3499999999999943,NIFTY
2022-11-02 15:30:00,18150,PE,SELL,114.0,-11.700000000000003,NIFTY
2022-11-03 09:15:00,18000,CE,BUY,65.0,,NIFTY
2022-11-03 09:15:00,18000,PE,BUY,67.15,,NIFTY
2022-11-03 09:15:05,18000,CE,SELL,44.75,-20.25,NIFTY
2022-11-03 09:15:05,18000,PE,SELL,65.7,-1.4500000000000028,NIFTY
2022-11-03 09:15:05,18050,CE,BUY,25.75,,NIFTY
2022-11-03 09:15:05,18050,PE,BUY,96.8,,NIFTY
2022-11-03 09:18:32,18050,CE,SELL,40.9,15.149999999999999,NIFTY
2022-11-03 09:18:32,18050,PE,SELL,69.75,-27.049999999999997,NIFTY
2022-11-03 09:18:32,18100,CE,BUY,22.85,,NIFTY
2022-11-03 09:18:32,18100,PE,BUY,101.55,,NIFTY
2022-11-03 09:18:35,18100,CE,SELL,23.25,0.3999999999999986,NIFTY
2022-11-03 09:18:35,18100,PE,SELL,100.3,-1.25,NIFTY
2022-11-03 09:18:35,18050,CE,BUY,42.4,,NIFTY
2022-11-03 09:18:35,18050,PE,BUY,68.8,,NIFTY
2022-11-03 09:18:36,18050,CE,SELL,43.05,0.6499999999999986,NIFTY
2022-11-03 09:18:36,18050,PE,SELL,68.2,-0.5999999999999943,NIFTY
2022-11-03 09:18:36,18100,CE,BUY,24.1,,NIFTY
2022-11-03 09:18:36,18100,PE,BUY,99.5,,NIFTY
2022-11-03 09:18:43,18100,CE,SELL,23.85,-0.25,NIFTY
2022-11-03 09:18:43,18100,PE,SELL,101.15,1.6500000000000057,NIFTY
2022-11-03 09:18:43,18050,CE,BUY,42.5,,NIFTY
2022-11-03 09:18:43,18050,PE,BUY,69.55,,NIFTY
2022-11-03 09:18:45,18050,CE,SELL,42.6,0.10000000000000142,NIFTY
2022-11-03 09:18:45,18050,PE,SELL,69.05,-0.5,NIFTY
2022-11-03 09:18:45,18100,CE,BUY,23.85,,NIFTY
2022-11-03 09:18:45,18100,PE,BUY,100.3,,NIFTY
2022-11-03 09:18:53,18100,CE,SELL,23.05,-0.8000000000000007,NIFTY
2022-11-03 09:18:53,18100,PE,SELL,103.7,3.4000000000000057,NIFTY
2022-11-03 09:18:53,18050,CE,BUY,41.2,,NIFTY
2022-11-03 09:18:53,18050,PE,BUY,71.35,,NIFTY
2022-11-03 09:19:02,18050,CE,SELL,41.25,0.04999999999999716,NIFTY
2022-11-03 09:19:02,18050,PE,SELL,70.35,-1.0,NIFTY
2022-11-03 09:19:02,18100,CE,BUY,23.0,,NIFTY
2022-11-03 09:19:02,18100,PE,BUY,102.25,,NIFTY
2022-11-03 09:19:03,18100,CE,SELL,23.15,0.14999999999999858,NIFTY
2022-11-03 09:19:03,18100,PE,SELL,101.25,-1.0,NIFTY
2022-11-03 09:19:03,18050,CE,BUY,41.65,,NIFTY
2022-11-03 09:19:03,18050,PE,BUY,70.1,,NIFTY
2022-11-03 09:19:14,18050,CE,SELL,41.55,-0.10000000000000142,NIFTY
2022-11-03 09:19:14,18050,PE,SELL,69.5,-0.5999999999999943,NIFTY
2022-11-03 09:19:14,18100,CE,BUY,22.95,,NIFTY
2022-11-03 09:19:14,18100,PE,BUY,100.95,,NIFTY
2022-11-03 09:19:17,18100,CE,SELL,22.65,-0.3000000000000007,NIFTY
2022-11-03 09:19:17,18100,PE,SELL,100.7,-0.25,NIFTY
2022-11-03 09:19:17,18050,CE,BUY,41.0,,NIFTY
2022-11-03 09:19:17,18050,PE,BUY,69.1,,NIFTY
2022-11-03 09:19:18,18050,CE,SELL,40.95,-0.04999999999999716,NIFTY
2022-11-03 09:19:18,18050,PE,SELL,69.3,0.20000000000000284,NIFTY
2022-11-03 09:19:18,18100,CE,BUY,22.65,,NIFTY
2022-11-03 09:19:18,18100,PE,BUY,101.15,,NIFTY
2022-11-03 09:19:25,18100,CE,SELL,22.7,0.05000000000000071,NIFTY
2022-11-03 09:19:25,18100,PE,SELL,101.85,0.6999999999999886,NIFTY
2022-11-03 09:19:25,18050,CE,BUY,40.95,,NIFTY
2022-11-03 09:19:25,18050,PE,BUY,70.15,,NIFTY
2022-11-03 09:19:29,18050,CE,SELL,41.05,0.09999999999999432,NIFTY
2022-11-03 09:19:29,18050,PE,SELL,69.2,-0.9500000000000028,NIFTY
2022-11-03 09:19:29,18100,CE,BUY,22.75,,NIFTY
2022-11-03 09:19:29,18100,PE,BUY,101.05,,NIFTY
2022-11-03 09:19:30,18100,CE,SELL,22.9,0.14999999999999858,NIFTY
2022-11-03 09:19:30,18100,PE,SELL,100.95,-0.09999999999999432,NIFTY
2022-11-03 09:19:30,18050,CE,BUY,41.3,,NIFTY
2022-11-03 09:19:30,18050,PE,BUY,69.1,,NIFTY
2022-11-03 09:19:37,18050,CE,SELL,40.8,-0.5,NIFTY
2022-11-03 09:19:37,18050,PE,SELL,69.75,0.6500000000000057,NIFTY
2022-11-03 09:19:37,18100,CE,BUY,22.55,,NIFTY
2022-11-03 09:19:37,18100,PE,BUY,101.25,,NIFTY
2022-11-03 09:19:39,18100,CE,SELL,22.0,-0.5500000000000007,NIFTY
2022-11-03 09:19:39,18100,PE,SELL,103.15,1.9000000000000057,NIFTY
2022-11-03 09:19:39,18050,CE,BUY,40.55,,NIFTY
2022-11-03 09:19:39,18050,PE,BUY,70.9,,NIFTY
2022-11-03 09:27:51,18050,CE,SELL,37.6,-2.9499999999999957,NIFTY
2022-11-03 09:27:51,18050,PE,SELL,65.15,-5.75,NIFTY
2022-11-03 09:27:51,18100,CE,BUY,19.9,,NIFTY
2022-11-03 09:27:51,18100,PE,BUY,97.4,,NIFTY
2022-11-03 09:27:52,18100,CE,SELL,19.75,-0.14999999999999858,NIFTY
2022-11-03 09:27:52,18100,PE,SELL,97.1,-0.30000000000001137,NIFTY
2022-11-03 09:27:52,18050,CE,BUY,37.25,,NIFTY
2022-11-03 09:27:52,18050,PE,BUY,64.35,,NIFTY
2022-11-03 09:27:55,18050,CE,SELL,38.85,1.6000000000000014,NIFTY
2022-11-03 09:27:55,18050,PE,SELL,63.35,-0.9999999999999929,NIFTY
2022-11-03 09:27:55,18100,CE,BUY,20.55,,NIFTY
2022-11-03 09:27:55,18100,PE,BUY,94.05,,NIFTY
2022-11-03 09:28:48,18100,CE,SELL,19.8,-0.75,NIFTY
2022-11-03 09:28:48,18100,PE,SELL,95.55,1.5,NIFTY
2022-11-03 09:28:48,18050,CE,BUY,37.85,,NIFTY
2022-11-03 09:28:48,18050,PE,BUY,63.4,,NIFTY
2022-11-03 09:28:49,18050,CE,SELL,37.4,-0.45000000000000284,NIFTY
2022-11-03 09:28:49,18050,PE,SELL,63.5,0.10000000000000142,NIFTY
2022-11-03 09:28:49,18100,CE,BUY,19.5,,NIFTY
2022-11-03 09:28:49,18100,PE,BUY,95.75,,NIFTY
2022-11-03 09:45:17,18100,CE,SELL,35.1,15.600000000000001,NIFTY
2022-11-03 09:45:17,18100,PE,SELL,62.65,-33.1,NIFTY
2022-11-03 09:45:17,18150,CE,BUY,17.35,,NIFTY
2022-11-03 09:45:17,18150,PE,BUY,95.2,,NIFTY
2022-11-03 09:45:49,18150,CE,SELL,16.1,-1.25,NIFTY
2022-11-03 09:45:49,18150,PE,SELL,95.3,0.09999999999999432,NIFTY
2022-11-03 09:45:49,18100,CE,BUY,33.2,,NIFTY
2022-11-03 09:45:49,18100,PE,BUY,62.55,,NIFTY
2022-11-03 09:45:51,18100,CE,SELL,33.25,0.04999999999999716,NIFTY
2022-11-03 09:45:51,18100,PE,SELL,62.65,0.10000000000000142,NIFTY
2022-11-03 09:45:51,18150,CE,BUY,16.25,,NIFTY
2022-11-03 09:45:51,18150,PE,BUY,95.5,,NIFTY
2022-11-03 09:45:52,18150,CE,SELL,16.05,-0.1999999999999993,NIFTY
2022-11-03 09:45:52,18150,PE,SELL,95.4,-0.09999999999999432,NIFTY
2022-11-03 09:45:52,18100,CE,BUY,33.1,,NIFTY
2022-11-03 09:45:52,18100,PE,BUY,62.45,,NIFTY
2022-11-03 09:45:54,18100,CE,SELL,33.1,0.0,NIFTY
2022-11-03 09:45:54,18100,PE,SELL,62.5,0.04999999999999716,NIFTY
2022-11-03 09:45:54,18150,CE,BUY,16.05,,NIFTY
2022-11-03 09:45:54,18150,PE,BUY,95.5,,NIFTY
2022-11-03 09:45:59,18150,CE,SELL,16.1,0.05000000000000071,NIFTY
2022-11-03 09:45:59,18150,PE,SELL,95.75,0.25,NIFTY
2022-11-03 09:45:59,18100,CE,BUY,33.35,,NIFTY
2022-11-03 09:45:59,18100,PE,BUY,62.75,,NIFTY
2022-11-03 09:46:00,18100,CE,SELL,33.9,0.5499999999999972,NIFTY
2022-11-03 09:46:00,18100,PE,SELL,61.9,-0.8500000000000014,NIFTY
2022-11-03 09:46:00,18150,CE,BUY,16.5,,NIFTY
2022-11-03 09:46:00,18150,PE,BUY,95.1,,NIFTY
2022-11-03 09:46:02,18150,CE,SELL,16.65,0.14999999999999858,NIFTY
2022-11-03 09:46:02,18150,PE,SELL,95.65,0.5500000000000114,NIFTY
2022-11-03 09:46:02,18100,CE,BUY,33.9,,NIFTY
2022-11-03 09:46:02,18100,PE,BUY,62.65,,NIFTY
2022-11-03 09:46:03,18100,CE,SELL,34.05,0.14999999999999858,NIFTY
2022-11-03 09:46:03,18100,PE,SELL,62.35,-0.29999999999999716,NIFTY
2022-11-03 09:46:03,18150,CE,BUY,16.65,,NIFTY
2022-11-03 09:46:03,18150,PE,BUY,94.7,,NIFTY
2022-11-03 09:46:12,18150,CE,SELL,16.25,-0.3999999999999986,NIFTY
2022-11-03 09:46:12,18150,PE,SELL,96.0,1.2999999999999972,NIFTY
2022-11-03 09:46:12,18100,CE,BUY,33.25,,NIFTY
2022-11-03 09:46:12,18100,PE,BUY,62.85,,NIFTY
2022-11-03 09:46:13,18100,CE,SELL,33.5,0.25,NIFTY
2022-11-03 09:46:13,18100,PE,SELL,62.85,0.0,NIFTY
2022-11-03 09:46:13,18150,CE,BUY,16.35,,NIFTY
2022-11-03 09:46:13,18150,PE,BUY,96.0,,NIFTY
2022-11-03 09:46:16,18150,CE,SELL,15.85,-0.5000000000000018,NIFTY
2022-11-03 09:46:16,18150,PE,SELL,97.25,1.25,NIFTY
2022-11-03 09:46:16,18100,CE,BUY,32.7,,NIFTY
2022-11-03 09:46:16,18100,PE,BUY,64.0,,NIFTY
2022-11-03 09:46:17,18100,CE,SELL,32.7,0.0,NIFTY
2022-11-03 09:46:17,18100,PE,SELL,63.5,-0.5,NIFTY
2022-11-03 09:46:17,18150,CE,BUY,16.0,,NIFTY
2022-11-03 09:46:17,18150,PE,BUY,96.65,,NIFTY
2022-11-03 09:46:20,18150,CE,SELL,16.45,0.4499999999999993,NIFTY
2022-11-03 09:46:20,18150,PE,SELL,96.5,-0.15000000000000568,NIFTY
2022-11-03 09:46:20,18100,CE,BUY,33.65,,NIFTY
2022-11-03 09:46:20,18100,PE,BUY,62.95,,NIFTY
2022-11-03 09:46:21,18100,CE,SELL,33.7,0.05000000000000426,NIFTY
2022-11-03 09:46:21,18100,PE,SELL,63.2,0.25,NIFTY
2022-11-03 09:46:21,18150,CE,BUY,16.45,,NIFTY
2022-11-03 09:46:21,18150,PE,BUY,96.05,,NIFTY
2022-11-03 09:46:24,18150,CE,SELL,16.25,-0.1999999999999993,NIFTY
2022-11-03 09:46:24,18150,PE,SELL,96.45,0.4000000000000057,NIFTY
2022-11-03 09:46:24,18100,CE,BUY,33.05,,NIFTY
2022-11-03 09:46:24,18100,PE,BUY,63.7,,NIFTY
2022-11-03 09:54:16,18100,CE,SELL,33.8,0.75,NIFTY
2022-11-03 09:54:16,18100,PE,SELL,64.4,0.7000000000000028,NIFTY
2022-11-03 09:54:16,18150,CE,BUY,16.6,,NIFTY
2022-11-03 09:54:16,18150,PE,BUY,97.05,,NIFTY
2022-11-03 09:54:18,18150,CE,SELL,16.5,-0.10000000000000142,NIFTY
2022-11-03 09:54:18,18150,PE,SELL,97.05,0.0,NIFTY
2022-11-03 09:54:18,18100,CE,BUY,33.65,,NIFTY
2022-11-03 09:54:18,18100,PE,BUY,64.3,,NIFTY
2022-11-03 09:54:21,18100,CE,SELL,34.1,0.45000000000000284,NIFTY
2022-11-03 09:54:21,18100,PE,SELL,63.9,-0.3999999999999986,NIFTY
2022-11-03 09:54:21,18150,CE,BUY,16.7,,NIFTY
2022-11-03 09:54:21,18150,PE,BUY,96.45,,NIFTY
2022-11-03 09:54:22,18150,CE,SELL,16.65,-0.05000000000000071,NIFTY
2022-11-03 09:54:22,18150,PE,SELL,96.75,0.29999999999999716,NIFTY
2022-11-03 09:54:22,18100,CE,BUY,34.2,,NIFTY
2022-11-03 09:54:22,18100,PE,BUY,63.7,,NIFTY
2022-11-03 09:54:27,18100,CE,SELL,34.75,0.5499999999999972,NIFTY
2022-11-03 09:54:27,18100,PE,SELL,62.95,-0.75,NIFTY
2022-11-03 09:54:27,18150,CE,BUY,17.25,,NIFTY
2022-11-03 09:54:27,18150,PE,BUY,95.55,,NIFTY
2022-11-03 09:54:41,18150,CE,SELL,16.85,-0.3999999999999986,NIFTY
2022-11-03 09:54:41,18150,PE,SELL,95.6,0.04999999999999716,NIFTY
2022-11-03 09:54:41,18100,CE,BUY,34.5,,NIFTY
2022-11-03 09:54:41,18100,PE,BUY,63.1,,NIFTY
2022-11-03 09:54:42,18100,CE,SELL,34.7,0.20000000000000284,NIFTY
2022-11-03 09:54:42,18100,PE,SELL,62.5,-0.6000000000000014,NIFTY
2022-11-03 09:54:42,18150,CE,BUY,17.0,,NIFTY
2022-11-03 09:54:42,18150,PE,BUY,95.0,,NIFTY
2022-11-03 09:54:59,18150,CE,SELL,16.5,-0.5,NIFTY
2022-11-03 09:54:59,18150,PE,SELL,96.45,1.4500000000000028,NIFTY
2022-11-03 09:54:59,18100,CE,BUY,33.8,,NIFTY
2022-11-03 09:54:59,18100,PE,BUY,63.65,,NIFTY
2022-11-03 09:55:00,18100,CE,SELL,33.55,-0.25,NIFTY
2022-11-03 09:55:00,18100,PE,SELL,63.65,0.0,NIFTY
2022-11-03 09:55:00,18150,CE,BUY,16.35,,NIFTY
2022-11-03 09:55:00,18150,PE,BUY,96.45,,NIFTY
2022-11-03 09:55:03,18150,CE,SELL,16.35,0.0,NIFTY
2022-11-03 09:55:03,18150,PE,SELL,96.95,0.5,NIFTY
2022-11-03 09:55:03,18100,CE,BUY,33.5,,NIFTY
2022-11-03 09:55:03,18100,PE,BUY,64.3,,NIFTY
2022-11-03 09:55:05,18100,CE,SELL,32.9,-0.6000000000000014,NIFTY
2022-11-03 09:55:05,18100,PE,SELL,64.75,0.45000000000000284,NIFTY
2022-11-03 09:55:05,18150,CE,BUY,15.95,,NIFTY
2022-11-03 09:55:05,18150,PE,BUY,97.85,,NIFTY
2022-11-03 09:55:06,18150,CE,SELL,16.05,0.10000000000000142,NIFTY
2022-11-03 09:55:06,18150,PE,SELL,98.3,0.45000000000000284,NIFTY
2022-11-03 09:55:06,18100,CE,BUY,32.95,,NIFTY
2022-11-03 09:55:06,18100,PE,BUY,64.85,,NIFTY
2022-11-03 09:55:07,18100,CE,SELL,32.8,-0.15000000000000568,NIFTY
2022-11-03 09:55:07,18100,PE,SELL,64.65,-0.19999999999998863,NIFTY
2022-11-03 09:55:07,18150,CE,BUY,16.0,,NIFTY
2022-11-03 09:55:07,18150,PE,BUY,97.6,,NIFTY
2022-11-03 09:55:09,18150,CE,SELL,16.15,0.14999999999999858,NIFTY
2022-11-03 09:55:09,18150,PE,SELL,97.6,0.0,NIFTY
2022-11-03 09:55:09,18100,CE,BUY,33.3,,NIFTY
2022-11-03 09:55:09,18100,PE,BUY,64.4,,NIFTY
2022-11-03 09:55:14,18100,CE,SELL,33.55,0.25,NIFTY
2022-11-03 09:55:14,18100,PE,SELL,63.95,-0.45000000000000284,NIFTY
2022-11-03 09:55:14,18150,CE,BUY,16.3,,NIFTY
2022-11-03 09:55:14,18150,PE,BUY,96.9,,NIFTY
2022-11-03 09:55:16,18150,CE,SELL,16.2,-0.10000000000000142,NIFTY
2022-11-03 09:55:16,18150,PE,SELL,96.95,0.04999999999999716,NIFTY
2022-11-03 09:55:16,18100,CE,BUY,33.3,,NIFTY
2022-11-03 09:55:16,18100,PE,BUY,63.9,,NIFTY
2022-11-03 09:55:17,18100,CE,SELL,33.7,0.4000000000000057,NIFTY
2022-11-03 09:55:17,18100,PE,SELL,63.45,-0.44999999999999574,NIFTY
2022-11-03 09:55:17,18150,CE,BUY,16.45,,NIFTY
2022-11-03 09:55:17,18150,PE,BUY,96.3,,NIFTY
2022-11-03 09:55:46,18150,CE,SELL,16.2,-0.25,NIFTY
2022-11-03 09:55:46,18150,PE,SELL,98.0,1.7000000000000028,NIFTY
2022-11-03 09:55:46,18100,CE,BUY,32.9,,NIFTY
2022-11-03 09:55:46,18100,PE,BUY,64.65,,NIFTY
2022-11-03 09:55:48,18100,CE,SELL,33.0,0.10000000000000142,NIFTY
2022-11-03 09:55:48,18100,PE,SELL,65.0,0.3499999999999943,NIFTY
2022-11-03 09:55:48,18150,CE,BUY,16.05,,NIFTY
2022-11-03 09:55:48,18150,PE,BUY,98.15,,NIFTY
2022-11-03 09:55:49,18150,CE,SELL,16.05,0.0,NIFTY
2022-11-03 09:55:49,18150,PE,SELL,98.15,0.0,NIFTY
2022-11-03 09:55:49,18100,CE,BUY,33.0,,NIFTY
2022-11-03 09:55:49,18100,PE,BUY,65.0,,NIFTY
2022-11-03 09:55:53,18100,CE,SELL,33.25,0.25,NIFTY
2022-11-03 09:55:53,18100,PE,SELL,64.65,-0.3499999999999943,NIFTY
2022-11-03 09:55:53,18150,CE,BUY,16.05,,NIFTY
2022-11-03 09:55:53,18150,PE,BUY,98.0,,NIFTY
2022-11-03 09:55:54,18150,CE,SELL,16.2,0.14999999999999858,NIFTY
2022-11-03 09:55:54,18150,PE,SELL,97.15,-0.8499999999999943,NIFTY
2022-11-03 09:55:54,18100,CE,BUY,33.25,,NIFTY
2022-11-03 09:55:54,18100,PE,BUY,64.4,,NIFTY
2022-11-03 09:55:57,18100,CE,SELL,33.05,-0.20000000000000284,NIFTY
2022-11-03 09:55:57,18100,PE,SELL,65.3,0.8999999999999915,NIFTY
2022-11-03 09:55:57,18150,CE,BUY,16.4,,NIFTY
2022-11-03 09:55:57,18150,PE,BUY,97.65,,NIFTY
2022-11-03 09:55:58,18150,CE,SELL,16.15,-0.25,NIFTY
2022-11-03 09:55:58,18150,PE,SELL,97.95,0.29999999999999716,NIFTY
2022-11-03 09:55:58,18100,CE,BUY,33.05,,NIFTY
2022-11-03 09:55:58,18100,PE,BUY,64.3,,NIFTY
2022-11-03 09:56:00,18100,CE,SELL,33.55,0.5,NIFTY
2022-11-03 09:56:00,18100,PE,SELL,64.55,0.25,NIFTY
2022-11-03 09:56:00,18150,CE,BUY,16.45,,NIFTY
2022-11-03 09:56:00,18150,PE,BUY,97.7,,NIFTY
2022-11-03 09:56:07,18150,CE,SELL,16.5,0.05000000000000071,NIFTY
2022-11-03 09:56:07,18150,PE,SELL,97.55,-0.15000000000000568,NIFTY
2022-11-03 09:56:07,18100,CE,BUY,33.3,,NIFTY
2022-11-03 09:56:07,18100,PE,BUY,64.5,,NIFTY
2022-11-03 09:56:10,18100,CE,SELL,33.55,0.25,NIFTY
2022-11-03 09:56:10,18100,PE,SELL,63.8,-0.7000000000000028,NIFTY
2022-11-03 09:56:10,18150,CE,BUY,16.4,,NIFTY
2022-11-03 09:56:10,18150,PE,BUY,96.8,,NIFTY
2022-11-03 09:56:12,18150,CE,SELL,16.0,-0.3999999999999986,NIFTY
2022-11-03 09:56:12,18150,PE,SELL,98.0,1.2000000000000028,NIFTY
2022-11-03 09:56:12,18100,CE,BUY,32.95,,NIFTY
2022-11-03 09:56:12,18100,PE,BUY,64.95,,NIFTY
2022-11-03 09:56:28,18100,CE,SELL,34.2,1.25,NIFTY
2022-11-03 09:56:28,18100,PE,SELL,63.0,-1.9500000000000028,NIFTY
2022-11-03 09:56:28,18150,CE,BUY,16.8,,NIFTY
2022-11-03 09:56:28,18150,PE,BUY,95.35,,NIFTY
2022-11-03 09:56:49,18150,CE,SELL,16.65,-0.15000000000000213,NIFTY
2022-11-03 09:56:49,18150,PE,SELL,96.4,1.0500000000000114,NIFTY
2022-11-03 09:56:49,18100,CE,BUY,33.95,,NIFTY
2022-11-03 09:56:49,18100,PE,BUY,63.95,,NIFTY
2022-11-03 09:56:51,18100,CE,SELL,34.6,0.6499999999999986,NIFTY
2022-11-03 09:56:51,18100,PE,SELL,62.8,-1.1500000000000057,NIFTY
2022-11-03 09:56:51,18150,CE,BUY,17.0,,NIFTY
2022-11-03 09:56:51,18150,PE,BUY,95.2,,NIFTY
2022-11-03 09:56:57,18150,CE,SELL,16.75,-0.25,NIFTY
2022-11-03 09:56:57,18150,PE,SELL,96.15,0.9500000000000028,NIFTY
2022-11-03 09:56:57,18100,CE,BUY,34.0,,NIFTY
2022-11-03 09:56:57,18100,PE,BUY,63.55,,NIFTY
2022-11-03 09:56:58,18100,CE,SELL,34.0,0.0,NIFTY
2022-11-03 09:56:58,18100,PE,SELL,63.5,-0.04999999999999716,NIFTY
2022-11-03 09:56:58,18150,CE,BUY,16.55,,NIFTY
2022-11-03 09:56:58,18150,PE,BUY,96.2,,NIFTY
2022-11-03 09:57:06,18150,CE,SELL,15.8,-0.75,NIFTY
2022-11-03 09:57:06,18150,PE,SELL,98.2,2.0,NIFTY
2022-11-03 09:57:06,18100,CE,BUY,32.8,,NIFTY
2022-11-03 09:57:06,18100,PE,BUY,65.0,,NIFTY
2022-11-03 09:57:32,18100,CE,SELL,33.8,1.0,NIFTY
2022-11-03 09:57:32,18100,PE,SELL,63.4,-1.6000000000000014,NIFTY
2022-11-03 09:57:32,18150,CE,BUY,16.6,,NIFTY
2022-11-03 09:57:32,18150,PE,BUY,96.0,,NIFTY
2022-11-03 09:57:38,18150,CE,SELL,16.7,0.09999999999999787,NIFTY
2022-11-03 09:57:38,18150,PE,SELL,95.9,-0.09999999999999432,NIFTY
2022-11-03 09:57:38,18100,CE,BUY,34.2,,NIFTY
2022-11-03 09:57:38,18100,PE,BUY,63.4,,NIFTY
2022-11-03 09:57:40,18100,CE,SELL,33.55,-0.6500000000000057,NIFTY
2022-11-03 09:57:40,18100,PE,SELL,63.55,0.14999999999999858,NIFTY
2022-11-03 09:57:40,18150,CE,BUY,16.3,,NIFTY
2022-11-03 09:57:40,18150,PE,BUY,96.8,,NIFTY
2022-11-03 09:57:43,18150,CE,SELL,16.5,0.1999999999999993,NIFTY
2022-11-03 09:57:43,18150,PE,SELL,96.65,-0.14999999999999147,NIFTY
2022-11-03 09:57:43,18100,CE,BUY,33.7,,NIFTY
2022-11-03 09:57:43,18100,PE,BUY,63.65,,NIFTY
2022-11-03 10:00:28,18100,CE,SELL,34.25,0.5499999999999972,NIFTY
2022-11-03 10:00:28,18100,PE,SELL,62.7,-0.9499999999999957,NIFTY
2022-11-03 10:00:28,18150,CE,BUY,16.7,,NIFTY
2022-11-03 10:00:28,18150,PE,BUY,95.65,,NIFTY
2022-11-03 10:00:50,18150,CE,SELL,16.35,-0.34999999999999787,NIFTY
2022-11-03 10:00:50,18150,PE,SELL,95.8,0.14999999999999147,NIFTY
2022-11-03 10:00:50,18100,CE,BUY,33.65,,NIFTY
2022-11-03 10:00:50,18100,PE,BUY,62.9,,NIFTY
2022-11-03 10:00:52,18100,CE,SELL,33.85,0.20000000000000284,NIFTY
2022-11-03 10:00:52,18100,PE,SELL,62.75,-0.14999999999999858,NIFTY
2022-11-03 10:00:52,18150,CE,BUY,16.45,,NIFTY
2022-11-03 10:00:52,18150,PE,BUY,95.55,,NIFTY
2022-11-03 10:01:04,18150,CE,SELL,15.6,-0.8499999999999996,NIFTY
2022-11-03 10:01:04,18150,PE,SELL,97.5,1.9500000000000028,NIFTY
2022-11-03 10:01:04,18100,CE,BUY,32.35,,NIFTY
2022-11-03 10:01:04,18100,PE,BUY,64.2,,NIFTY
2022-11-03 10:01:05,18100,CE,SELL,32.6,0.25,NIFTY
2022-11-03 10:01:05,18100,PE,SELL,64.25,0.04999999999999716,NIFTY
2022-11-03 10:01:05,18150,CE,BUY,15.55,,NIFTY
2022-11-03 10:01:05,18150,PE,BUY,97.2,,NIFTY
2022-11-03 10:01:06,18150,CE,SELL,15.2,-0.3500000000000014,NIFTY
2022-11-03 10:01:06,18150,PE,SELL,98.55,1.3499999999999943,NIFTY
2022-11-03 10:01:06,18100,CE,BUY,31.6,,NIFTY
2022-11-03 10:01:06,18100,PE,BUY,65.05,,NIFTY
2022-11-03 10:14:52,18100,CE,SELL,32.75,1.1499999999999986,NIFTY
2022-11-03 10:14:52,18100,PE,SELL,56.65,-8.399999999999999,NIFTY
2022-11-03 10:14:52,18150,CE,BUY,15.5,,NIFTY
2022-11-03 10:14:52,18150,PE,BUY,89.15,,NIFTY
2022-11-03 11:01:54,18150,CE,SELL,8.85,-6.65,NIFTY
2022-11-03 11:01:54,18150,PE,SELL,89.1,-0.05000000000001137,NIFTY
2022-11-03 11:01:54,18100,CE,BUY,23.8,,NIFTY
2022-11-03 11:01:54,18100,PE,BUY,53.95,,NIFTY
2022-11-03 11:02:15,18100,CE,SELL,25.35,1.5500000000000007,NIFTY
2022-11-03 11:02:15,18100,PE,SELL,52.25,-1.7000000000000028,NIFTY
2022-11-03 11:02:15,18150,CE,BUY,9.7,,NIFTY
2022-11-03 11:02:15,18150,PE,BUY,86.5,,NIFTY
2022-11-03 11:02:30,18150,CE,SELL,9.4,-0.29999999999999893,NIFTY
2022-11-03 11:02:30,18150,PE,SELL,86.85,0.3499999999999943,NIFTY
2022-11-03 11:02:30,18100,CE,BUY,24.8,,NIFTY
2022-11-03 11:02:30,18100,PE,BUY,52.7,,NIFTY
2022-11-03 11:02:35,18100,CE,SELL,24.45,-0.3500000000000014,NIFTY
2022-11-03 11:02:35,18100,PE,SELL,53.5,0.7999999999999972,NIFTY
2022-11-03 11:02:35,18150,CE,BUY,9.15,,NIFTY
2022-11-03 11:02:35,18150,PE,BUY,88.1,,NIFTY
2022-11-03 11:02:36,18150,CE,SELL,9.35,0.1999999999999993,NIFTY
2022-11-03 11:02:36,18150,PE,SELL,87.35,-0.75,NIFTY
2022-11-03 11:02:36,18100,CE,BUY,24.65,,NIFTY
2022-11-03 11:02:36,18100,PE,BUY,53.1,,NIFTY
2022-11-03 11:03:39,18100,CE,SELL,24.95,0.3000000000000007,NIFTY
2022-11-03 11:03:39,18100,PE,SELL,52.5,-0.6000000000000014,NIFTY
2022-11-03 11:03:39,18150,CE,BUY,9.45,,NIFTY
2022-11-03 11:03:39,18150,PE,BUY,86.85,,NIFTY
2022-11-03 11:03:43,18150,CE,SELL,9.35,-0.09999999999999964,NIFTY
2022-11-03 11:03:43,18150,PE,SELL,87.25,0.4000000000000057,NIFTY
2022-11-03 11:03:43,18100,CE,BUY,24.9,,NIFTY
2022-11-03 11:03:43,18100,PE,BUY,52.65,,NIFTY
2022-11-03 11:03:44,18100,CE,SELL,25.05,0.15000000000000213,NIFTY
2022-11-03 11:03:44,18100,PE,SELL,52.75,0.10000000000000142,NIFTY
2022-11-03 11:03:44,18150,CE,BUY,9.45,,NIFTY
2022-11-03 11:03:44,18150,PE,BUY,87.25,,NIFTY
2022-11-03 11:04:03,18150,CE,SELL,9.45,0.0,NIFTY
2022-11-03 11:04:03,18150,PE,SELL,87.1,-0.15000000000000568,NIFTY
2022-11-03 11:04:03,18100,CE,BUY,24.95,,NIFTY
2022-11-03 11:04:03,18100,PE,BUY,52.75,,NIFTY
2022-11-03 11:04:04,18100,CE,SELL,25.0,0.05000000000000071,NIFTY
2022-11-03 11:04:04,18100,PE,SELL,52.85,0.10000000000000142,NIFTY
2022-11-03 11:04:04,18150,CE,BUY,9.5,,NIFTY
2022-11-03 11:04:04,18150,PE,BUY,87.4,,NIFTY
2022-11-03 11:04:23,18150,CE,SELL,9.4,-0.09999999999999964,NIFTY
2022-11-03 11:04:23,18150,PE,SELL,88.65,1.25,NIFTY
2022-11-03 11:04:23,18100,CE,BUY,24.7,,NIFTY
2022-11-03 11:04:23,18100,PE,BUY,53.6,,NIFTY
2022-11-03 11:04:25,18100,CE,SELL,24.75,0.05000000000000071,NIFTY
2022-11-03 11:04:25,18100,PE,SELL,53.1,-0.5,NIFTY
2022-11-03 11:04:25,18150,CE,BUY,9.4,,NIFTY
2022-11-03 11:04:25,18150,PE,BUY,87.65,,NIFTY
2022-11-03 11:04:38,18150,CE,SELL,9.25,-0.15000000000000036,NIFTY
2022-11-03 11:04:38,18150,PE,SELL,88.05,0.3999999999999915,NIFTY
2022-11-03 11:04:38,18100,CE,BUY,24.7,,NIFTY
2022-11-03 11:04:38,18100,PE,BUY,53.2,,NIFTY
2022-11-03 11:04:41,18100,CE,SELL,24.3,-0.3999999999999986,NIFTY
2022-11-03 11:04:41,18100,PE,SELL,53.7,0.5,NIFTY
2022-11-03 11:04:41,18150,CE,BUY,9.1,,NIFTY
2022-11-03 11:04:41,18150,PE,BUY,88.5,,NIFTY
2022-11-03 11:04:43,18150,CE,SELL,9.1,0.0,NIFTY
2022-11-03 11:04:43,18150,PE,SELL,88.5,0.0,NIFTY
2022-11-03 11:04:43,18100,CE,BUY,24.45,,NIFTY
2022-11-03 11:04:43,18100,PE,BUY,53.75,,NIFTY
2022-11-03 11:04:59,18100,CE,SELL,24.7,0.25,NIFTY
2022-11-03 11:04:59,18100,PE,SELL,52.8,-0.9500000000000028,NIFTY
2022-11-03 11:04:59,18150,CE,BUY,9.35,,NIFTY
2022-11-03 11:04:59,18150,PE,BUY,87.35,,NIFTY
2022-11-03 11:05:07,18150,CE,SELL,9.3,-0.049999999999998934,NIFTY
2022-11-03 11:05:07,18150,PE,SELL,87.6,0.25,NIFTY
2022-11-03 11:05:07,18100,CE,BUY,24.8,,NIFTY
2022-11-03 11:05:07,18100,PE,BUY,52.95,,NIFTY
2022-11-03 11:05:08,18100,CE,SELL,24.9,0.09999999999999787,NIFTY
2022-11-03 11:05:08,18100,PE,SELL,52.85,-0.10000000000000142,NIFTY
2022-11-03 11:05:08,18150,CE,BUY,9.3,,NIFTY
2022-11-03 11:05:08,18150,PE,BUY,87.6,,NIFTY
2022-11-03 11:05:14,18150,CE,SELL,9.3,0.0,NIFTY
2022-11-03 11:05:14,18150,PE,SELL,87.85,0.25,NIFTY
2022-11-03 11:05:14,18100,CE,BUY,24.75,,NIFTY
2022-11-03 11:05:14,18100,PE,BUY,53.1,,NIFTY
2022-11-03 11:05:16,18100,CE,SELL,24.75,0.0,NIFTY
2022-11-03 11:05:16,18100,PE,SELL,53.2,0.10000000000000142,NIFTY
2022-11-03 11:05:16,18150,CE,BUY,9.3,,NIFTY
2022-11-03 11:05:16,18150,PE,BUY,87.7,,NIFTY
2022-11-03 11:05:17,18150,CE,SELL,9.2,-0.10000000000000142,NIFTY
2022-11-03 11:05:17,18150,PE,SELL,88.3,0.5999999999999943,NIFTY
2022-11-03 11:05:17,18100,CE,BUY,24.6,,NIFTY
2022-11-03 11:05:17,18100,PE,BUY,53.5,,NIFTY
2022-11-03 11:05:20,18100,CE,SELL,24.35,-0.25,NIFTY
2022-11-03 11:05:20,18100,PE,SELL,53.7,0.20000000000000284,NIFTY
2022-11-03 11:05:20,18150,CE,BUY,9.05,,NIFTY
2022-11-03 11:05:20,18150,PE,BUY,88.6,,NIFTY
2022-11-03 11:05:26,18150,CE,SELL,9.1,0.049999999999998934,NIFTY
2022-11-03 11:05:26,18150,PE,SELL,88.5,-0.09999999999999432,NIFTY
2022-11-03 11:05:26,18100,CE,BUY,24.4,,NIFTY
2022-11-03 11:05:26,18100,PE,BUY,53.6,,NIFTY
2022-11-03 11:05:30,18100,CE,SELL,24.55,0.15000000000000213,NIFTY
2022-11-03 11:05:30,18100,PE,SELL,53.75,0.14999999999999858,NIFTY
2022-11-03 11:05:30,18150,CE,BUY,9.2,,NIFTY
2022-11-03 11:05:30,18150,PE,BUY,88.25,,NIFTY
2022-11-03 11:05:33,18150,CE,SELL,8.85,-0.34999999999999964,NIFTY
2022-11-03 11:05:33,18150,PE,SELL,89.5,1.25,NIFTY
2022-11-03 11:05:33,18100,CE,BUY,23.95,,NIFTY
2022-11-03 11:05:33,18100,PE,BUY,54.7,,NIFTY
2022-11-03 11:05:39,18100,CE,SELL,24.15,0.1999999999999993,NIFTY
2022-11-03 11:05:39,18100,PE,SELL,54.15,-0.5500000000000043,NIFTY
2022-11-03 11:05:39,18150,CE,BUY,9.0,,NIFTY
2022-11-03 11:05:39,18150,PE,BUY,88.8,,NIFTY
2022-11-03 11:05:41,18150,CE,SELL,8.95,-0.05000000000000071,NIFTY
2022-11-03 11:05:41,18150,PE,SELL,89.0,0.20000000000000284,NIFTY
2022-11-03 11:05:41,18100,CE,BUY,24.15,,NIFTY
2022-11-03 11:05:41,18100,PE,BUY,54.15,,NIFTY
2022-11-03 11:05:45,18100,CE,SELL,24.1,-0.04999999999999716,NIFTY
2022-11-03 11:05:45,18100,PE,SELL,54.2,0.05000000000000426,NIFTY
2022-11-03 11:05:45,18150,CE,BUY,8.95,,NIFTY
2022-11-03 11:05:45,18150,PE,BUY,89.15,,NIFTY
2022-11-03 11:05:54,18150,CE,SELL,8.8,-0.14999999999999858,NIFTY
2022-11-03 11:05:54,18150,PE,SELL,89.5,0.3499999999999943,NIFTY
2022-11-03 11:05:54,18100,CE,BUY,23.8,,NIFTY
2022-11-03 11:05:54,18100,PE,BUY,54.75,,NIFTY
2022-11-03 11:11:18,18100,CE,SELL,22.75,-1.0500000000000007,NIFTY
2022-11-03 11:11:18,18100,PE,SELL,52.4,-2.3500000000000014,NIFTY
2022-11-03 11:11:18,18150,CE,BUY,8.05,,NIFTY
2022-11-03 11:11:18,18150,PE,BUY,87.65,,NIFTY
2022-11-03 11:11:27,18150,CE,SELL,8.1,0.049999999999998934,NIFTY
2022-11-03 11:11:27,18150,PE,SELL,87.85,0.19999999999998863,NIFTY
2022-11-03 11:11:27,18100,CE,BUY,22.8,,NIFTY
2022-11-03 11:11:27,18100,PE,BUY,52.3,,NIFTY
2022-11-03 11:11:30,18100,CE,SELL,22.75,-0.05000000000000071,NIFTY
2022-11-03 11:11:30,18100,PE,SELL,52.35,0.05000000000000426,NIFTY
2022-11-03 11:11:30,18150,CE,BUY,8.05,,NIFTY
2022-11-03 11:11:30,18150,PE,BUY,87.95,,NIFTY
2022-11-03 11:12:35,18150,CE,SELL,8.0,-0.05000000000000071,NIFTY
2022-11-03 11:12:35,18150,PE,SELL,89.3,1.3499999999999943,NIFTY
2022-11-03 11:12:35,18100,CE,BUY,22.2,,NIFTY
2022-11-03 11:12:35,18100,PE,BUY,53.65,,NIFTY
2022-11-03 11:12:42,18100,CE,SELL,23.25,1.0500000000000007,NIFTY
2022-11-03 11:12:42,18100,PE,SELL,52.4,-1.25,NIFTY
2022-11-03 11:12:42,18150,CE,BUY,8.5,,NIFTY
2022-11-03 11:12:42,18150,PE,BUY,87.4,,NIFTY
2022-11-03 11:12:43,18150,CE,SELL,8.5,0.0,NIFTY
2022-11-03 11:12:43,18150,PE,SELL,87.95,0.5499999999999972,NIFTY
2022-11-03 11:12:43,18100,CE,BUY,23.25,,NIFTY
2022-11-03 11:12:43,18100,PE,BUY,52.65,,NIFTY
2022-11-03 11:12:45,18100,CE,SELL,23.2,-0.05000000000000071,NIFTY
2022-11-03 11:12:45,18100,PE,SELL,52.55,-0.10000000000000142,NIFTY
2022-11-03 11:12:45,18150,CE,BUY,8.55,,NIFTY
2022-11-03 11:12:45,18150,PE,BUY,87.75,,NIFTY
2022-11-03 11:12:47,18150,CE,SELL,8.35,-0.20000000000000107,NIFTY
2022-11-03 11:12:47,18150,PE,SELL,88.2,0.45000000000000284,NIFTY
2022-11-03 11:12:47,18100,CE,BUY,22.95,,NIFTY
2022-11-03 11:12:47,18100,PE,BUY,52.8,,NIFTY
2022-11-03 11:12:56,18100,CE,SELL,23.55,0.6000000000000014,NIFTY
2022-11-03 11:12:56,18100,PE,SELL,52.4,-0.3999999999999986,NIFTY
2022-11-03 11:12:56,18150,CE,BUY,8.65,,NIFTY
2022-11-03 11:12:56,18150,PE,BUY,87.2,,NIFTY
2022-11-03 11:34:02,18150,CE,SELL,7.8,-0.8500000000000005,NIFTY
2022-11-03 11:34:02,18150,PE,SELL,85.65,-1.5499999999999972,NIFTY
2022-11-03 11:34:02,18100,CE,BUY,22.2,,NIFTY
2022-11-03 11:34:02,18100,PE,BUY,49.95,,NIFTY
2022-11-03 12:51:30,18100,CE,SELL,5.35,-16.85,NIFTY
2022-11-03 12:51:30,18100,PE,SELL,84.0,34.05,NIFTY
2022-11-03 12:51:30,18050,CE,BUY,16.55,,NIFTY
2022-11-03 12:51:30,18050,PE,BUY,45.6,,NIFTY
2022-11-03 12:51:32,18050,CE,SELL,17.05,0.5,NIFTY
2022-11-03 12:51:32,18050,PE,SELL,45.35,-0.25,NIFTY
2022-11-03 12:51:32,18100,CE,BUY,5.45,,NIFTY
2022-11-03 12:51:32,18100,PE,BUY,83.95,,NIFTY
2022-11-03 12:51:34,18100,CE,SELL,5.45,0.0,NIFTY
2022-11-03 12:51:34,18100,PE,SELL,83.6,-0.3500000000000085,NIFTY
2022-11-03 12:51:34,18050,CE,BUY,17.1,,NIFTY
2022-11-03 12:51:34,18050,PE,BUY,45.45,,NIFTY
2022-11-03 13:10:12,18050,CE,SELL,15.75,-1.3500000000000014,NIFTY
2022-11-03 13:10:12,18050,PE,SELL,45.8,0.3499999999999943,NIFTY
2022-11-03 13:10:12,18100,CE,BUY,5.25,,NIFTY
2022-11-03 13:10:12,18100,PE,BUY,85.15,,NIFTY
2022-11-03 13:10:13,18100,CE,SELL,5.3,0.04999999999999982,NIFTY
2022-11-03 13:10:13,18100,PE,SELL,85.15,0.0,NIFTY
2022-11-03 13:10:13,18050,CE,BUY,15.9,,NIFTY
2022-11-03 13:10:13,18050,PE,BUY,45.75,,NIFTY
2022-11-03 13:10:56,18050,CE,SELL,15.9,0.0,NIFTY
2022-11-03 13:10:56,18050,PE,SELL,45.1,-0.6499999999999986,NIFTY
2022-11-03 13:10:56,18100,CE,BUY,5.2,,NIFTY
2022-11-03 13:10:56,18100,PE,BUY,84.45,,NIFTY
2022-11-03 13:10:59,18100,CE,SELL,5.25,0.04999999999999982,NIFTY
2022-11-03 13:10:59,18100,PE,SELL,85.0,0.5499999999999972,NIFTY
2022-11-03 13:10:59,18050,CE,BUY,15.75,,NIFTY
2022-11-03 13:10:59,18050,PE,BUY,45.65,,NIFTY
2022-11-03 13:11:02,18050,CE,SELL,15.9,0.15000000000000036,NIFTY
2022-11-03 13:11:02,18050,PE,SELL,44.85,-0.7999999999999972,NIFTY
2022-11-03 13:11:02,18100,CE,BUY,5.25,,NIFTY
2022-11-03 13:11:02,18100,PE,BUY,84.25,,NIFTY
2022-11-03 13:11:03,18100,CE,SELL,5.25,0.0,NIFTY
2022-11-03 13:11:03,18100,PE,SELL,83.85,-0.4000000000000057,NIFTY
2022-11-03 13:11:03,18050,CE,BUY,16.0,,NIFTY
2022-11-03 13:11:03,18050,PE,BUY,44.55,,NIFTY
2022-11-03 13:11:04,18050,CE,SELL,15.8,-0.1999999999999993,NIFTY
2022-11-03 13:11:04,18050,PE,SELL,44.75,0.20000000000000284,NIFTY
2022-11-03 13:11:04,18100,CE,BUY,5.25,,NIFTY
2022-11-03 13:11:04,18100,PE,BUY,84.0,,NIFTY
2022-11-03 13:11:05,18100,CE,SELL,5.2,-0.04999999999999982,NIFTY
2022-11-03 13:11:05,18100,PE,SELL,84.35,0.3499999999999943,NIFTY
2022-11-03 13:11:05,18050,CE,BUY,15.85,,NIFTY
2022-11-03 13:11:05,18050,PE,BUY,45.05,,NIFTY
2022-11-03 13:11:07,18050,CE,SELL,15.6,-0.25,NIFTY
2022-11-03 13:11:07,18050,PE,SELL,45.5,0.45000000000000284,NIFTY
2022-11-03 13:11:07,18100,CE,BUY,5.15,,NIFTY
2022-11-03 13:11:07,18100,PE,BUY,85.15,,NIFTY
2022-11-03 13:11:08,18100,CE,SELL,5.15,0.0,NIFTY
2022-11-03 13:11:08,18100,PE,SELL,84.8,-0.3500000000000085,NIFTY
2022-11-03 13:11:08,18050,CE,BUY,15.7,,NIFTY
2022-11-03 13:11:08,18050,PE,BUY,45.25,,NIFTY
2022-11-03 13:11:10,18050,CE,SELL,15.9,0.20000000000000107,NIFTY
2022-11-03 13:11:10,18050,PE,SELL,44.6,-0.6499999999999986,NIFTY
2022-11-03 13:11:10,18100,CE,BUY,5.2,,NIFTY
2022-11-03 13:11:10,18100,PE,BUY,84.25,,NIFTY
2022-11-03 13:11:15,18100,CE,SELL,5.2,0.0,NIFTY
2022-11-03 13:11:15,18100,PE,SELL,83.45,-0.7999999999999972,NIFTY
2022-11-03 13:11:15,18050,CE,BUY,15.9,,NIFTY
2022-11-03 13:11:15,18050,PE,BUY,44.1,,NIFTY
2022-11-03 13:11:16,18050,CE,SELL,15.9,0.0,NIFTY
2022-11-03 13:11:16,18050,PE,SELL,44.05,-0.05000000000000426,NIFTY
2022-11-03 13:11:16,18100,CE,BUY,5.25,,NIFTY
2022-11-03 13:11:16,18100,PE,BUY,83.4,,NIFTY
2022-11-03 13:11:22,18100,CE,SELL,5.25,0.0,NIFTY
2022-11-03 13:11:22,18100,PE,SELL,83.45,0.04999999999999716,NIFTY
2022-11-03 13:11:22,18050,CE,BUY,16.0,,NIFTY
2022-11-03 13:11:22,18050,PE,BUY,44.05,,NIFTY
2022-11-03 13:11:23,18050,CE,SELL,16.0,0.0,NIFTY
2022-11-03 13:11:23,18050,PE,SELL,43.7,-0.3499999999999943,NIFTY
2022-11-03 13:11:23,18100,CE,BUY,5.2,,NIFTY
2022-11-03 13:11:23,18100,PE,BUY,82.75,,NIFTY
2022-11-03 13:11:27,18100,CE,SELL,5.1,-0.10000000000000053,NIFTY
2022-11-03 13:11:27,18100,PE,SELL,82.65,-0.09999999999999432,NIFTY
2022-11-03 13:11:27,18050,CE,BUY,15.9,,NIFTY
2022-11-03 13:11:27,18050,PE,BUY,43.65,,NIFTY
2022-11-03 13:11:28,18050,CE,SELL,15.9,0.0,NIFTY
2022-11-03 13:11:28,18050,PE,SELL,44.0,0.3500000000000014,NIFTY
2022-11-03 13:11:28,18100,CE,BUY,5.1,,NIFTY
2022-11-03 13:11:28,18100,PE,BUY,83.45,,NIFTY
2022-11-03 13:11:29,18100,CE,SELL,5.1,0.0,NIFTY
2022-11-03 13:11:29,18100,PE,SELL,83.0,-0.45000000000000284,NIFTY
2022-11-03 13:11:29,18050,CE,BUY,15.8,,NIFTY
2022-11-03 13:11:29,18050,PE,BUY,43.65,,NIFTY
2022-11-03 13:11:30,18050,CE,SELL,15.9,0.09999999999999964,NIFTY
2022-11-03 13:11:30,18050,PE,SELL,43.4,-0.25,NIFTY
2022-11-03 13:11:30,18100,CE,BUY,5.15,,NIFTY
2022-11-03 13:11:30,18100,PE,BUY,82.7,,NIFTY
2022-11-03 13:17:31,18100,CE,SELL,4.35,-0.8000000000000007,NIFTY
2022-11-03 13:17:31,18100,PE,SELL,82.7,0.0,NIFTY
2022-11-03 13:17:31,18050,CE,BUY,14.35,,NIFTY
2022-11-03 13:17:31,18050,PE,BUY,42.7,,NIFTY
2022-11-03 13:17:34,18050,CE,SELL,14.85,0.5,NIFTY
2022-11-03 13:17:34,18050,PE,SELL,41.7,-1.0,NIFTY
2022-11-03 13:17:34,18100,CE,BUY,4.5,,NIFTY
2022-11-03 13:17:34,18100,PE,BUY,81.45,,NIFTY
2022-11-03 13:33:25,18100,CE,SELL,3.7,-0.7999999999999998,NIFTY
2022-11-03 13:33:25,18100,PE,SELL,81.35,-0.10000000000000853,NIFTY
2022-11-03 13:33:25,18050,CE,BUY,13.75,,NIFTY
2022-11-03 13:33:25,18050,PE,BUY,41.5,,NIFTY
2022-11-03 13:33:27,18050,CE,SELL,13.6,-0.15000000000000036,NIFTY
2022-11-03 13:33:27,18050,PE,SELL,42.0,0.5,NIFTY
2022-11-03 13:33:27,18100,CE,BUY,3.65,,NIFTY
2022-11-03 13:33:27,18100,PE,BUY,82.05,,NIFTY
2022-11-03 13:33:28,18100,CE,SELL,3.7,0.050000000000000266,NIFTY
2022-11-03 13:33:28,18100,PE,SELL,81.95,-0.09999999999999432,NIFTY
2022-11-03 13:33:28,18050,CE,BUY,13.6,,NIFTY
2022-11-03 13:33:28,18050,PE,BUY,41.8,,NIFTY
2022-11-03 13:33:30,18050,CE,SELL,13.8,0.20000000000000107,NIFTY
2022-11-03 13:33:30,18050,PE,SELL,41.15,-0.6499999999999986,NIFTY
2022-11-03 13:33:30,18100,CE,BUY,3.75,,NIFTY
2022-11-03 13:33:30,18100,PE,BUY,81.05,,NIFTY
2022-11-03 13:33:37,18100,CE,SELL,3.75,0.0,NIFTY
2022-11-03 13:33:37,18100,PE,SELL,81.75,0.7000000000000028,NIFTY
2022-11-03 13:33:37,18050,CE,BUY,13.9,,NIFTY
2022-11-03 13:33:37,18050,PE,BUY,41.7,,NIFTY
2022-11-03 13:33:39,18050,CE,SELL,14.25,0.34999999999999964,NIFTY
2022-11-03 13:33:39,18050,PE,SELL,40.85,-0.8500000000000014,NIFTY
2022-11-03 13:33:39,18100,CE,BUY,3.9,,NIFTY
2022-11-03 13:33:39,18100,PE,BUY,80.85,,NIFTY
2022-11-03 13:56:24,18100,CE,SELL,2.25,-1.65,NIFTY
2022-11-03 13:56:24,18100,PE,SELL,82.25,1.4000000000000057,NIFTY
2022-11-03 13:56:24,18050,CE,BUY,9.45,,NIFTY
2022-11-03 13:56:24,18050,PE,BUY,39.55,,NIFTY
2022-11-03 14:02:21,18050,CE,SELL,10.0,0.5500000000000007,NIFTY
2022-11-03 14:02:21,18050,PE,SELL,38.55,-1.0,NIFTY
2022-11-03 14:02:21,18100,CE,BUY,2.2,,NIFTY
2022-11-03 14:02:21,18100,PE,BUY,81.35,,NIFTY
2022-11-03 14:02:32,18100,CE,SELL,2.4,0.19999999999999973,NIFTY
2022-11-03 14:02:32,18100,PE,SELL,78.4,-2.9499999999999886,NIFTY
2022-11-03 14:02:32,18050,CE,BUY,10.4,,NIFTY
2022-11-03 14:02:32,18050,PE,BUY,36.25,,NIFTY
2022-11-03 14:02:33,18050,CE,SELL,10.05,-0.34999999999999964,NIFTY
2022-11-03 14:02:33,18050,PE,SELL,37.25,1.0,NIFTY
2022-11-03 14:02:33,18100,CE,BUY,2.35,,NIFTY
2022-11-03 14:02:33,18100,PE,BUY,79.65,,NIFTY
2022-11-03 14:02:37,18100,CE,SELL,2.35,0.0,NIFTY
2022-11-03 14:02:37,18100,PE,SELL,80.6,0.9499999999999886,NIFTY
2022-11-03 14:02:37,18050,CE,BUY,9.75,,NIFTY
2022-11-03 14:02:37,18050,PE,BUY,38.0,,NIFTY
2022-11-03 14:02:40,18050,CE,SELL,9.6,-0.15000000000000036,NIFTY
2022-11-03 14:02:40,18050,PE,SELL,39.25,1.25,NIFTY
2022-11-03 14:02:40,18100,CE,BUY,2.25,,NIFTY
2022-11-03 14:02:40,18100,PE,BUY,81.85,,NIFTY
2022-11-03 14:02:42,18100,CE,SELL,2.3,0.04999999999999982,NIFTY
2022-11-03 14:02:42,18100,PE,SELL,81.8,-0.04999999999999716,NIFTY
2022-11-03 14:02:42,18050,CE,BUY,9.7,,NIFTY
2022-11-03 14:02:42,18050,PE,BUY,39.15,,NIFTY
2022-11-03 14:03:32,18050,CE,SELL,9.6,-0.09999999999999964,NIFTY
2022-11-03 14:03:32,18050,PE,SELL,40.7,1.5500000000000043,NIFTY
2022-11-03 14:03:32,18100,CE,BUY,2.3,,NIFTY
2022-11-03 14:03:32,18100,PE,BUY,83.25,,NIFTY
2022-11-03 14:03:33,18100,CE,SELL,2.35,0.050000000000000266,NIFTY
2022-11-03 14:03:33,18100,PE,SELL,83.0,-0.25,NIFTY
2022-11-03 14:03:33,18050,CE,BUY,9.7,,NIFTY
2022-11-03 14:03:33,18050,PE,BUY,40.5,,NIFTY
2022-11-03 14:03:36,18050,CE,SELL,9.65,-0.049999999999998934,NIFTY
2022-11-03 14:03:36,18050,PE,SELL,40.6,0.10000000000000142,NIFTY
2022-11-03 14:03:36,18100,CE,BUY,2.3,,NIFTY
2022-11-03 14:03:36,18100,PE,BUY,83.05,,NIFTY
2022-11-03 14:03:38,18100,CE,SELL,2.3,0.0,NIFTY
2022-11-03 14:03:38,18100,PE,SELL,83.1,0.04999999999999716,NIFTY
2022-11-03 14:03:38,18050,CE,BUY,9.65,,NIFTY
2022-11-03 14:03:38,18050,PE,BUY,40.75,,NIFTY
2022-11-03 14:03:55,18050,CE,SELL,10.05,0.40000000000000036,NIFTY
2022-11-03 14:03:55,18050,PE,SELL,39.8,-0.9500000000000028,NIFTY
2022-11-03 14:03:55,18100,CE,BUY,2.35,,NIFTY
2022-11-03 14:03:55,18100,PE,BUY,82.25,,NIFTY
2022-11-03 14:03:58,18100,CE,SELL,2.4,0.04999999999999982,NIFTY
2022-11-03 14:03:58,18100,PE,SELL,81.95,-0.29999999999999716,NIFTY
2022-11-03 14:03:58,18050,CE,BUY,10.0,,NIFTY
2022-11-03 14:03:58,18050,PE,BUY,39.65,,NIFTY
2022-11-03 14:04:27,18050,CE,SELL,10.05,0.05000000000000071,NIFTY
2022-11-03 14:04:27,18050,PE,SELL,39.6,-0.04999999999999716,NIFTY
2022-11-03 14:04:27,18100,CE,BUY,2.4,,NIFTY
2022-11-03 14:04:27,18100,PE,BUY,81.75,,NIFTY
2022-11-03 14:04:29,18100,CE,SELL,2.35,-0.04999999999999982,NIFTY
2022-11-03 14:04:29,18100,PE,SELL,81.9,0.15000000000000568,NIFTY
2022-11-03 14:04:29,18050,CE,BUY,10.0,,NIFTY
2022-11-03 14:04:29,18050,PE,BUY,39.65,,NIFTY
2022-11-03 14:04:45,18050,CE,SELL,10.0,0.0,NIFTY
2022-11-03 14:04:45,18050,PE,SELL,38.95,-0.6999999999999957,NIFTY
2022-11-03 14:04:45,18100,CE,BUY,2.4,,NIFTY
2022-11-03 14:04:45,18100,PE,BUY,81.15,,NIFTY
2022-11-03 14:04:50,18100,CE,SELL,2.25,-0.1499999999999999,NIFTY
2022-11-03 14:04:50,18100,PE,SELL,83.45,2.299999999999997,NIFTY
2022-11-03 14:04:50,18050,CE,BUY,9.5,,NIFTY
2022-11-03 14:04:50,18050,PE,BUY,40.65,,NIFTY
2022-11-03 14:05:00,18050,CE,SELL,10.1,0.5999999999999996,NIFTY
2022-11-03 14:05:00,18050,PE,SELL,39.05,-1.6000000000000014,NIFTY
2022-11-03 14:05:00,18100,CE,BUY,2.35,,NIFTY
2022-11-03 14:05:00,18100,PE,BUY,81.55,,NIFTY
2022-11-03 14:05:02,18100,CE,SELL,2.3,-0.050000000000000266,NIFTY
2022-11-03 14:05:02,18100,PE,SELL,82.15,0.6000000000000085,NIFTY
2022-11-03 14:05:02,18050,CE,BUY,9.75,,NIFTY
2022-11-03 14:05:02,18050,PE,BUY,39.95,,NIFTY
2022-11-03 14:05:14,18050,CE,SELL,10.05,0.3000000000000007,NIFTY
2022-11-03 14:05:14,18050,PE,SELL,38.7,-1.25,NIFTY
2022-11-03 14:05:14,18100,CE,BUY,2.45,,NIFTY
2022-11-03 14:05:14,18100,PE,BUY,81.25,,NIFTY
2022-11-03 14:05:15,18100,CE,SELL,2.35,-0.10000000000000009,NIFTY
2022-11-03 14:05:15,18100,PE,SELL,81.75,0.5,NIFTY
2022-11-03 14:05:15,18050,CE,BUY,9.7,,NIFTY
2022-11-03 14:05:15,18050,PE,BUY,39.05,,NIFTY
2022-11-03 14:05:20,18050,CE,SELL,9.9,0.20000000000000107,NIFTY
2022-11-03 14:05:20,18050,PE,SELL,38.85,-0.19999999999999574,NIFTY
2022-11-03 14:05:20,18100,CE,BUY,2.3,,NIFTY
2022-11-03 14:05:20,18100,PE,BUY,81.3,,NIFTY
2022-11-03 14:05:21,18100,CE,SELL,2.4,0.10000000000000009,NIFTY
2022-11-03 14:05:21,18100,PE,SELL,80.1,-1.2000000000000028,NIFTY
2022-11-03 14:05:21,18050,CE,BUY,10.25,,NIFTY
2022-11-03 14:05:21,18050,PE,BUY,37.7,,NIFTY
2022-11-03 14:05:23,18050,CE,SELL,10.5,0.25,NIFTY
2022-11-03 14:05:23,18050,PE,SELL,36.6,-1.1000000000000014,NIFTY
2022-11-03 14:05:23,18100,CE,BUY,2.4,,NIFTY
2022-11-03 14:05:23,18100,PE,BUY,78.5,,NIFTY
2022-11-03 14:06:18,18100,CE,SELL,2.35,-0.04999999999999982,NIFTY
2022-11-03 14:06:18,18100,PE,SELL,80.8,2.299999999999997,NIFTY
2022-11-03 14:06:18,18050,CE,BUY,10.1,,NIFTY
2022-11-03 14:06:18,18050,PE,BUY,38.75,,NIFTY
2022-11-03 14:06:20,18050,CE,SELL,10.3,0.20000000000000107,NIFTY
2022-11-03 14:06:20,18050,PE,SELL,37.75,-1.0,NIFTY
2022-11-03 14:06:20,18100,CE,BUY,2.45,,NIFTY
2022-11-03 14:06:20,18100,PE,BUY,79.65,,NIFTY
2022-11-03 14:09:30,18100,CE,SELL,2.25,-0.20000000000000018,NIFTY
2022-11-03 14:09:30,18100,PE,SELL,79.85,0.19999999999998863,NIFTY
2022-11-03 14:09:30,18050,CE,BUY,9.65,,NIFTY
2022-11-03 14:09:30,18050,PE,BUY,37.4,,NIFTY
2022-11-03 14:09:41,18050,CE,SELL,10.1,0.4499999999999993,NIFTY
2022-11-03 14:09:41,18050,PE,SELL,35.7,-1.6999999999999957,NIFTY
2022-11-03 14:09:41,18100,CE,BUY,2.3,,NIFTY
2022-11-03 14:09:41,18100,PE,BUY,78.2,,NIFTY
2022-11-03 14:09:44,18100,CE,SELL,2.25,-0.04999999999999982,NIFTY
2022-11-03 14:09:44,18100,PE,SELL,80.0,1.7999999999999972,NIFTY
2022-11-03 14:09:44,18050,CE,BUY,9.85,,NIFTY
2022-11-03 14:09:44,18050,PE,BUY,37.5,,NIFTY
2022-11-03 14:09:48,18050,CE,SELL,9.85,0.0,NIFTY
2022-11-03 14:09:48,18050,PE,SELL,37.05,-0.45000000000000284,NIFTY
2022-11-03 14:09:48,18100,CE,BUY,2.3,,NIFTY
2022-11-03 14:09:48,18100,PE,BUY,79.2,,NIFTY
2022-11-03 14:09:52,18100,CE,SELL,2.25,-0.04999999999999982,NIFTY
2022-11-03 14:09:52,18100,PE,SELL,80.7,1.5,NIFTY
2022-11-03 14:09:52,18050,CE,BUY,9.65,,NIFTY
2022-11-03 14:09:52,18050,PE,BUY,38.0,,NIFTY
2022-11-03 14:09:53,18050,CE,SELL,9.55,-0.09999999999999964,NIFTY
2022-11-03 14:09:53,18050,PE,SELL,38.2,0.20000000000000284,NIFTY
2022-11-03 14:09:53,18100,CE,BUY,2.2,,NIFTY
2022-11-03 14:09:53,18100,PE,BUY,81.0,,NIFTY
2022-11-03 14:09:55,18100,CE,SELL,2.15,-0.050000000000000266,NIFTY
2022-11-03 14:09:55,18100,PE,SELL,80.15,-0.8499999999999943,NIFTY
2022-11-03 14:09:55,18050,CE,BUY,9.5,,NIFTY
2022-11-03 14:09:55,18050,PE,BUY,37.7,,NIFTY
2022-11-03 14:09:59,18050,CE,SELL,9.65,0.15000000000000036,NIFTY
2022-11-03 14:09:59,18050,PE,SELL,37.45,-0.25,NIFTY
2022-11-03 14:09:59,18100,CE,BUY,2.2,,NIFTY
2022-11-03 14:09:59,18100,PE,BUY,79.9,,NIFTY
2022-11-03 14:10:00,18100,CE,SELL,2.2,0.0,NIFTY
2022-11-03 14:10:00,18100,PE,SELL,80.8,0.8999999999999915,NIFTY
2022-11-03 14:10:00,18050,CE,BUY,9.5,,NIFTY
2022-11-03 14:10:00,18050,PE,BUY,38.4,,NIFTY
2022-11-03 14:10:34,18050,CE,SELL,10.25,0.75,NIFTY
2022-11-03 14:10:34,18050,PE,SELL,36.5,-1.8999999999999986,NIFTY
2022-11-03 14:10:34,18100,CE,BUY,2.3,,NIFTY
2022-11-03 14:10:34,18100,PE,BUY,78.45,,NIFTY
2022-11-03 14:10:39,18100,CE,SELL,2.2,-0.09999999999999964,NIFTY
2022-11-03 14:10:39,18100,PE,SELL,79.9,1.4500000000000028,NIFTY
2022-11-03 14:10:39,18050,CE,BUY,10.0,,NIFTY
2022-11-03 14:10:39,18050,PE,BUY,37.45,,NIFTY
2022-11-03 14:10:40,18050,CE,SELL,9.95,-0.05000000000000071,NIFTY
2022-11-03 14:10:40,18050,PE,SELL,37.4,-0.05000000000000426,NIFTY
2022-11-03 14:10:40,18100,CE,BUY,2.15,,NIFTY
2022-11-03 14:10:40,18100,PE,BUY,79.55,,NIFTY
2022-11-03 14:10:43,18100,CE,SELL,2.15,0.0,NIFTY
2022-11-03 14:10:43,18100,PE,SELL,79.5,-0.04999999999999716,NIFTY
2022-11-03 14:10:43,18050,CE,BUY,9.95,,NIFTY
2022-11-03 14:10:43,18050,PE,BUY,37.35,,NIFTY
2022-11-03 14:10:44,18050,CE,SELL,10.1,0.15000000000000036,NIFTY
2022-11-03 14:10:44,18050,PE,SELL,37.5,0.14999999999999858,NIFTY
2022-11-03 14:10:44,18100,CE,BUY,2.25,,NIFTY
2022-11-03 14:10:44,18100,PE,BUY,79.75,,NIFTY
2022-11-03 14:17:05,18100,CE,SELL,1.6,-0.6499999999999999,NIFTY
2022-11-03 14:17:05,18100,PE,SELL,82.7,2.950000000000003,NIFTY
2022-11-03 14:17:05,18050,CE,BUY,7.8,,NIFTY
2022-11-03 14:17:05,18050,PE,BUY,39.05,,NIFTY
2022-11-03 14:17:06,18050,CE,SELL,7.9,0.10000000000000053,NIFTY
2022-11-03 14:17:06,18050,PE,SELL,38.55,-0.5,NIFTY
2022-11-03 14:17:06,18100,CE,BUY,1.6,,NIFTY
2022-11-03 14:17:06,18100,PE,BUY,81.9,,NIFTY
2022-11-03 14:17:19,18100,CE,SELL,1.6,0.0,NIFTY
2022-11-03 14:17:19,18100,PE,SELL,82.65,0.75,NIFTY
2022-11-03 14:17:19,18050,CE,BUY,8.05,,NIFTY
2022-11-03 14:17:19,18050,PE,BUY,39.3,,NIFTY
2022-11-03 14:17:22,18050,CE,SELL,8.7,0.6499999999999986,NIFTY
2022-11-03 14:17:22,18050,PE,SELL,37.1,-2.1999999999999957,NIFTY
2022-11-03 14:17:22,18100,CE,BUY,1.8,,NIFTY
2022-11-03 14:17:22,18100,PE,BUY,80.2,,NIFTY
2022-11-03 14:18:16,18100,CE,SELL,1.65,-0.15000000000000013,NIFTY
2022-11-03 14:18:16,18100,PE,SELL,83.25,3.049999999999997,NIFTY
2022-11-03 14:18:16,18050,CE,BUY,7.75,,NIFTY
2022-11-03 14:18:16,18050,PE,BUY,39.4,,NIFTY
2022-11-03 14:18:44,18050,CE,SELL,8.05,0.3000000000000007,NIFTY
2022-11-03 14:18:44,18050,PE,SELL,38.8,-0.6000000000000014,NIFTY
2022-11-03 14:18:44,18100,CE,BUY,1.65,,NIFTY
2022-11-03 14:18:44,18100,PE,BUY,82.3,,NIFTY
2022-11-03 14:19:00,18100,CE,SELL,1.6,-0.04999999999999982,NIFTY
2022-11-03 14:19:00,18100,PE,SELL,83.0,0.7000000000000028,NIFTY
2022-11-03 14:19:00,18050,CE,BUY,7.85,,NIFTY
2022-11-03 14:19:00,18050,PE,BUY,39.1,,NIFTY
2022-11-03 14:19:01,18050,CE,SELL,7.95,0.10000000000000053,NIFTY
2022-11-03 14:19:01,18050,PE,SELL,39.0,-0.10000000000000142,NIFTY
2022-11-03 14:19:01,18100,CE,BUY,1.6,,NIFTY
2022-11-03 14:19:01,18100,PE,BUY,82.75,,NIFTY
2022-11-03 14:19:03,18100,CE,SELL,1.6,0.0,NIFTY
2022-11-03 14:19:03,18100,PE,SELL,83.8,1.0499999999999972,NIFTY
2022-11-03 14:19:03,18050,CE,BUY,7.6,,NIFTY
2022-11-03 14:19:03,18050,PE,BUY,39.95,,NIFTY
2022-11-03 14:20:20,18050,CE,SELL,8.1,0.5,NIFTY
2022-11-03 14:20:20,18050,PE,SELL,40.6,0.6499999999999986,NIFTY
2022-11-03 14:20:20,18100,CE,BUY,1.75,,NIFTY
2022-11-03 14:20:20,18100,PE,BUY,84.25,,NIFTY
2022-11-03 14:20:30,18100,CE,SELL,1.7,-0.050000000000000044,NIFTY
2022-11-03 14:20:30,18100,PE,SELL,83.0,-1.25,NIFTY
2022-11-03 14:20:30,18050,CE,BUY,8.0,,NIFTY
2022-11-03 14:20:30,18050,PE,BUY,39.35,,NIFTY
2022-11-03 14:20:33,18050,CE,SELL,8.0,0.0,NIFTY
2022-11-03 14:20:33,18050,PE,SELL,40.0,0.6499999999999986,NIFTY
2022-11-03 14:20:33,18100,CE,BUY,1.7,,NIFTY
2022-11-03 14:20:33,18100,PE,BUY,83.75,,NIFTY
2022-11-03 14:20:35,18100,CE,SELL,1.7,0.0,NIFTY
2022-11-03 14:20:35,18100,PE,SELL,82.85,-0.9000000000000057,NIFTY
2022-11-03 14:20:35,18050,CE,BUY,8.1,,NIFTY
2022-11-03 14:20:35,18050,PE,BUY,39.4,,NIFTY
2022-11-03 14:20:40,18050,CE,SELL,8.0,-0.09999999999999964,NIFTY
2022-11-03 14:20:40,18050,PE,SELL,40.7,1.3000000000000043,NIFTY
2022-11-03 14:20:40,18100,CE,BUY,1.65,,NIFTY
2022-11-03 14:20:40,18100,PE,BUY,84.65,,NIFTY
2022-11-03 14:20:44,18100,CE,SELL,1.7,0.050000000000000044,NIFTY
2022-11-03 14:20:44,18100,PE,SELL,83.3,-1.3500000000000085,NIFTY
2022-11-03 14:20:44,18050,CE,BUY,8.15,,NIFTY
2022-11-03 14:20:44,18050,PE,BUY,39.6,,NIFTY
2022-11-03 14:20:45,18050,CE,SELL,8.2,0.049999999999998934,NIFTY
2022-11-03 14:20:45,18050,PE,SELL,39.35,-0.25,NIFTY
2022-11-03 14:20:45,18100,CE,BUY,1.8,,NIFTY
2022-11-03 14:20:45,18100,PE,BUY,82.8,,NIFTY
2022-11-03 14:21:07,18100,CE,SELL,1.85,0.050000000000000044,NIFTY
2022-11-03 14:21:07,18100,PE,SELL,82.2,-0.5999999999999943,NIFTY
2022-11-03 14:21:07,18050,CE,BUY,8.35,,NIFTY
2022-11-03 14:21:07,18050,PE,BUY,38.9,,NIFTY
2022-11-03 14:21:11,18050,CE,SELL,8.4,0.05000000000000071,NIFTY
2022-11-03 14:21:11,18050,PE,SELL,38.9,0.0,NIFTY
2022-11-03 14:21:11,18100,CE,BUY,1.85,,NIFTY
2022-11-03 14:21:11,18100,PE,BUY,82.2,,NIFTY
2022-11-03 14:21:47,18100,CE,SELL,1.7,-0.15000000000000013,NIFTY
2022-11-03 14:21:47,18100,PE,SELL,84.55,2.3499999999999943,NIFTY
2022-11-03 14:21:47,18050,CE,BUY,7.6,,NIFTY
2022-11-03 14:21:47,18050,PE,BUY,40.65,,NIFTY
2022-11-03 14:21:57,18050,CE,SELL,8.25,0.6500000000000004,NIFTY
2022-11-03 14:21:57,18050,PE,SELL,38.6,-2.049999999999997,NIFTY
2022-11-03 14:21:57,18100,CE,BUY,1.7,,NIFTY
2022-11-03 14:21:57,18100,PE,BUY,82.0,,NIFTY
2022-11-03 14:23:35,18100,CE,SELL,1.65,-0.050000000000000044,NIFTY
2022-11-03 14:23:35,18100,PE,SELL,83.4,1.4000000000000057,NIFTY
2022-11-03 14:23:35,18050,CE,BUY,7.7,,NIFTY
2022-11-03 14:23:35,18050,PE,BUY,39.3,,NIFTY
2022-11-03 14:23:37,18050,CE,SELL,7.7,0.0,NIFTY
2022-11-03 14:23:37,18050,PE,SELL,38.85,-0.44999999999999574,NIFTY
2022-11-03 14:23:37,18100,CE,BUY,1.65,,NIFTY
2022-11-03 14:23:37,18100,PE,BUY,82.7,,NIFTY
2022-11-03 14:23:40,18100,CE,SELL,1.65,0.0,NIFTY
2022-11-03 14:23:40,18100,PE,SELL,84.15,1.4500000000000028,NIFTY
2022-11-03 14:23:40,18050,CE,BUY,7.4,,NIFTY
2022-11-03 14:23:40,18050,PE,BUY,40.05,,NIFTY
2022-11-03 14:26:42,18050,CE,SELL,7.35,-0.05000000000000071,NIFTY
2022-11-03 14:26:42,18050,PE,SELL,39.65,-0.3999999999999986,NIFTY
2022-11-03 14:26:42,18100,CE,BUY,1.7,,NIFTY
2022-11-03 14:26:42,18100,PE,BUY,83.8,,NIFTY
2022-11-03 14:27:01,18100,CE,SELL,1.65,-0.050000000000000044,NIFTY
2022-11-03 14:27:01,18100,PE,SELL,85.8,2.0,NIFTY
2022-11-03 14:27:01,18050,CE,BUY,6.8,,NIFTY
2022-11-03 14:27:01,18050,PE,BUY,41.05,,NIFTY
2022-11-03 14:27:02,18050,CE,SELL,6.85,0.04999999999999982,NIFTY
2022-11-03 14:27:02,18050,PE,SELL,40.5,-0.5499999999999972,NIFTY
2022-11-03 14:27:02,18100,CE,BUY,1.65,,NIFTY
2022-11-03 14:27:02,18100,PE,BUY,85.4,,NIFTY
2022-11-03 14:27:15,18100,CE,SELL,1.55,-0.09999999999999987,NIFTY
2022-11-03 14:27:15,18100,PE,SELL,87.05,1.6499999999999915,NIFTY
2022-11-03 14:27:15,18050,CE,BUY,6.45,,NIFTY
2022-11-03 14:27:15,18050,PE,BUY,42.2,,NIFTY
2022-11-03 14:27:16,18050,CE,SELL,6.65,0.20000000000000018,NIFTY
2022-11-03 14:27:16,18050,PE,SELL,41.7,-0.5,NIFTY
2022-11-03 14:27:16,18100,CE,BUY,1.55,,NIFTY
2022-11-03 14:27:16,18100,PE,BUY,86.5,,NIFTY
2022-11-03 14:27:17,18100,CE,SELL,1.6,0.050000000000000044,NIFTY
2022-11-03 14:27:17,18100,PE,SELL,86.6,0.09999999999999432,NIFTY
2022-11-03 14:27:17,18050,CE,BUY,6.5,,NIFTY
2022-11-03 14:27:17,18050,PE,BUY,41.75,,NIFTY
2022-11-03 14:27:18,18050,CE,SELL,6.45,-0.04999999999999982,NIFTY
2022-11-03 14:27:18,18050,PE,SELL,42.65,0.8999999999999986,NIFTY
2022-11-03 14:27:18,18100,CE,BUY,1.55,,NIFTY
2022-11-03 14:27:18,18100,PE,BUY,87.45,,NIFTY
2022-11-03 14:28:59,18100,CE,SELL,1.45,-0.10000000000000009,NIFTY
2022-11-03 14:28:59,18100,PE,SELL,85.7,-1.75,NIFTY
2022-11-03 14:28:59,18050,CE,BUY,6.4,,NIFTY
2022-11-03 14:28:59,18050,PE,BUY,40.85,,NIFTY
2022-11-03 14:29:06,18050,CE,SELL,6.5,0.09999999999999964,NIFTY
2022-11-03 14:29:06,18050,PE,SELL,41.5,0.6499999999999986,NIFTY
2022-11-03 14:29:06,18100,CE,BUY,1.5,,NIFTY
2022-11-03 14:29:06,18100,PE,BUY,86.35,,NIFTY
2022-11-03 14:29:07,18100,CE,SELL,1.5,0.0,NIFTY
2022-11-03 14:29:07,18100,PE,SELL,85.35,-1.0,NIFTY
2022-11-03 14:29:07,18050,CE,BUY,6.7,,NIFTY
2022-11-03 14:29:07,18050,PE,BUY,40.75,,NIFTY
2022-11-03 14:29:11,18050,CE,SELL,7.05,0.34999999999999964,NIFTY
2022-11-03 14:29:11,18050,PE,SELL,39.45,-1.2999999999999972,NIFTY
2022-11-03 14:29:11,18100,CE,BUY,1.5,,NIFTY
2022-11-03 14:29:11,18100,PE,BUY,83.85,,NIFTY
2022-11-03 15:00:16,18100,CE,SELL,3.9,2.4,NIFTY
2022-11-03 15:00:16,18100,PE,SELL,33.9,-49.949999999999996,NIFTY
2022-11-03 15:00:16,18150,CE,BUY,0.4,,NIFTY
2022-11-03 15:00:16,18150,PE,BUY,82.35,,NIFTY
2022-11-03 15:00:17,18150,CE,SELL,0.4,0.0,NIFTY
2022-11-03 15:00:17,18150,PE,SELL,84.6,2.25,NIFTY
2022-11-03 15:00:17,18100,CE,BUY,3.55,,NIFTY
2022-11-03 15:00:17,18100,PE,BUY,37.45,,NIFTY
2022-11-03 15:00:26,18100,CE,SELL,1.8,-1.7499999999999998,NIFTY
2022-11-03 15:00:26,18100,PE,SELL,38.95,1.5,NIFTY
2022-11-03 15:00:26,18150,CE,BUY,0.35,,NIFTY
2022-11-03 15:00:26,18150,PE,BUY,87.15,,NIFTY
2022-11-03 15:00:27,18150,CE,SELL,0.35,0.0,NIFTY
2022-11-03 15:00:27,18150,PE,SELL,89.7,2.549999999999997,NIFTY
2022-11-03 15:00:27,18100,CE,BUY,1.8,,NIFTY
2022-11-03 15:00:27,18100,PE,BUY,41.2,,NIFTY
2022-11-03 15:01:17,18100,CE,SELL,1.8,0.0,NIFTY
2022-11-03 15:01:17,18100,PE,SELL,36.05,-5.150000000000006,NIFTY
2022-11-03 15:01:17,18150,CE,BUY,0.35,,NIFTY
2022-11-03 15:01:17,18150,PE,BUY,84.5,,NIFTY
2022-11-03 15:01:51,18150,CE,SELL,0.35,0.0,NIFTY
2022-11-03 15:01:51,18150,PE,SELL,86.85,2.3499999999999943,NIFTY
2022-11-03 15:01:51,18100,CE,BUY,1.65,,NIFTY
2022-11-03 15:01:51,18100,PE,BUY,38.1,,NIFTY
2022-11-03 15:02:42,18100,CE,SELL,1.65,0.0,NIFTY
2022-11-03 15:02:42,18100,PE,SELL,35.75,-2.3500000000000014,NIFTY
2022-11-03 15:02:42,18150,CE,BUY,0.25,,NIFTY
2022-11-03 15:02:42,18150,PE,BUY,84.15,,NIFTY
2022-11-03 15:02:43,18150,CE,SELL,0.25,0.0,NIFTY
2022-11-03 15:02:43,18150,PE,SELL,83.05,-1.1000000000000085,NIFTY
2022-11-03 15:02:43,18100,CE,BUY,1.7,,NIFTY
2022-11-03 15:02:43,18100,PE,BUY,34.85,,NIFTY
2022-11-03 15:02:46,18100,CE,SELL,1.95,0.25,NIFTY
2022-11-03 15:02:46,18100,PE,SELL,33.55,-1.3000000000000043,NIFTY
2022-11-03 15:02:46,18150,CE,BUY,0.3,,NIFTY
2022-11-03 15:02:46,18150,PE,BUY,82.1,,NIFTY
2022-11-03 15:02:56,18150,CE,SELL,0.3,0.0,NIFTY
2022-11-03 15:02:56,18150,PE,SELL,86.05,3.950000000000003,NIFTY
2022-11-03 15:02:56,18100,CE,BUY,1.65,,NIFTY
2022-11-03 15:02:56,18100,PE,BUY,37.1,,NIFTY
2022-11-03 15:02:57,18100,CE,SELL,1.7,0.050000000000000044,NIFTY
2022-11-03 15:02:57,18100,PE,SELL,37.1,0.0,NIFTY
2022-11-03 15:02:57,18150,CE,BUY,0.3,,NIFTY
2022-11-03 15:02:57,18150,PE,BUY,86.05,,NIFTY
2022-11-03 15:02:59,18150,CE,SELL,0.3,0.0,NIFTY
2022-11-03 15:02:59,18150,PE,SELL,85.0,-1.0499999999999972,NIFTY
2022-11-03 15:02:59,18100,CE,BUY,1.7,,NIFTY
2022-11-03 15:02:59,18100,PE,BUY,36.25,,NIFTY
2022-11-03 15:03:00,18100,CE,SELL,1.6,-0.09999999999999987,NIFTY
2022-11-03 15:03:00,18100,PE,SELL,36.25,0.0,NIFTY
2022-11-03 15:03:00,18150,CE,BUY,0.3,,NIFTY
2022-11-03 15:03:00,18150,PE,BUY,84.95,,NIFTY
2022-11-03 15:03:05,18150,CE,SELL,0.3,0.0,NIFTY
2022-11-03 15:03:05,18150,PE,SELL,86.4,1.4500000000000028,NIFTY
2022-11-03 15:03:05,18100,CE,BUY,1.55,,NIFTY
2022-11-03 15:03:05,18100,PE,BUY,37.5,,NIFTY
2022-11-03 15:03:08,18100,CE,SELL,1.6,0.050000000000000044,NIFTY
2022-11-03 15:03:08,18100,PE,SELL,36.55,-0.9500000000000028,NIFTY
2022-11-03 15:03:08,18150,CE,BUY,0.3,,NIFTY
2022-11-03 15:03:08,18150,PE,BUY,85.0,,NIFTY
2022-11-03 15:03:14,18150,CE,SELL,0.25,-0.04999999999999999,NIFTY
2022-11-03 15:03:14,18150,PE,SELL,85.75,0.75,NIFTY
2022-11-03 15:03:14,18100,CE,BUY,1.5,,NIFTY
2022-11-03 15:03:14,18100,PE,BUY,37.0,,NIFTY
2022-11-03 15:03:18,18100,CE,SELL,1.3,-0.19999999999999996,NIFTY
2022-11-03 15:03:18,18100,PE,SELL,38.9,1.8999999999999986,NIFTY
2022-11-03 15:03:18,18150,CE,BUY,0.3,,NIFTY
2022-11-03 15:03:18,18150,PE,BUY,87.95,,NIFTY
2022-11-03 15:03:19,18150,CE,SELL,0.25,-0.04999999999999999,NIFTY
2022-11-03 15:03:19,18150,PE,SELL,86.7,-1.25,NIFTY
2022-11-03 15:03:19,18100,CE,BUY,1.3,,NIFTY
2022-11-03 15:03:19,18100,PE,BUY,38.0,,NIFTY
2022-11-03 15:09:19,18100,CE,SELL,0.3,-1.0,NIFTY
2022-11-03 15:09:19,18100,PE,SELL,35.75,-2.25,NIFTY
2022-11-03 15:09:19,18150,CE,BUY,0.15,,NIFTY
2022-11-03 15:09:19,18150,PE,BUY,85.25,,NIFTY
2022-11-03 15:09:21,18150,CE,SELL,0.2,0.05000000000000002,NIFTY
2022-11-03 15:09:21,18150,PE,SELL,86.65,1.4000000000000057,NIFTY
2022-11-03 15:09:21,18100,CE,BUY,0.35,,NIFTY
2022-11-03 15:09:21,18100,PE,BUY,37.0,,NIFTY
2022-11-03 15:09:22,18100,CE,SELL,0.3,-0.04999999999999999,NIFTY
2022-11-03 15:09:22,18100,PE,SELL,36.5,-0.5,NIFTY
2022-11-03 15:09:22,18150,CE,BUY,0.15,,NIFTY
2022-11-03 15:09:22,18150,PE,BUY,86.5,,NIFTY
2022-11-03 15:09:23,18150,CE,SELL,0.15,0.0,NIFTY
2022-11-03 15:09:23,18150,PE,SELL,86.3,-0.20000000000000284,NIFTY
2022-11-03 15:09:23,18100,CE,BUY,0.35,,NIFTY
2022-11-03 15:09:23,18100,PE,BUY,36.25,,NIFTY
2022-11-03 15:09:56,18100,CE,SELL,0.35,0.0,NIFTY
2022-11-03 15:09:56,18100,PE,SELL,35.4,-0.8500000000000014,NIFTY
2022-11-03 15:09:56,18150,CE,BUY,0.1,,NIFTY
2022-11-03 15:09:56,18150,PE,BUY,85.25,,NIFTY
2022-11-03 15:10:00,18150,CE,SELL,0.15,0.04999999999999999,NIFTY
2022-11-03 15:10:00,18150,PE,SELL,83.95,-1.2999999999999972,NIFTY
2022-11-03 15:10:00,18100,CE,BUY,0.35,,NIFTY
2022-11-03 15:10:00,18100,PE,BUY,34.15,,NIFTY
2022-11-03 15:10:01,18100,CE,SELL,0.3,-0.04999999999999999,NIFTY
2022-11-03 15:10:01,18100,PE,SELL,35.55,1.3999999999999986,NIFTY
2022-11-03 15:10:01,18150,CE,BUY,0.1,,NIFTY
2022-11-03 15:10:01,18150,PE,BUY,85.2,,NIFTY
2022-11-03 15:10:04,18150,CE,SELL,0.1,0.0,NIFTY
2022-11-03 15:10:04,18150,PE,SELL,87.5,2.299999999999997,NIFTY
2022-11-03 15:10:04,18100,CE,BUY,0.35,,NIFTY
2022-11-03 15:10:04,18100,PE,BUY,37.9,,NIFTY
2022-11-03 15:10:11,18100,CE,SELL,0.35,0.0,NIFTY
2022-11-03 15:10:11,18100,PE,SELL,36.5,-1.3999999999999986,NIFTY
2022-11-03 15:10:11,18150,CE,BUY,0.15,,NIFTY
2022-11-03 15:10:11,18150,PE,BUY,86.2,,NIFTY
2022-11-03 15:10:17,18150,CE,SELL,0.1,-0.04999999999999999,NIFTY
2022-11-03 15:10:17,18150,PE,SELL,86.55,0.3499999999999943,NIFTY
2022-11-03 15:10:17,18100,CE,BUY,0.35,,NIFTY
2022-11-03 15:10:17,18100,PE,BUY,36.9,,NIFTY
2022-11-03 15:10:20,18100,CE,SELL,0.35,0.0,NIFTY
2022-11-03 15:10:20,18100,PE,SELL,36.4,-0.5,NIFTY
2022-11-03 15:10:20,18150,CE,BUY,0.15,,NIFTY
2022-11-03 15:10:20,18150,PE,BUY,86.4,,NIFTY
2022-11-03 15:10:36,18150,CE,SELL,0.15,0.0,NIFTY
2022-11-03 15:10:36,18150,PE,SELL,86.3,-0.10000000000000853,NIFTY
2022-11-03 15:10:36,18100,CE,BUY,0.35,,NIFTY
2022-11-03 15:10:36,18100,PE,BUY,36.45,,NIFTY
2022-11-03 15:10:38,18100,CE,SELL,0.35,0.0,NIFTY
2022-11-03 15:10:38,18100,PE,SELL,37.6,1.1499999999999986,NIFTY
2022-11-03 15:10:38,18150,CE,BUY,0.1,,NIFTY
2022-11-03 15:10:38,18150,PE,BUY,87.0,,NIFTY
2022-11-03 15:10:42,18150,CE,SELL,0.1,0.0,NIFTY
2022-11-03 15:10:42,18150,PE,SELL,86.75,-0.25,NIFTY
2022-11-03 15:10:42,18100,CE,BUY,0.25,,NIFTY
2022-11-03 15:10:42,18100,PE,BUY,36.6,,NIFTY
2022-11-03 15:10:43,18100,CE,SELL,0.3,0.04999999999999999,NIFTY
2022-11-03 15:10:43,18100,PE,SELL,37.0,0.3999999999999986,NIFTY
2022-11-03 15:10:43,18150,CE,BUY,0.1,,NIFTY
2022-11-03 15:10:43,18150,PE,BUY,87.0,,NIFTY
2022-11-03 15:10:50,18150,CE,SELL,0.15,0.04999999999999999,NIFTY
2022-11-03 15:10:50,18150,PE,SELL,87.7,0.7000000000000028,NIFTY
2022-11-03 15:10:50,18100,CE,BUY,0.25,,NIFTY
2022-11-03 15:10:50,18100,PE,BUY,37.9,,NIFTY
2022-11-03 15:11:04,18100,CE,SELL,0.25,0.0,NIFTY
2022-11-03 15:11:04,18100,PE,SELL,37.0,-0.8999999999999986,NIFTY
2022-11-03 15:11:04,18150,CE,BUY,0.15,,NIFTY
2022-11-03 15:11:04,18150,PE,BUY,86.6,,NIFTY
2022-11-03 15:11:42,18150,CE,SELL,0.1,-0.04999999999999999,NIFTY
2022-11-03 15:11:42,18150,PE,SELL,87.25,0.6500000000000057,NIFTY
2022-11-03 15:11:42,18100,CE,BUY,0.2,,NIFTY
2022-11-03 15:11:42,18100,PE,BUY,37.35,,NIFTY
2022-11-03 15:11:43,18100,CE,SELL,0.2,0.0,NIFTY
2022-11-03 15:11:43,18100,PE,SELL,37.7,0.3500000000000014,NIFTY
2022-11-03 15:11:43,18150,CE,BUY,0.1,,NIFTY
2022-11-03 15:11:43,18150,PE,BUY,87.8,,NIFTY
2022-11-03 15:11:45,18150,CE,SELL,0.1,0.0,NIFTY
2022-11-03 15:11:45,18150,PE,SELL,87.4,-0.3999999999999915,NIFTY
2022-11-03 15:11:45,18100,CE,BUY,0.2,,NIFTY
2022-11-03 15:11:45,18100,PE,BUY,37.6,,NIFTY
2022-11-03 15:11:50,18100,CE,SELL,0.2,0.0,NIFTY
2022-11-03 15:11:50,18100,PE,SELL,36.45,-1.1499999999999986,NIFTY
2022-11-03 15:11:50,18150,CE,BUY,0.1,,NIFTY
2022-11-03 15:11:50,18150,PE,BUY,86.35,,NIFTY
2022-11-03 15:11:54,18150,CE,SELL,0.1,0.0,NIFTY
2022-11-03 15:11:54,18150,PE,SELL,87.0,0.6500000000000057,NIFTY
2022-11-03 15:11:54,18100,CE,BUY,0.2,,NIFTY
2022-11-03 15:11:54,18100,PE,BUY,37.2,,NIFTY
2022-11-03 15:12:01,18100,CE,SELL,0.25,0.04999999999999999,NIFTY
2022-11-03 15:12:01,18100,PE,SELL,36.8,-0.4000000000000057,NIFTY
2022-11-03 15:12:01,18150,CE,BUY,0.1,,NIFTY
2022-11-03 15:12:01,18150,PE,BUY,86.3,,NIFTY
2022-11-03 15:12:03,18150,CE,SELL,0.15,0.04999999999999999,NIFTY
2022-11-03 15:12:03,18150,PE,SELL,87.05,0.75,NIFTY
2022-11-03 15:12:03,18100,CE,BUY,0.25,,NIFTY
2022-11-03 15:12:03,18100,PE,BUY,37.25,,NIFTY
2022-11-03 15:12:19,18100,CE,SELL,0.2,-0.04999999999999999,NIFTY
2022-11-03 15:12:19,18100,PE,SELL,36.85,-0.3999999999999986,NIFTY
2022-11-03 15:12:19,18150,CE,BUY,0.1,,NIFTY
2022-11-03 15:12:19,18150,PE,BUY,87.0,,NIFTY
2022-11-03 15:12:20,18150,CE,SELL,0.1,0.0,NIFTY
2022-11-03 15:12:20,18150,PE,SELL,86.85,-0.15000000000000568,NIFTY
2022-11-03 15:12:20,18100,CE,BUY,0.2,,NIFTY
2022-11-03 15:12:20,18100,PE,BUY,37.0,,NIFTY
2022-11-03 15:12:21,18100,CE,SELL,0.15,-0.05000000000000002,NIFTY
2022-11-03 15:12:21,18100,PE,SELL,37.3,0.29999999999999716,NIFTY
2022-11-03 15:12:21,18150,CE,BUY,0.1,,NIFTY
2022-11-03 15:12:21,18150,PE,BUY,87.1,,NIFTY
2022-11-03 15:12:25,18150,CE,SELL,0.15,0.04999999999999999,NIFTY
2022-11-03 15:12:25,18150,PE,SELL,87.75,0.6500000000000057,NIFTY
2022-11-03 15:12:25,18100,CE,BUY,0.2,,NIFTY
2022-11-03 15:12:25,18100,PE,BUY,37.65,,NIFTY
2022-11-03 15:30:00,18100,CE,SELL,0.05,-0.15000000000000002,NIFTY
2022-11-03 15:30:00,18100,PE,SELL,47.25,9.600000000000001,NIFTY
2022-11-04 09:15:00,18100,CE,BUY,122.3,,NIFTY
2022-11-04 09:15:00,18100,PE,BUY,153.1,,NIFTY
2022-11-04 09:15:04,18100,CE,SELL,131.7,9.399999999999991,NIFTY
2022-11-04 09:15:04,18100,PE,SELL,138.15,-14.949999999999989,NIFTY
2022-11-04 09:15:04,18150,CE,BUY,108.0,,NIFTY
2022-11-04 09:15:04,18150,PE,BUY,161.8,,NIFTY
2022-11-04 09:15:42,18150,CE,SELL,104.4,-3.5999999999999943,NIFTY
2022-11-04 09:15:42,18150,PE,SELL,166.5,4.699999999999989,NIFTY
2022-11-04 09:15:42,18100,CE,BUY,129.3,,NIFTY
2022-11-04 09:15:42,18100,PE,BUY,141.7,,NIFTY
2022-11-04 09:15:48,18100,CE,SELL,128.25,-1.0500000000000114,NIFTY
2022-11-04 09:15:48,18100,PE,SELL,137.5,-4.199999999999989,NIFTY
2022-11-04 09:15:48,18150,CE,BUY,104.85,,NIFTY
2022-11-04 09:15:48,18150,PE,BUY,162.8,,NIFTY
2022-11-04 09:15:51,18150,CE,SELL,102.0,-2.8499999999999943,NIFTY
2022-11-04 09:15:51,18150,PE,SELL,163.8,1.0,NIFTY
2022-11-04 09:15:51,18100,CE,BUY,125.75,,NIFTY
2022-11-04 09:15:51,18100,PE,BUY,138.15,,NIFTY
2022-11-04 09:15:53,18100,CE,SELL,125.7,-0.04999999999999716,NIFTY
2022-11-04 09:15:53,18100,PE,SELL,136.35,-1.8000000000000114,NIFTY
2022-11-04 09:15:53,18150,CE,BUY,102.0,,NIFTY
2022-11-04 09:15:53,18150,PE,BUY,162.4,,NIFTY
2022-11-04 09:15:54,18150,CE,SELL,101.85,-0.15000000000000568,NIFTY
2022-11-04 09:15:54,18150,PE,SELL,162.15,-0.25,NIFTY
2022-11-04 09:15:54,18100,CE,BUY,126.2,,NIFTY
2022-11-04 09:15:54,18100,PE,BUY,136.35,,NIFTY
2022-11-04 09:15:55,18100,CE,SELL,125.9,-0.29999999999999716,NIFTY
2022-11-04 09:15:55,18100,PE,SELL,136.5,0.15000000000000568,NIFTY
2022-11-04 09:15:55,18150,CE,BUY,102.2,,NIFTY
2022-11-04 09:15:55,18150,PE,BUY,162.4,,NIFTY
2022-11-04 09:15:56,18150,CE,SELL,102.2,0.0,NIFTY
2022-11-04 09:15:56,18150,PE,SELL,163.1,0.6999999999999886,NIFTY
2022-11-04 09:15:56,18100,CE,BUY,125.9,,NIFTY
2022-11-04 09:15:56,18100,PE,BUY,136.95,,NIFTY
2022-11-04 09:16:05,18100,CE,SELL,126.25,0.3499999999999943,NIFTY
2022-11-04 09:16:05,18100,PE,SELL,134.95,-2.0,NIFTY
2022-11-04 09:16:05,18150,CE,BUY,102.15,,NIFTY
2022-11-04 09:16:05,18150,PE,BUY,160.55,,NIFTY
2022-11-04 09:16:19,18150,CE,SELL,102.0,-0.15000000000000568,NIFTY
2022-11-04 09:16:19,18150,PE,SELL,159.3,-1.25,NIFTY
2022-11-04 09:16:19,18100,CE,BUY,125.9,,NIFTY
2022-11-04 09:16:19,18100,PE,BUY,134.05,,NIFTY
2022-11-04 09:16:20,18100,CE,SELL,126.9,1.0,NIFTY
2022-11-04 09:16:20,18100,PE,SELL,133.0,-1.0500000000000114,NIFTY
2022-11-04 09:16:20,18150,CE,BUY,102.85,,NIFTY
2022-11-04 09:16:20,18150,PE,BUY,158.3,,NIFTY
2022-11-04 09:21:13,18150,CE,SELL,96.2,-6.6499999999999915,NIFTY
2022-11-04 09:21:13,18150,PE,SELL,155.5,-2.8000000000000114,NIFTY
2022-11-04 09:21:13,18100,CE,BUY,119.8,,NIFTY
2022-11-04 09:21:13,18100,PE,BUY,129.95,,NIFTY
2022-11-04 09:29:31,18100,CE,SELL,119.15,-0.6499999999999915,NIFTY
2022-11-04 09:29:31,18100,PE,SELL,133.15,3.200000000000017,NIFTY
2022-11-04 09:29:31,18150,CE,BUY,95.65,,NIFTY
2022-11-04 09:29:31,18150,PE,BUY,159.0,,NIFTY
2022-11-04 09:32:10,18150,CE,SELL,94.1,-1.5500000000000114,NIFTY
2022-11-04 09:32:10,18150,PE,SELL,156.4,-2.5999999999999943,NIFTY
2022-11-04 09:32:10,18100,CE,BUY,117.55,,NIFTY
2022-11-04 09:32:10,18100,PE,BUY,130.75,,NIFTY
2022-11-04 10:03:01,18100,CE,SELL,95.3,-22.25,NIFTY
2022-11-04 10:03:01,18100,PE,SELL,157.4,26.650000000000006,NIFTY
2022-11-04 10:03:01,18050,CE,BUY,119.4,,NIFTY
2022-11-04 10:03:01,18050,PE,BUY,130.9,,NIFTY
2022-11-04 10:03:04,18050,CE,SELL,119.7,0.29999999999999716,NIFTY
2022-11-04 10:03:04,18050,PE,SELL,130.8,-0.09999999999999432,NIFTY
2022-11-04 10:03:04,18100,CE,BUY,95.45,,NIFTY
2022-11-04 10:03:04,18100,PE,BUY,157.3,,NIFTY
2022-11-04 10:03:06,18100,CE,SELL,95.85,0.3999999999999915,NIFTY
2022-11-04 10:03:06,18100,PE,SELL,156.4,-0.9000000000000057,NIFTY
2022-11-04 10:03:06,18050,CE,BUY,119.85,,NIFTY
2022-11-04 10:03:06,18050,PE,BUY,130.45,,NIFTY
2022-11-04 10:03:07,18050,CE,SELL,119.85,0.0,NIFTY
2022-11-04 10:03:07,18050,PE,SELL,130.1,-0.3499999999999943,NIFTY
2022-11-04 10:03:07,18100,CE,BUY,95.8,,NIFTY
2022-11-04 10:03:07,18100,PE,BUY,156.85,,NIFTY
2022-11-04 10:03:09,18100,CE,SELL,95.8,0.0,NIFTY
2022-11-04 10:03:09,18100,PE,SELL,156.2,-0.6500000000000057,NIFTY
2022-11-04 10:03:09,18050,CE,BUY,120.05,,NIFTY
2022-11-04 10:03:09,18050,PE,BUY,130.0,,NIFTY
2022-11-04 10:03:12,18050,CE,SELL,119.8,-0.25,NIFTY
2022-11-04 10:03:12,18050,PE,SELL,130.15,0.15000000000000568,NIFTY
2022-11-04 10:03:12,18100,CE,BUY,96.0,,NIFTY
2022-11-04 10:03:12,18100,PE,BUY,156.45,,NIFTY
2022-11-04 10:03:13,18100,CE,SELL,95.45,-0.5499999999999972,NIFTY
2022-11-04 10:03:13,18100,PE,SELL,156.75,0.30000000000001137,NIFTY
2022-11-04 10:03:13,18050,CE,BUY,119.5,,NIFTY
2022-11-04 10:03:13,18050,PE,BUY,130.25,,NIFTY
2022-11-04 10:03:15,18050,CE,SELL,119.75,0.25,NIFTY
2022-11-04 10:03:15,18050,PE,SELL,130.25,0.0,NIFTY
2022-11-04 10:03:15,18100,CE,BUY,95.7,,NIFTY
2022-11-04 10:03:15,18100,PE,BUY,157.0,,NIFTY
2022-11-04 10:03:16,18100,CE,SELL,95.95,0.25,NIFTY
2022-11-04 10:03:16,18100,PE,SELL,156.5,-0.5,NIFTY
2022-11-04 10:03:16,18050,CE,BUY,119.75,,NIFTY
2022-11-04 10:03:16,18050,PE,BUY,130.0,,NIFTY
2022-11-04 10:03:17,18050,CE,SELL,119.7,-0.04999999999999716,NIFTY
2022-11-04 10:03:17,18050,PE,SELL,130.1,0.09999999999999432,NIFTY
2022-11-04 10:03:17,18100,CE,BUY,95.7,,NIFTY
2022-11-04 10:03:17,18100,PE,BUY,156.6,,NIFTY
2022-11-04 10:03:18,18100,CE,SELL,95.65,-0.04999999999999716,NIFTY
2022-11-04 10:03:18,18100,PE,SELL,156.6,0.0,NIFTY
2022-11-04 10:03:18,18050,CE,BUY,119.95,,NIFTY
2022-11-04 10:03:18,18050,PE,BUY,130.1,,NIFTY
2022-11-04 10:03:19,18050,CE,SELL,120.1,0.14999999999999147,NIFTY
2022-11-04 10:03:19,18050,PE,SELL,130.2,0.09999999999999432,NIFTY
2022-11-04 10:03:19,18100,CE,BUY,96.0,,NIFTY
2022-11-04 10:03:19,18100,PE,BUY,156.5,,NIFTY
2022-11-04 10:15:08,18100,CE,SELL,95.35,-0.6500000000000057,NIFTY
2022-11-04 10:15:08,18100,PE,SELL,156.1,-0.4000000000000057,NIFTY
2022-11-04 10:15:08,18050,CE,BUY,119.6,,NIFTY
2022-11-04 10:15:08,18050,PE,BUY,129.9,,NIFTY
2022-11-04 10:15:09,18050,CE,SELL,120.2,0.6000000000000085,NIFTY
2022-11-04 10:15:09,18050,PE,SELL,129.4,-0.5,NIFTY
2022-11-04 10:15:09,18100,CE,BUY,96.1,,NIFTY
2022-11-04 10:15:09,18100,PE,BUY,155.6,,NIFTY
2022-11-04 10:45:10,18100,CE,SELL,92.4,-3.6999999999999886,NIFTY
2022-11-04 10:45:10,18100,PE,SELL,159.0,3.4000000000000057,NIFTY
2022-11-04 10:45:10,18050,CE,BUY,115.1,,NIFTY
2022-11-04 10:45:10,18050,PE,BUY,130.35,,NIFTY
2022-11-04 10:45:11,18050,CE,SELL,115.4,0.30000000000001137,NIFTY
2022-11-04 10:45:11,18050,PE,SELL,132.35,2.0,NIFTY
2022-11-04 10:45:11,18100,CE,BUY,91.85,,NIFTY
2022-11-04 10:45:11,18100,PE,BUY,159.0,,NIFTY
2022-11-04 10:45:15,18100,CE,SELL,92.4,0.5500000000000114,NIFTY
2022-11-04 10:45:15,18100,PE,SELL,159.05,0.05000000000001137,NIFTY
2022-11-04 10:45:15,18050,CE,BUY,115.85,,NIFTY
2022-11-04 10:45:15,18050,PE,BUY,132.55,,NIFTY
2022-11-04 10:45:18,18050,CE,SELL,116.15,0.30000000000001137,NIFTY
2022-11-04 10:45:18,18050,PE,SELL,131.25,-1.3000000000000114,NIFTY
2022-11-04 10:45:18,18100,CE,BUY,92.85,,NIFTY
2022-11-04 10:45:18,18100,PE,BUY,157.3,,NIFTY
2022-11-04 10:45:23,18100,CE,SELL,92.75,-0.09999999999999432,NIFTY
2022-11-04 10:45:23,18100,PE,SELL,157.95,0.6499999999999773,NIFTY
2022-11-04 10:45:23,18050,CE,BUY,116.25,,NIFTY
2022-11-04 10:45:23,18050,PE,BUY,131.3,,NIFTY
2022-11-04 10:45:24,18050,CE,SELL,115.8,-0.45000000000000284,NIFTY
2022-11-04 10:45:24,18050,PE,SELL,132.2,0.8999999999999773,NIFTY
2022-11-04 10:45:24,18100,CE,BUY,92.8,,NIFTY
2022-11-04 10:45:24,18100,PE,BUY,158.8,,NIFTY
2022-11-04 10:45:25,18100,CE,SELL,92.3,-0.5,NIFTY
2022-11-04 10:45:25,18100,PE,SELL,159.25,0.44999999999998863,NIFTY
2022-11-04 10:45:25,18050,CE,BUY,115.5,,NIFTY
2022-11-04 10:45:25,18050,PE,BUY,132.3,,NIFTY
2022-11-04 10:45:44,18050,CE,SELL,115.5,0.0,NIFTY
2022-11-04 10:45:44,18050,PE,SELL,132.15,-0.15000000000000568,NIFTY
2022-11-04 10:45:44,18100,CE,BUY,92.1,,NIFTY
2022-11-04 10:45:44,18100,PE,BUY,158.55,,NIFTY
2022-11-04 10:45:45,18100,CE,SELL,92.0,-0.09999999999999432,NIFTY
2022-11-04 10:45:45,18100,PE,SELL,159.25,0.6999999999999886,NIFTY
2022-11-04 10:45:45,18050,CE,BUY,115.15,,NIFTY
2022-11-04 10:45:45,18050,PE,BUY,132.6,,NIFTY
2022-11-04 10:45:57,18050,CE,SELL,115.55,0.3999999999999915,NIFTY
2022-11-04 10:45:57,18050,PE,SELL,132.05,-0.549999999999983,NIFTY
2022-11-04 10:45:57,18100,CE,BUY,92.3,,NIFTY
2022-11-04 10:45:57,18100,PE,BUY,158.8,,NIFTY
2022-11-04 10:46:00,18100,CE,SELL,92.05,-0.25,NIFTY
2022-11-04 10:46:00,18100,PE,SELL,159.1,0.29999999999998295,NIFTY
2022-11-04 10:46:00,18050,CE,BUY,115.25,,NIFTY
2022-11-04 10:46:00,18050,PE,BUY,132.55,,NIFTY
2022-11-04 10:46:06,18050,CE,SELL,116.55,1.2999999999999972,NIFTY
2022-11-04 10:46:06,18050,PE,SELL,130.85,-1.700000000000017,NIFTY
2022-11-04 10:46:06,18100,CE,BUY,93.1,,NIFTY
2022-11-04 10:46:06,18100,PE,BUY,157.55,,NIFTY
2022-11-04 12:09:34,18100,CE,SELL,108.8,15.700000000000003,NIFTY
2022-11-04 12:09:34,18100,PE,SELL,130.25,-27.30000000000001,NIFTY
2022-11-04 12:09:34,18150,CE,BUY,85.65,,NIFTY
2022-11-04 12:09:34,18150,PE,BUY,156.85,,NIFTY
2022-11-04 12:09:36,18150,CE,SELL,86.25,0.5999999999999943,NIFTY
2022-11-04 12:09:36,18150,PE,SELL,157.3,0.45000000000001705,NIFTY
2022-11-04 12:09:36,18100,CE,BUY,109.2,,NIFTY
2022-11-04 12:09:36,18100,PE,BUY,130.4,,NIFTY
2022-11-04 12:24:36,18100,CE,SELL,110.65,1.4500000000000028,NIFTY
2022-11-04 12:24:36,18100,PE,SELL,129.5,-0.9000000000000057,NIFTY
2022-11-04 12:24:36,18150,CE,BUY,88.4,,NIFTY
2022-11-04 12:24:36,18150,PE,BUY,156.15,,NIFTY
2022-11-04 12:40:55,18150,CE,SELL,87.15,-1.25,NIFTY
2022-11-04 12:40:55,18150,PE,SELL,155.5,-0.6500000000000057,NIFTY
2022-11-04 12:40:55,18100,CE,BUY,109.95,,NIFTY
2022-11-04 12:40:55,18100,PE,BUY,128.2,,NIFTY
2022-11-04 12:40:56,18100,CE,SELL,110.0,0.04999999999999716,NIFTY
2022-11-04 12:40:56,18100,PE,SELL,128.35,0.15000000000000568,NIFTY
2022-11-04 12:40:56,18150,CE,BUY,87.0,,NIFTY
2022-11-04 12:40:56,18150,PE,BUY,155.5,,NIFTY
2022-11-04 12:40:58,18150,CE,SELL,87.05,0.04999999999999716,NIFTY
2022-11-04 12:40:58,18150,PE,SELL,155.25,-0.25,NIFTY
2022-11-04 12:40:58,18100,CE,BUY,110.15,,NIFTY
2022-11-04 12:40:58,18100,PE,BUY,127.85,,NIFTY
2022-11-04 12:41:00,18100,CE,SELL,110.05,-0.10000000000000853,NIFTY
2022-11-04 12:41:00,18100,PE,SELL,128.0,0.15000000000000568,NIFTY
2022-11-04 12:41:00,18150,CE,BUY,87.0,,NIFTY
2022-11-04 12:41:00,18150,PE,BUY,155.0,,NIFTY
2022-11-04 12:41:01,18150,CE,SELL,87.0,0.0,NIFTY
2022-11-04 12:41:01,18150,PE,SELL,155.0,0.0,NIFTY
2022-11-04 12:41:01,18100,CE,BUY,110.2,,NIFTY
2022-11-04 12:41:01,18100,PE,BUY,128.2,,NIFTY
2022-11-04 12:41:02,18100,CE,SELL,110.3,0.09999999999999432,NIFTY
2022-11-04 12:41:02,18100,PE,SELL,128.0,-0.19999999999998863,NIFTY
2022-11-04 12:41:02,18150,CE,BUY,87.45,,NIFTY
2022-11-04 12:41:02,18150,PE,BUY,154.85,,NIFTY
2022-11-04 12:41:29,18150,CE,SELL,86.2,-1.25,NIFTY
2022-11-04 12:41:29,18150,PE,SELL,156.05,1.200000000000017,NIFTY
2022-11-04 12:41:29,18100,CE,BUY,108.85,,NIFTY
2022-11-04 12:41:29,18100,PE,BUY,128.95,,NIFTY
2022-11-04 12:41:32,18100,CE,SELL,109.85,1.0,NIFTY
2022-11-04 12:41:32,18100,PE,SELL,128.35,-0.5999999999999943,NIFTY
2022-11-04 12:41:32,18150,CE,BUY,86.8,,NIFTY
2022-11-04 12:41:32,18150,PE,BUY,155.05,,NIFTY
2022-11-04 12:41:33,18150,CE,SELL,86.8,0.0,NIFTY
2022-11-04 12:41:33,18150,PE,SELL,155.5,0.44999999999998863,NIFTY
2022-11-04 12:41:33,18100,CE,BUY,109.85,,NIFTY
2022-11-04 12:41:33,18100,PE,BUY,128.25,,NIFTY
2022-11-04 12:41:39,18100,CE,SELL,109.6,-0.25,NIFTY
2022-11-04 12:41:39,18100,PE,SELL,128.5,0.25,NIFTY
2022-11-04 12:41:39,18150,CE,BUY,86.65,,NIFTY
2022-11-04 12:41:39,18150,PE,BUY,155.8,,NIFTY
2022-11-04 12:41:43,18150,CE,SELL,86.75,0.09999999999999432,NIFTY
2022-11-04 12:41:43,18150,PE,SELL,155.65,-0.15000000000000568,NIFTY
2022-11-04 12:41:43,18100,CE,BUY,109.75,,NIFTY
2022-11-04 12:41:43,18100,PE,BUY,128.25,,NIFTY
2022-11-04 12:42:05,18100,CE,SELL,110.6,0.8499999999999943,NIFTY
2022-11-04 12:42:05,18100,PE,SELL,127.9,-0.3499999999999943,NIFTY
2022-11-04 12:42:05,18150,CE,BUY,87.15,,NIFTY
2022-11-04 12:42:05,18150,PE,BUY,155.3,,NIFTY
2022-11-04 12:42:10,18150,CE,SELL,87.15,0.0,NIFTY
2022-11-04 12:42:10,18150,PE,SELL,155.25,-0.05000000000001137,NIFTY
2022-11-04 12:42:10,18100,CE,BUY,110.25,,NIFTY
2022-11-04 12:42:10,18100,PE,BUY,128.0,,NIFTY
2022-11-04 12:42:12,18100,CE,SELL,110.2,-0.04999999999999716,NIFTY
2022-11-04 12:42:12,18100,PE,SELL,128.4,0.4000000000000057,NIFTY
2022-11-04 12:42:12,18150,CE,BUY,87.1,,NIFTY
2022-11-04 12:42:12,18150,PE,BUY,155.5,,NIFTY
2022-11-04 12:42:14,18150,CE,SELL,86.8,-0.29999999999999716,NIFTY
2022-11-04 12:42:14,18150,PE,SELL,155.8,0.30000000000001137,NIFTY
2022-11-04 12:42:14,18100,CE,BUY,109.6,,NIFTY
2022-11-04 12:42:14,18100,PE,BUY,128.65,,NIFTY
2022-11-04 12:42:17,18100,CE,SELL,109.05,-0.5499999999999972,NIFTY
2022-11-04 12:42:17,18100,PE,SELL,129.2,0.549999999999983,NIFTY
2022-11-04 12:42:17,18150,CE,BUY,86.2,,NIFTY
2022-11-04 12:42:17,18150,PE,BUY,156.5,,NIFTY
2022-11-04 12:42:18,18150,CE,SELL,86.05,-0.15000000000000568,NIFTY
2022-11-04 12:42:18,18150,PE,SELL,156.7,0.19999999999998863,NIFTY
2022-11-04 12:42:18,18100,CE,BUY,109.0,,NIFTY
2022-11-04 12:42:18,18100,PE,BUY,129.3,,NIFTY
2022-11-04 12:42:27,18100,CE,SELL,109.0,0.0,NIFTY
2022-11-04 12:42:27,18100,PE,SELL,129.25,-0.05000000000001137,NIFTY
2022-11-04 12:42:27,18150,CE,BUY,86.2,,NIFTY
2022-11-04 12:42:27,18150,PE,BUY,156.25,,NIFTY
2022-11-04 12:42:36,18150,CE,SELL,85.85,-0.3500000000000085,NIFTY
2022-11-04 12:42:36,18150,PE,SELL,156.4,0.15000000000000568,NIFTY
2022-11-04 12:42:36,18100,CE,BUY,109.0,,NIFTY
2022-11-04 12:42:36,18100,PE,BUY,129.05,,NIFTY
2022-11-04 12:42:38,18100,CE,SELL,109.1,0.09999999999999432,NIFTY
2022-11-04 12:42:38,18100,PE,SELL,129.05,0.0,NIFTY
2022-11-04 12:42:38,18150,CE,BUY,86.05,,NIFTY
2022-11-04 12:42:38,18150,PE,BUY,156.4,,NIFTY
2022-11-04 12:42:41,18150,CE,SELL,86.35,0.29999999999999716,NIFTY
2022-11-04 12:42:41,18150,PE,SELL,156.4,0.0,NIFTY
2022-11-04 12:42:41,18100,CE,BUY,109.25,,NIFTY
2022-11-04 12:42:41,18100,PE,BUY,129.0,,NIFTY
2022-11-04 12:44:12,18100,CE,SELL,108.9,-0.3499999999999943,NIFTY
2022-11-04 12:44:12,18100,PE,SELL,129.35,0.3499999999999943,NIFTY
2022-11-04 12:44:12,18150,CE,BUY,85.95,,NIFTY
2022-11-04 12:44:12,18150,PE,BUY,157.0,,NIFTY
2022-11-04 12:44:15,18150,CE,SELL,85.55,-0.4000000000000057,NIFTY
2022-11-04 12:44:15,18150,PE,SELL,156.7,-0.30000000000001137,NIFTY
2022-11-04 12:44:15,18100,CE,BUY,108.35,,NIFTY
2022-11-04 12:44:15,18100,PE,BUY,129.25,,NIFTY
2022-11-04 13:04:45,18100,CE,SELL,109.0,0.6500000000000057,NIFTY
2022-11-04 13:04:45,18100,PE,SELL,127.3,-1.9500000000000028,NIFTY
2022-11-04 13:04:45,18150,CE,BUY,86.05,,NIFTY
2022-11-04 13:04:45,18150,PE,BUY,154.3,,NIFTY
2022-11-04 13:07:56,18150,CE,SELL,84.65,-1.3999999999999915,NIFTY
2022-11-04 13:07:56,18150,PE,SELL,155.75,1.4499999999999886,NIFTY
2022-11-04 13:07:56,18100,CE,BUY,107.55,,NIFTY
2022-11-04 13:07:56,18100,PE,BUY,128.7,,NIFTY
2022-11-04 13:08:00,18100,CE,SELL,108.25,0.7000000000000028,NIFTY
2022-11-04 13:08:00,18100,PE,SELL,128.15,-0.549999999999983,NIFTY
2022-11-04 13:08:00,18150,CE,BUY,85.35,,NIFTY
2022-11-04 13:08:00,18150,PE,BUY,155.25,,NIFTY
2022-11-04 13:08:13,18150,CE,SELL,84.7,-0.6499999999999915,NIFTY
2022-11-04 13:08:13,18150,PE,SELL,155.6,0.3499999999999943,NIFTY
2022-11-04 13:08:13,18100,CE,BUY,107.55,,NIFTY
2022-11-04 13:08:13,18100,PE,BUY,128.85,,NIFTY
2022-11-04 13:14:44,18100,CE,SELL,108.5,0.9500000000000028,NIFTY
2022-11-04 13:14:44,18100,PE,SELL,127.85,-1.0,NIFTY
2022-11-04 13:14:44,18150,CE,BUY,85.8,,NIFTY
2022-11-04 13:14:44,18150,PE,BUY,154.8,,NIFTY
2022-11-04 13:17:40,18150,CE,SELL,85.3,-0.5,NIFTY
2022-11-04 13:17:40,18150,PE,SELL,155.8,1.0,NIFTY
2022-11-04 13:17:40,18100,CE,BUY,108.2,,NIFTY
2022-11-04 13:17:40,18100,PE,BUY,128.35,,NIFTY
2022-11-04 13:17:45,18100,CE,SELL,108.5,0.29999999999999716,NIFTY
2022-11-04 13:17:45,18100,PE,SELL,127.75,-0.5999999999999943,NIFTY
2022-11-04 13:17:45,18150,CE,BUY,85.75,,NIFTY
2022-11-04 13:17:45,18150,PE,BUY,155.0,,NIFTY
2022-11-04 13:18:01,18150,CE,SELL,85.65,-0.09999999999999432,NIFTY
2022-11-04 13:18:01,18150,PE,SELL,155.2,0.19999999999998863,NIFTY
2022-11-04 13:18:01,18100,CE,BUY,108.3,,NIFTY
2022-11-04 13:18:01,18100,PE,BUY,127.8,,NIFTY
2022-11-04 13:18:17,18100,CE,SELL,108.0,-0.29999999999999716,NIFTY
2022-11-04 13:18:17,18100,PE,SELL,128.35,0.5499999999999972,NIFTY
2022-11-04 13:18:17,18150,CE,BUY,85.15,,NIFTY
2022-11-04 13:18:17,18150,PE,BUY,155.55,,NIFTY
2022-11-04 13:18:23,18150,CE,SELL,84.9,-0.25,NIFTY
2022-11-04 13:18:23,18150,PE,SELL,155.0,-0.5500000000000114,NIFTY
2022-11-04 13:18:23,18100,CE,BUY,107.45,,NIFTY
2022-11-04 13:18:23,18100,PE,BUY,128.9,,NIFTY
2022-11-04 13:19:26,18100,CE,SELL,107.25,-0.20000000000000284,NIFTY
2022-11-04 13:19:26,18100,PE,SELL,128.65,-0.25,NIFTY
2022-11-04 13:19:26,18150,CE,BUY,84.6,,NIFTY
2022-11-04 13:19:26,18150,PE,BUY,155.85,,NIFTY
2022-11-04 13:19:39,18150,CE,SELL,85.3,0.7000000000000028,NIFTY
2022-11-04 13:19:39,18150,PE,SELL,155.15,-0.6999999999999886,NIFTY
2022-11-04 13:19:39,18100,CE,BUY,108.05,,NIFTY
2022-11-04 13:19:39,18100,PE,BUY,127.9,,NIFTY
2022-11-04 13:19:51,18100,CE,SELL,108.45,0.4000000000000057,NIFTY
2022-11-04 13:19:51,18100,PE,SELL,127.85,-0.05000000000001137,NIFTY
2022-11-04 13:19:51,18150,CE,BUY,85.65,,NIFTY
2022-11-04 13:19:51,18150,PE,BUY,155.3,,NIFTY
2022-11-04 13:19:52,18150,CE,SELL,85.8,0.14999999999999147,NIFTY
2022-11-04 13:19:52,18150,PE,SELL,155.0,-0.30000000000001137,NIFTY
2022-11-04 13:19:52,18100,CE,BUY,108.45,,NIFTY
2022-11-04 13:19:52,18100,PE,BUY,128.0,,NIFTY
2022-11-04 13:20:02,18100,CE,SELL,108.0,-0.45000000000000284,NIFTY
2022-11-04 13:20:02,18100,PE,SELL,128.0,0.0,NIFTY
2022-11-04 13:20:02,18150,CE,BUY,85.5,,NIFTY
2022-11-04 13:20:02,18150,PE,BUY,155.1,,NIFTY
2022-11-04 13:20:03,18150,CE,SELL,85.8,0.29999999999999716,NIFTY
2022-11-04 13:20:03,18150,PE,SELL,154.6,-0.5,NIFTY
2022-11-04 13:20:03,18100,CE,BUY,108.4,,NIFTY
2022-11-04 13:20:03,18100,PE,BUY,127.6,,NIFTY
2022-11-04 13:24:30,18100,CE,SELL,109.15,0.75,NIFTY
2022-11-04 13:24:30,18100,PE,SELL,127.0,-0.5999999999999943,NIFTY
2022-11-04 13:24:30,18150,CE,BUY,86.25,,NIFTY
2022-11-04 13:24:30,18150,PE,BUY,154.0,,NIFTY
2022-11-04 13:26:01,18150,CE,SELL,85.0,-1.25,NIFTY
2022-11-04 13:26:01,18150,PE,SELL,155.0,1.0,NIFTY
2022-11-04 13:26:01,18100,CE,BUY,107.7,,NIFTY
2022-11-04 13:26:01,18100,PE,BUY,127.95,,NIFTY
2022-11-04 13:26:02,18100,CE,SELL,107.8,0.09999999999999432,NIFTY
2022-11-04 13:26:02,18100,PE,SELL,127.4,-0.5499999999999972,NIFTY
2022-11-04 13:26:02,18150,CE,BUY,85.0,,NIFTY
2022-11-04 13:26:02,18150,PE,BUY,155.0,,NIFTY
2022-11-04 13:26:03,18150,CE,SELL,84.95,-0.04999999999999716,NIFTY
2022-11-04 13:26:03,18150,PE,SELL,155.1,0.09999999999999432,NIFTY
2022-11-04 13:26:03,18100,CE,BUY,107.8,,NIFTY
2022-11-04 13:26:03,18100,PE,BUY,127.6,,NIFTY
2022-11-04 13:26:39,18100,CE,SELL,107.2,-0.5999999999999943,NIFTY
2022-11-04 13:26:39,18100,PE,SELL,128.2,0.5999999999999943,NIFTY
2022-11-04 13:26:39,18150,CE,BUY,84.6,,NIFTY
2022-11-04 13:26:39,18150,PE,BUY,155.7,,NIFTY
2022-11-04 13:26:40,18150,CE,SELL,84.6,0.0,NIFTY
2022-11-04 13:26:40,18150,PE,SELL,155.7,0.0,NIFTY
2022-11-04 13:26:40,18100,CE,BUY,107.45,,NIFTY
2022-11-04 13:26:40,18100,PE,BUY,128.2,,NIFTY
2022-11-04 13:28:06,18100,CE,SELL,108.95,1.5,NIFTY
2022-11-04 13:28:06,18100,PE,SELL,126.45,-1.7499999999999858,NIFTY
2022-11-04 13:28:06,18150,CE,BUY,85.95,,NIFTY
2022-11-04 13:28:06,18150,PE,BUY,153.3,,NIFTY
2022-11-04 13:29:33,18150,CE,SELL,85.95,0.0,NIFTY
2022-11-04 13:29:33,18150,PE,SELL,154.0,0.6999999999999886,NIFTY
2022-11-04 13:29:33,18100,CE,BUY,109.1,,NIFTY
2022-11-04 13:29:33,18100,PE,BUY,126.95,,NIFTY
2022-11-04 13:29:35,18100,CE,SELL,109.25,0.15000000000000568,NIFTY
2022-11-04 13:29:35,18100,PE,SELL,126.45,-0.5,NIFTY
2022-11-04 13:29:35,18150,CE,BUY,85.95,,NIFTY
2022-11-04 13:29:35,18150,PE,BUY,153.65,,NIFTY
2022-11-04 13:30:18,18150,CE,SELL,85.65,-0.29999999999999716,NIFTY
2022-11-04 13:30:18,18150,PE,SELL,153.75,0.09999999999999432,NIFTY
2022-11-04 13:30:18,18100,CE,BUY,108.7,,NIFTY
2022-11-04 13:30:18,18100,PE,BUY,126.95,,NIFTY
2022-11-04 13:30:19,18100,CE,SELL,108.55,-0.15000000000000568,NIFTY
2022-11-04 13:30:19,18100,PE,SELL,126.75,-0.20000000000000284,NIFTY
2022-11-04 13:30:19,18150,CE,BUY,85.7,,NIFTY
2022-11-04 13:30:19,18150,PE,BUY,153.75,,NIFTY
2022-11-04 13:46:51,18150,CE,SELL,84.1,-1.6000000000000085,NIFTY
2022-11-04 13:46:51,18150,PE,SELL,155.55,1.8000000000000114,NIFTY
2022-11-04 13:46:51,18100,CE,BUY,106.75,,NIFTY
2022-11-04 13:46:51,18100,PE,BUY,128.25,,NIFTY
2022-11-04 13:47:04,18100,CE,SELL,106.95,0.20000000000000284,NIFTY
2022-11-04 13:47:04,18100,PE,SELL,128.3,0.05000000000001137,NIFTY
2022-11-04 13:47:04,18150,CE,BUY,84.3,,NIFTY
2022-11-04 13:47:04,18150,PE,BUY,155.65,,NIFTY
2022-11-04 13:47:12,18150,CE,SELL,84.6,0.29999999999999716,NIFTY
2022-11-04 13:47:12,18150,PE,SELL,155.2,-0.45000000000001705,NIFTY
2022-11-04 13:47:12,18100,CE,BUY,107.95,,NIFTY
2022-11-04 13:47:12,18100,PE,BUY,127.85,,NIFTY
2022-11-04 13:47:13,18100,CE,SELL,108.2,0.25,NIFTY
2022-11-04 13:47:13,18100,PE,SELL,127.6,-0.25,NIFTY
2022-11-04 13:47:13,18150,CE,BUY,85.25,,NIFTY
2022-11-04 13:47:13,18150,PE,BUY,155.2,,NIFTY
2022-11-04 13:47:18,18150,CE,SELL,84.75,-0.5,NIFTY
2022-11-04 13:47:18,18150,PE,SELL,154.65,-0.549999999999983,NIFTY
2022-11-04 13:47:18,18100,CE,BUY,107.65,,NIFTY
2022-11-04 13:47:18,18100,PE,BUY,127.8,,NIFTY
2022-11-04 13:55:01,18100,CE,SELL,108.25,0.5999999999999943,NIFTY
2022-11-04 13:55:01,18100,PE,SELL,126.15,-1.6499999999999915,NIFTY
2022-11-04 13:55:01,18150,CE,BUY,85.4,,NIFTY
2022-11-04 13:55:01,18150,PE,BUY,153.0,,NIFTY
2022-11-04 13:57:39,18150,CE,SELL,84.85,-0.5500000000000114,NIFTY
2022-11-04 13:57:39,18150,PE,SELL,154.0,1.0,NIFTY
2022-11-04 13:57:39,18100,CE,BUY,107.6,,NIFTY
2022-11-04 13:57:39,18100,PE,BUY,126.95,,NIFTY
2022-11-04 13:57:43,18100,CE,SELL,107.35,-0.25,NIFTY
2022-11-04 13:57:43,18100,PE,SELL,127.45,0.5,NIFTY
2022-11-04 13:57:43,18150,CE,BUY,84.55,,NIFTY
2022-11-04 13:57:43,18150,PE,BUY,154.8,,NIFTY
2022-11-04 13:57:44,18150,CE,SELL,84.55,0.0,NIFTY
2022-11-04 13:57:44,18150,PE,SELL,154.8,0.0,NIFTY
2022-11-04 13:57:44,18100,CE,BUY,107.15,,NIFTY
2022-11-04 13:57:44,18100,PE,BUY,127.6,,NIFTY
2022-11-04 13:57:48,18100,CE,SELL,108.0,0.8499999999999943,NIFTY
2022-11-04 13:57:48,18100,PE,SELL,126.9,-0.6999999999999886,NIFTY
2022-11-04 13:57:48,18150,CE,BUY,85.15,,NIFTY
2022-11-04 13:57:48,18150,PE,BUY,154.15,,NIFTY
2022-11-04 13:57:50,18150,CE,SELL,85.1,-0.05000000000001137,NIFTY
2022-11-04 13:57:50,18150,PE,SELL,153.5,-0.6500000000000057,NIFTY
2022-11-04 13:57:50,18100,CE,BUY,108.05,,NIFTY
2022-11-04 13:57:50,18100,PE,BUY,126.8,,NIFTY
2022-11-04 13:57:55,18100,CE,SELL,108.05,0.0,NIFTY
2022-11-04 13:57:55,18100,PE,SELL,126.85,0.04999999999999716,NIFTY
2022-11-04 13:57:55,18150,CE,BUY,85.1,,NIFTY
2022-11-04 13:57:55,18150,PE,BUY,153.85,,NIFTY
2022-11-04 13:57:59,18150,CE,SELL,84.75,-0.3499999999999943,NIFTY
2022-11-04 13:57:59,18150,PE,SELL,154.4,0.5500000000000114,NIFTY
2022-11-04 13:57:59,18100,CE,BUY,107.55,,NIFTY
2022-11-04 13:57:59,18100,PE,BUY,127.2,,NIFTY
2022-11-04 13:58:06,18100,CE,SELL,108.1,0.5499999999999972,NIFTY
2022-11-04 13:58:06,18100,PE,SELL,126.95,-0.25,NIFTY
2022-11-04 13:58:06,18150,CE,BUY,85.15,,NIFTY
2022-11-04 13:58:06,18150,PE,BUY,153.9,,NIFTY
2022-11-04 13:58:18,18150,CE,SELL,85.15,0.0,NIFTY
2022-11-04 13:58:18,18150,PE,SELL,154.6,0.6999999999999886,NIFTY
2022-11-04 13:58:18,18100,CE,BUY,107.95,,NIFTY
2022-11-04 13:58:18,18100,PE,BUY,127.25,,NIFTY
2022-11-04 13:58:19,18100,CE,SELL,108.0,0.04999999999999716,NIFTY
2022-11-04 13:58:19,18100,PE,SELL,126.9,-0.3499999999999943,NIFTY
2022-11-04 13:58:19,18150,CE,BUY,85.15,,NIFTY
2022-11-04 13:58:19,18150,PE,BUY,154.6,,NIFTY
2022-11-04 13:59:17,18150,CE,SELL,84.3,-0.8500000000000085,NIFTY
2022-11-04 13:59:17,18150,PE,SELL,154.75,0.15000000000000568,NIFTY
2022-11-04 13:59:17,18100,CE,BUY,107.15,,NIFTY
2022-11-04 13:59:17,18100,PE,BUY,127.5,,NIFTY
2022-11-04 13:59:27,18100,CE,SELL,107.3,0.14999999999999147,NIFTY
2022-11-04 13:59:27,18100,PE,SELL,127.6,0.09999999999999432,NIFTY
2022-11-04 13:59:27,18150,CE,BUY,84.4,,NIFTY
2022-11-04 13:59:27,18150,PE,BUY,154.65,,NIFTY
2022-11-04 13:59:30,18150,CE,SELL,84.3,-0.10000000000000853,NIFTY
2022-11-04 13:59:30,18150,PE,SELL,154.9,0.25,NIFTY
2022-11-04 13:59:30,18100,CE,BUY,107.05,,NIFTY
2022-11-04 13:59:30,18100,PE,BUY,127.65,,NIFTY
2022-11-04 14:09:05,18100,CE,SELL,107.15,0.10000000000000853,NIFTY
2022-11-04 14:09:05,18100,PE,SELL,127.0,-0.6500000000000057,NIFTY
2022-11-04 14:09:05,18150,CE,BUY,84.95,,NIFTY
2022-11-04 14:09:05,18150,PE,BUY,154.4,,NIFTY
2022-11-04 14:09:07,18150,CE,SELL,85.0,0.04999999999999716,NIFTY
2022-11-04 14:09:07,18150,PE,SELL,154.0,-0.4000000000000057,NIFTY
2022-11-04 14:09:07,18100,CE,BUY,107.65,,NIFTY
2022-11-04 14:09:07,18100,PE,BUY,126.9,,NIFTY
2022-11-04 14:09:12,18100,CE,SELL,107.7,0.04999999999999716,NIFTY
2022-11-04 14:09:12,18100,PE,SELL,127.2,0.29999999999999716,NIFTY
2022-11-04 14:09:12,18150,CE,BUY,84.95,,NIFTY
2022-11-04 14:09:12,18150,PE,BUY,154.25,,NIFTY
2022-11-04 14:09:16,18150,CE,SELL,84.55,-0.4000000000000057,NIFTY
2022-11-04 14:09:16,18150,PE,SELL,154.7,0.44999999999998863,NIFTY
2022-11-04 14:09:16,18100,CE,BUY,107.15,,NIFTY
2022-11-04 14:09:16,18100,PE,BUY,127.3,,NIFTY
2022-11-04 14:09:17,18100,CE,SELL,106.95,-0.20000000000000284,NIFTY
2022-11-04 14:09:17,18100,PE,SELL,127.3,0.0,NIFTY
2022-11-04 14:09:17,18150,CE,BUY,84.35,,NIFTY
2022-11-04 14:09:17,18150,PE,BUY,154.85,,NIFTY
2022-11-04 14:09:18,18150,CE,SELL,84.3,-0.04999999999999716,NIFTY
2022-11-04 14:09:18,18150,PE,SELL,154.85,0.0,NIFTY
2022-11-04 14:09:18,18100,CE,BUY,106.75,,NIFTY
2022-11-04 14:09:18,18100,PE,BUY,127.8,,NIFTY
2022-11-04 14:09:19,18100,CE,SELL,106.6,-0.15000000000000568,NIFTY
2022-11-04 14:09:19,18100,PE,SELL,127.75,-0.04999999999999716,NIFTY
2022-11-04 14:09:19,18150,CE,BUY,84.25,,NIFTY
2022-11-04 14:09:19,18150,PE,BUY,155.15,,NIFTY
2022-11-04 14:09:22,18150,CE,SELL,83.6,-0.6500000000000057,NIFTY
2022-11-04 14:09:22,18150,PE,SELL,156.0,0.8499999999999943,NIFTY
2022-11-04 14:09:22,18100,CE,BUY,106.0,,NIFTY
2022-11-04 14:09:22,18100,PE,BUY,128.75,,NIFTY
2022-11-04 14:09:37,18100,CE,SELL,107.5,1.5,NIFTY
2022-11-04 14:09:37,18100,PE,SELL,127.4,-1.3499999999999943,NIFTY
2022-11-04 14:09:37,18150,CE,BUY,84.7,,NIFTY
2022-11-04 14:09:37,18150,PE,BUY,155.45,,NIFTY
2022-11-04 14:09:43,18150,CE,SELL,84.85,0.14999999999999147,NIFTY
2022-11-04 14:09:43,18150,PE,SELL,154.55,-0.8999999999999773,NIFTY
2022-11-04 14:09:43,18100,CE,BUY,107.5,,NIFTY
2022-11-04 14:09:43,18100,PE,BUY,127.7,,NIFTY
2022-11-04 14:09:47,18100,CE,SELL,106.95,-0.5499999999999972,NIFTY
2022-11-04 14:09:47,18100,PE,SELL,128.25,0.5499999999999972,NIFTY
2022-11-04 14:09:47,18150,CE,BUY,84.3,,NIFTY
2022-11-04 14:09:47,18150,PE,BUY,155.45,,NIFTY
2022-11-04 14:09:49,18150,CE,SELL,84.45,0.15000000000000568,NIFTY
2022-11-04 14:09:49,18150,PE,SELL,155.3,-0.14999999999997726,NIFTY
2022-11-04 14:09:49,18100,CE,BUY,106.65,,NIFTY
2022-11-04 14:09:49,18100,PE,BUY,128.7,,NIFTY
2022-11-04 14:14:05,18100,CE,SELL,106.7,0.04999999999999716,NIFTY
2022-11-04 14:14:05,18100,PE,SELL,128.55,-0.14999999999997726,NIFTY
2022-11-04 14:14:05,18150,CE,BUY,84.15,,NIFTY
2022-11-04 14:14:05,18150,PE,BUY,156.0,,NIFTY
2022-11-04 14:14:24,18150,CE,SELL,84.95,0.7999999999999972,NIFTY
2022-11-04 14:14:24,18150,PE,SELL,155.0,-1.0,NIFTY
2022-11-04 14:14:24,18100,CE,BUY,107.5,,NIFTY
2022-11-04 14:14:24,18100,PE,BUY,127.6,,NIFTY
2022-11-04 14:14:25,18100,CE,SELL,107.7,0.20000000000000284,NIFTY
2022-11-04 14:14:25,18100,PE,SELL,128.0,0.4000000000000057,NIFTY
2022-11-04 14:14:25,18150,CE,BUY,85.15,,NIFTY
2022-11-04 14:14:25,18150,PE,BUY,155.05,,NIFTY
2022-11-04 14:15:06,18150,CE,SELL,84.4,-0.75,NIFTY
2022-11-04 14:15:06,18150,PE,SELL,155.3,0.25,NIFTY
2022-11-04 14:15:06,18100,CE,BUY,107.1,,NIFTY
2022-11-04 14:15:06,18100,PE,BUY,128.05,,NIFTY
2022-11-04 14:15:10,18100,CE,SELL,107.6,0.5,NIFTY
2022-11-04 14:15:10,18100,PE,SELL,128.1,0.04999999999998295,NIFTY
2022-11-04 14:15:10,18150,CE,BUY,85.0,,NIFTY
2022-11-04 14:15:10,18150,PE,BUY,155.1,,NIFTY
2022-11-04 14:15:16,18150,CE,SELL,84.75,-0.25,NIFTY
2022-11-04 14:15:16,18150,PE,SELL,155.25,0.15000000000000568,NIFTY
2022-11-04 14:15:16,18100,CE,BUY,107.1,,NIFTY
2022-11-04 14:15:16,18100,PE,BUY,128.15,,NIFTY
2022-11-04 14:15:20,18100,CE,SELL,106.95,-0.14999999999999147,NIFTY
2022-11-04 14:15:20,18100,PE,SELL,128.5,0.3499999999999943,NIFTY
2022-11-04 14:15:20,18150,CE,BUY,84.85,,NIFTY
2022-11-04 14:15:20,18150,PE,BUY,156.2,,NIFTY
2022-11-04 14:16:30,18150,CE,SELL,84.55,-0.29999999999999716,NIFTY
2022-11-04 14:16:30,18150,PE,SELL,155.9,-0.29999999999998295,NIFTY
2022-11-04 14:16:30,18100,CE,BUY,106.9,,NIFTY
2022-11-04 14:16:30,18100,PE,BUY,128.25,,NIFTY
2022-11-04 14:16:35,18100,CE,SELL,107.0,0.09999999999999432,NIFTY
2022-11-04 14:16:35,18100,PE,SELL,128.0,-0.25,NIFTY
2022-11-04 14:16:35,18150,CE,BUY,84.6,,NIFTY
2022-11-04 14:16:35,18150,PE,BUY,155.4,,NIFTY
2022-11-04 14:16:36,18150,CE,SELL,84.2,-0.3999999999999915,NIFTY
2022-11-04 14:16:36,18150,PE,SELL,155.8,0.4000000000000057,NIFTY
2022-11-04 14:16:36,18100,CE,BUY,106.7,,NIFTY
2022-11-04 14:16:36,18100,PE,BUY,128.55,,NIFTY
2022-11-04 14:16:37,18100,CE,SELL,106.5,-0.20000000000000284,NIFTY
2022-11-04 14:16:37,18100,PE,SELL,128.55,0.0,NIFTY
2022-11-04 14:16:37,18150,CE,BUY,84.2,,NIFTY
2022-11-04 14:16:37,18150,PE,BUY,155.8,,NIFTY
2022-11-04 14:16:39,18150,CE,SELL,84.3,0.09999999999999432,NIFTY
2022-11-04 14:16:39,18150,PE,SELL,156.0,0.19999999999998863,NIFTY
2022-11-04 14:16:39,18100,CE,BUY,106.8,,NIFTY
2022-11-04 14:16:39,18100,PE,BUY,128.6,,NIFTY
2022-11-04 14:16:47,18100,CE,SELL,106.85,0.04999999999999716,NIFTY
2022-11-04 14:16:47,18100,PE,SELL,128.35,-0.25,NIFTY
2022-11-04 14:16:47,18150,CE,BUY,84.4,,NIFTY
2022-11-04 14:16:47,18150,PE,BUY,155.75,,NIFTY
2022-11-04 14:16:48,18150,CE,SELL,84.4,0.0,NIFTY
2022-11-04 14:16:48,18150,PE,SELL,155.55,-0.19999999999998863,NIFTY
2022-11-04 14:16:48,18100,CE,BUY,107.2,,NIFTY
2022-11-04 14:16:48,18100,PE,BUY,128.2,,NIFTY
2022-11-04 14:17:02,18100,CE,SELL,107.4,0.20000000000000284,NIFTY
2022-11-04 14:17:02,18100,PE,SELL,127.6,-0.5999999999999943,NIFTY
2022-11-04 14:17:02,18150,CE,BUY,84.8,,NIFTY
2022-11-04 14:17:02,18150,PE,BUY,154.7,,NIFTY
2022-11-04 14:17:53,18150,CE,SELL,84.75,-0.04999999999999716,NIFTY
2022-11-04 14:17:53,18150,PE,SELL,155.4,0.700000000000017,NIFTY
2022-11-04 14:17:53,18100,CE,BUY,107.3,,NIFTY
2022-11-04 14:17:53,18100,PE,BUY,128.5,,NIFTY
2022-11-04 14:17:57,18100,CE,SELL,107.4,0.10000000000000853,NIFTY
2022-11-04 14:17:57,18100,PE,SELL,127.8,-0.7000000000000028,NIFTY
2022-11-04 14:17:57,18150,CE,BUY,84.7,,NIFTY
2022-11-04 14:17:57,18150,PE,BUY,155.4,,NIFTY
2022-11-04 14:17:59,18150,CE,SELL,84.6,-0.10000000000000853,NIFTY
2022-11-04 14:17:59,18150,PE,SELL,155.65,0.25,NIFTY
2022-11-04 14:17:59,18100,CE,BUY,107.0,,NIFTY
2022-11-04 14:17:59,18100,PE,BUY,128.05,,NIFTY
2022-11-04 14:18:01,18100,CE,SELL,106.95,-0.04999999999999716,NIFTY
2022-11-04 14:18:01,18100,PE,SELL,128.2,0.14999999999997726,NIFTY
2022-11-04 14:18:01,18150,CE,BUY,84.3,,NIFTY
2022-11-04 14:18:01,18150,PE,BUY,155.6,,NIFTY
2022-11-04 14:18:03,18150,CE,SELL,84.6,0.29999999999999716,NIFTY
2022-11-04 14:18:03,18150,PE,SELL,155.6,0.0,NIFTY
2022-11-04 14:18:03,18100,CE,BUY,107.2,,NIFTY
2022-11-04 14:18:03,18100,PE,BUY,128.05,,NIFTY
2022-11-04 14:18:05,18100,CE,SELL,107.35,0.14999999999999147,NIFTY
2022-11-04 14:18:05,18100,PE,SELL,127.4,-0.6500000000000057,NIFTY
2022-11-04 14:18:05,18150,CE,BUY,85.0,,NIFTY
2022-11-04 14:18:05,18150,PE,BUY,154.95,,NIFTY
2022-11-04 14:18:08,18150,CE,SELL,84.3,-0.7000000000000028,NIFTY
2022-11-04 14:18:08,18150,PE,SELL,156.5,1.5500000000000114,NIFTY
2022-11-04 14:18:08,18100,CE,BUY,106.75,,NIFTY
2022-11-04 14:18:08,18100,PE,BUY,128.95,,NIFTY
2022-11-04 14:18:39,18100,CE,SELL,106.0,-0.75,NIFTY
2022-11-04 14:18:39,18100,PE,SELL,128.85,-0.09999999999999432,NIFTY
2022-11-04 14:18:39,18150,CE,BUY,83.7,,NIFTY
2022-11-04 14:18:39,18150,PE,BUY,156.4,,NIFTY
2022-11-04 14:18:42,18150,CE,SELL,83.4,-0.29999999999999716,NIFTY
2022-11-04 14:18:42,18150,PE,SELL,156.4,0.0,NIFTY
2022-11-04 14:18:42,18100,CE,BUY,105.7,,NIFTY
2022-11-04 14:18:42,18100,PE,BUY,128.95,,NIFTY
2022-11-04 14:20:41,18100,CE,SELL,107.75,2.049999999999997,NIFTY
2022-11-04 14:20:41,18100,PE,SELL,126.9,-2.049999999999983,NIFTY
2022-11-04 14:20:41,18150,CE,BUY,85.35,,NIFTY
2022-11-04 14:20:41,18150,PE,BUY,154.0,,NIFTY
2022-11-04 14:20:48,18150,CE,SELL,84.55,-0.7999999999999972,NIFTY
2022-11-04 14:20:48,18150,PE,SELL,155.3,1.3000000000000114,NIFTY
2022-11-04 14:20:48,18100,CE,BUY,106.8,,NIFTY
2022-11-04 14:20:48,18100,PE,BUY,127.65,,NIFTY
2022-11-04 14:20:49,18100,CE,SELL,107.0,0.20000000000000284,NIFTY
2022-11-04 14:20:49,18100,PE,SELL,127.75,0.09999999999999432,NIFTY
2022-11-04 14:20:49,18150,CE,BUY,84.4,,NIFTY
2022-11-04 14:20:49,18150,PE,BUY,155.3,,NIFTY
2022-11-04 14:20:54,18150,CE,SELL,84.7,0.29999999999999716,NIFTY
2022-11-04 14:20:54,18150,PE,SELL,154.7,-0.6000000000000227,NIFTY
2022-11-04 14:20:54,18100,CE,BUY,107.0,,NIFTY
2022-11-04 14:20:54,18100,PE,BUY,127.7,,NIFTY
2022-11-04 14:20:59,18100,CE,SELL,106.65,-0.3499999999999943,NIFTY
2022-11-04 14:20:59,18100,PE,SELL,128.35,0.6499999999999915,NIFTY
2022-11-04 14:20:59,18150,CE,BUY,84.2,,NIFTY
2022-11-04 14:20:59,18150,PE,BUY,155.65,,NIFTY
2022-11-04 14:21:04,18150,CE,SELL,84.25,0.04999999999999716,NIFTY
2022-11-04 14:21:04,18150,PE,SELL,155.5,-0.15000000000000568,NIFTY
2022-11-04 14:21:04,18100,CE,BUY,106.7,,NIFTY
2022-11-04 14:21:04,18100,PE,BUY,128.0,,NIFTY
2022-11-04 14:21:15,18100,CE,SELL,106.45,-0.25,NIFTY
2022-11-04 14:21:15,18100,PE,SELL,128.25,0.25,NIFTY
2022-11-04 14:21:15,18150,CE,BUY,84.15,,NIFTY
2022-11-04 14:21:15,18150,PE,BUY,155.5,,NIFTY
2022-11-04 14:21:21,18150,CE,SELL,83.95,-0.20000000000000284,NIFTY
2022-11-04 14:21:21,18150,PE,SELL,155.8,0.30000000000001137,NIFTY
2022-11-04 14:21:21,18100,CE,BUY,106.55,,NIFTY
2022-11-04 14:21:21,18100,PE,BUY,128.4,,NIFTY
2022-11-04 14:21:25,18100,CE,SELL,106.6,0.04999999999999716,NIFTY
2022-11-04 14:21:25,18100,PE,SELL,128.3,-0.09999999999999432,NIFTY
2022-11-04 14:21:25,18150,CE,BUY,84.05,,NIFTY
2022-11-04 14:21:25,18150,PE,BUY,155.8,,NIFTY
2022-11-04 14:21:27,18150,CE,SELL,84.15,0.10000000000000853,NIFTY
2022-11-04 14:21:27,18150,PE,SELL,155.35,-0.45000000000001705,NIFTY
2022-11-04 14:21:27,18100,CE,BUY,106.45,,NIFTY
2022-11-04 14:21:27,18100,PE,BUY,128.05,,NIFTY
2022-11-04 14:21:30,18100,CE,SELL,106.7,0.25,NIFTY
2022-11-04 14:21:30,18100,PE,SELL,128.2,0.14999999999997726,NIFTY
2022-11-04 14:21:30,18150,CE,BUY,84.2,,NIFTY
2022-11-04 14:21:30,18150,PE,BUY,155.7,,NIFTY
2022-11-04 14:21:36,18150,CE,SELL,83.4,-0.7999999999999972,NIFTY
2022-11-04 14:21:36,18150,PE,SELL,156.5,0.8000000000000114,NIFTY
2022-11-04 14:21:36,18100,CE,BUY,105.4,,NIFTY
2022-11-04 14:21:36,18100,PE,BUY,128.9,,NIFTY
2022-11-04 14:21:51,18100,CE,SELL,106.2,0.7999999999999972,NIFTY
2022-11-04 14:21:51,18100,PE,SELL,128.0,-0.9000000000000057,NIFTY
2022-11-04 14:21:51,18150,CE,BUY,84.05,,NIFTY
2022-11-04 14:21:51,18150,PE,BUY,155.7,,NIFTY
2022-11-04 14:21:53,18150,CE,SELL,83.55,-0.5,NIFTY
2022-11-04 14:21:53,18150,PE,SELL,156.0,0.30000000000001137,NIFTY
2022-11-04 14:21:53,18100,CE,BUY,106.0,,NIFTY
2022-11-04 14:21:53,18100,PE,BUY,128.6,,NIFTY
2022-11-04 14:22:07,18100,CE,SELL,106.45,0.45000000000000284,NIFTY
2022-11-04 14:22:07,18100,PE,SELL,127.8,-0.7999999999999972,NIFTY
2022-11-04 14:22:07,18150,CE,BUY,83.95,,NIFTY
2022-11-04 14:22:07,18150,PE,BUY,155.15,,NIFTY
2022-11-04 14:22:09,18150,CE,SELL,83.85,-0.10000000000000853,NIFTY
2022-11-04 14:22:09,18150,PE,SELL,155.15,0.0,NIFTY
2022-11-04 14:22:09,18100,CE,BUY,106.55,,NIFTY
2022-11-04 14:22:09,18100,PE,BUY,127.85,,NIFTY
2022-11-04 14:22:10,18100,CE,SELL,106.55,0.0,NIFTY
2022-11-04 14:22:10,18100,PE,SELL,128.2,0.3499999999999943,NIFTY
2022-11-04 14:22:10,18150,CE,BUY,83.95,,NIFTY
2022-11-04 14:22:10,18150,PE,BUY,155.45,,NIFTY
2022-11-04 14:22:16,18150,CE,SELL,83.3,-0.6500000000000057,NIFTY
2022-11-04 14:22:16,18150,PE,SELL,156.5,1.0500000000000114,NIFTY
2022-11-04 14:22:16,18100,CE,BUY,105.5,,NIFTY
2022-11-04 14:22:16,18100,PE,BUY,129.0,,NIFTY
2022-11-04 14:27:23,18100,CE,SELL,107.95,2.450000000000003,NIFTY
2022-11-04 14:27:23,18100,PE,SELL,126.0,-3.0,NIFTY
2022-11-04 14:27:23,18150,CE,BUY,85.4,,NIFTY
2022-11-04 14:27:23,18150,PE,BUY,153.35,,NIFTY
2022-11-04 15:00:28,18150,CE,SELL,102.35,16.94999999999999,NIFTY
2022-11-04 15:00:28,18150,PE,SELL,130.6,-22.75,NIFTY
2022-11-04 15:00:28,18200,CE,BUY,79.9,,NIFTY
2022-11-04 15:00:28,18200,PE,BUY,158.0,,NIFTY
2022-11-04 15:00:40,18200,CE,SELL,78.7,-1.2000000000000028,NIFTY
2022-11-04 15:00:40,18200,PE,SELL,158.3,0.30000000000001137,NIFTY
2022-11-04 15:00:40,18150,CE,BUY,101.2,,NIFTY
2022-11-04 15:00:40,18150,PE,BUY,131.35,,NIFTY
2022-11-04 15:02:35,18150,CE,SELL,100.95,-0.25,NIFTY
2022-11-04 15:02:35,18150,PE,SELL,132.25,0.9000000000000057,NIFTY
2022-11-04 15:02:35,18200,CE,BUY,78.9,,NIFTY
2022-11-04 15:02:35,18200,PE,BUY,159.7,,NIFTY
2022-11-04 15:02:36,18200,CE,SELL,78.8,-0.10000000000000853,NIFTY
2022-11-04 15:02:36,18200,PE,SELL,159.7,0.0,NIFTY
2022-11-04 15:02:36,18150,CE,BUY,101.2,,NIFTY
2022-11-04 15:02:36,18150,PE,BUY,132.25,,NIFTY
2022-11-04 15:02:38,18150,CE,SELL,101.4,0.20000000000000284,NIFTY
2022-11-04 15:02:38,18150,PE,SELL,132.05,-0.19999999999998863,NIFTY
2022-11-04 15:02:38,18200,CE,BUY,79.1,,NIFTY
2022-11-04 15:02:38,18200,PE,BUY,159.6,,NIFTY
2022-11-04 15:02:41,18200,CE,SELL,79.55,0.45000000000000284,NIFTY
2022-11-04 15:02:41,18200,PE,SELL,158.9,-0.6999999999999886,NIFTY
2022-11-04 15:02:41,18150,CE,BUY,101.9,,NIFTY
2022-11-04 15:02:41,18150,PE,BUY,131.35,,NIFTY
2022-11-04 15:02:42,18150,CE,SELL,102.5,0.5999999999999943,NIFTY
2022-11-04 15:02:42,18150,PE,SELL,130.45,-0.9000000000000057,NIFTY
2022-11-04 15:02:42,18200,CE,BUY,79.85,,NIFTY
2022-11-04 15:02:42,18200,PE,BUY,158.0,,NIFTY
2022-11-04 15:03:13,18200,CE,SELL,78.95,-0.8999999999999915,NIFTY
2022-11-04 15:03:13,18200,PE,SELL,158.8,0.8000000000000114,NIFTY
2022-11-04 15:03:13,18150,CE,BUY,101.3,,NIFTY
2022-11-04 15:03:13,18150,PE,BUY,131.5,,NIFTY
2022-11-04 15:03:18,18150,CE,SELL,101.55,0.25,NIFTY
2022-11-04 15:03:18,18150,PE,SELL,131.2,-0.30000000000001137,NIFTY
2022-11-04 15:03:18,18200,CE,BUY,79.25,,NIFTY
2022-11-04 15:03:18,18200,PE,BUY,159.2,,NIFTY
2022-11-04 15:03:21,18200,CE,SELL,79.25,0.0,NIFTY
2022-11-04 15:03:21,18200,PE,SELL,158.4,-0.799999999999983,NIFTY
2022-11-04 15:03:21,18150,CE,BUY,101.85,,NIFTY
2022-11-04 15:03:21,18150,PE,BUY,131.2,,NIFTY
2022-11-04 15:03:23,18150,CE,SELL,102.0,0.15000000000000568,NIFTY
2022-11-04 15:03:23,18150,PE,SELL,131.0,-0.19999999999998863,NIFTY
2022-11-04 15:03:23,18200,CE,BUY,79.3,,NIFTY
2022-11-04 15:03:23,18200,PE,BUY,158.75,,NIFTY
2022-11-04 15:03:27,18200,CE,SELL,79.4,0.10000000000000853,NIFTY
2022-11-04 15:03:27,18200,PE,SELL,158.4,-0.3499999999999943,NIFTY
2022-11-04 15:03:27,18150,CE,BUY,101.85,,NIFTY
2022-11-04 15:03:27,18150,PE,BUY,130.9,,NIFTY
2022-11-04 15:03:28,18150,CE,SELL,102.0,0.15000000000000568,NIFTY
2022-11-04 15:03:28,18150,PE,SELL,130.75,-0.15000000000000568,NIFTY
2022-11-04 15:03:28,18200,CE,BUY,79.6,,NIFTY
2022-11-04 15:03:28,18200,PE,BUY,158.2,,NIFTY
2022-11-04 15:03:38,18200,CE,SELL,79.35,-0.25,NIFTY
2022-11-04 15:03:38,18200,PE,SELL,158.7,0.5,NIFTY
2022-11-04 15:03:38,18150,CE,BUY,101.45,,NIFTY
2022-11-04 15:03:38,18150,PE,BUY,131.35,,NIFTY
2022-11-04 15:03:39,18150,CE,SELL,101.4,-0.04999999999999716,NIFTY
2022-11-04 15:03:39,18150,PE,SELL,131.5,0.15000000000000568,NIFTY
2022-11-04 15:03:39,18200,CE,BUY,79.0,,NIFTY
2022-11-04 15:03:39,18200,PE,BUY,159.2,,NIFTY
2022-11-04 15:03:41,18200,CE,SELL,78.85,-0.15000000000000568,NIFTY
2022-11-04 15:03:41,18200,PE,SELL,159.25,0.05000000000001137,NIFTY
2022-11-04 15:03:41,18150,CE,BUY,101.25,,NIFTY
2022-11-04 15:03:41,18150,PE,BUY,131.65,,NIFTY
2022-11-04 15:03:43,18150,CE,SELL,101.6,0.3499999999999943,NIFTY
2022-11-04 15:03:43,18150,PE,SELL,131.4,-0.25,NIFTY
2022-11-04 15:03:43,18200,CE,BUY,79.0,,NIFTY
2022-11-04 15:03:43,18200,PE,BUY,159.25,,NIFTY
2022-11-04 15:03:44,18200,CE,SELL,78.9,-0.09999999999999432,NIFTY
2022-11-04 15:03:44,18200,PE,SELL,159.15,-0.09999999999999432,NIFTY
2022-11-04 15:03:44,18150,CE,BUY,101.5,,NIFTY
2022-11-04 15:03:44,18150,PE,BUY,131.4,,NIFTY
2022-11-04 15:03:48,18150,CE,SELL,102.05,0.5499999999999972,NIFTY
2022-11-04 15:03:48,18150,PE,SELL,131.3,-0.09999999999999432,NIFTY
2022-11-04 15:03:48,18200,CE,BUY,79.55,,NIFTY
2022-11-04 15:03:48,18200,PE,BUY,159.0,,NIFTY
2022-11-04 15:03:49,18200,CE,SELL,79.25,-0.29999999999999716,NIFTY
2022-11-04 15:03:49,18200,PE,SELL,159.2,0.19999999999998863,NIFTY
2022-11-04 15:03:49,18150,CE,BUY,101.9,,NIFTY
2022-11-04 15:03:49,18150,PE,BUY,131.3,,NIFTY
2022-11-04 15:03:54,18150,CE,SELL,101.3,-0.6000000000000085,NIFTY
2022-11-04 15:03:54,18150,PE,SELL,131.6,0.29999999999998295,NIFTY
2022-11-04 15:03:54,18200,CE,BUY,79.0,,NIFTY
2022-11-04 15:03:54,18200,PE,BUY,159.3,,NIFTY
2022-11-04 15:03:56,18200,CE,SELL,79.0,0.0,NIFTY
2022-11-04 15:03:56,18200,PE,SELL,159.05,-0.25,NIFTY
2022-11-04 15:03:56,18150,CE,BUY,101.4,,NIFTY
2022-11-04 15:03:56,18150,PE,BUY,131.35,,NIFTY
2022-11-04 15:04:02,18150,CE,SELL,102.65,1.25,NIFTY
2022-11-04 15:04:02,18150,PE,SELL,130.0,-1.3499999999999943,NIFTY
2022-11-04 15:04:02,18200,CE,BUY,80.05,,NIFTY
2022-11-04 15:04:02,18200,PE,BUY,157.4,,NIFTY
2022-11-04 15:04:12,18200,CE,SELL,79.15,-0.8999999999999915,NIFTY
2022-11-04 15:04:12,18200,PE,SELL,158.45,1.049999999999983,NIFTY
2022-11-04 15:04:12,18150,CE,BUY,102.0,,NIFTY
2022-11-04 15:04:12,18150,PE,BUY,130.75,,NIFTY
2022-11-04 15:04:13,18150,CE,SELL,102.0,0.0,NIFTY
2022-11-04 15:04:13,18150,PE,SELL,130.5,-0.25,NIFTY
2022-11-04 15:04:13,18200,CE,BUY,79.15,,NIFTY
2022-11-04 15:04:13,18200,PE,BUY,158.0,,NIFTY
2022-11-04 15:04:31,18200,CE,SELL,78.55,-0.6000000000000085,NIFTY
2022-11-04 15:04:31,18200,PE,SELL,159.35,1.3499999999999943,NIFTY
2022-11-04 15:04:31,18150,CE,BUY,100.95,,NIFTY
2022-11-04 15:04:31,18150,PE,BUY,131.85,,NIFTY
2022-11-04 15:05:14,18150,CE,SELL,102.1,1.1499999999999915,NIFTY
2022-11-04 15:05:14,18150,PE,SELL,130.9,-0.9499999999999886,NIFTY
2022-11-04 15:05:14,18200,CE,BUY,79.4,,NIFTY
2022-11-04 15:05:14,18200,PE,BUY,157.8,,NIFTY
2022-11-04 15:05:18,18200,CE,SELL,79.6,0.19999999999998863,NIFTY
2022-11-04 15:05:18,18200,PE,SELL,158.55,0.75,NIFTY
2022-11-04 15:05:18,18150,CE,BUY,101.95,,NIFTY
2022-11-04 15:05:18,18150,PE,BUY,130.95,,NIFTY
2022-11-04 15:05:19,18150,CE,SELL,102.4,0.45000000000000284,NIFTY
2022-11-04 15:05:19,18150,PE,SELL,130.55,-0.39999999999997726,NIFTY
2022-11-04 15:05:19,18200,CE,BUY,79.95,,NIFTY
2022-11-04 15:05:19,18200,PE,BUY,158.3,,NIFTY
2022-11-04 15:06:17,18200,CE,SELL,79.4,-0.5499999999999972,NIFTY
2022-11-04 15:06:17,18200,PE,SELL,158.7,0.39999999999997726,NIFTY
2022-11-04 15:06:17,18150,CE,BUY,101.8,,NIFTY
2022-11-04 15:06:17,18150,PE,BUY,131.45,,NIFTY
2022-11-04 15:06:19,18150,CE,SELL,102.15,0.3500000000000085,NIFTY
2022-11-04 15:06:19,18150,PE,SELL,131.4,-0.04999999999998295,NIFTY
2022-11-04 15:06:19,18200,CE,BUY,79.55,,NIFTY
2022-11-04 15:06:19,18200,PE,BUY,158.85,,NIFTY
2022-11-04 15:06:21,18200,CE,SELL,79.45,-0.09999999999999432,NIFTY
2022-11-04 15:06:21,18200,PE,SELL,158.6,-0.25,NIFTY
2022-11-04 15:06:21,18150,CE,BUY,102.15,,NIFTY
2022-11-04 15:06:21,18150,PE,BUY,131.3,,NIFTY
2022-11-04 15:06:26,18150,CE,SELL,102.45,0.29999999999999716,NIFTY
2022-11-04 15:06:26,18150,PE,SELL,130.5,-0.8000000000000114,NIFTY
2022-11-04 15:06:26,18200,CE,BUY,79.75,,NIFTY
2022-11-04 15:06:26,18200,PE,BUY,157.85,,NIFTY
2022-11-04 15:30:00,18200,CE,SELL,99.95,20.200000000000003,NIFTY
2022-11-04 15:30:00,18200,PE,SELL,136.0,-21.849999999999994,NIFTY
2022-11-07 09:15:00,18300,CE,BUY,67.9,,NIFTY
2022-11-07 09:15:00,18300,PE,BUY,139.85,,NIFTY
2022-11-07 09:24:45,18300,CE,SELL,58.2,-9.700000000000003,NIFTY
2022-11-07 09:24:45,18300,PE,SELL,131.55,-8.299999999999983,NIFTY
2022-11-07 09:24:45,18250,CE,BUY,80.1,,NIFTY
2022-11-07 09:24:45,18250,PE,BUY,103.6,,NIFTY
2022-11-07 09:39:07,18250,CE,SELL,62.5,-17.599999999999994,NIFTY
2022-11-07 09:39:07,18250,PE,SELL,134.0,30.400000000000006,NIFTY
2022-11-07 09:39:07,18200,CE,BUY,84.75,,NIFTY
2022-11-07 09:39:07,18200,PE,BUY,106.0,,NIFTY
2022-11-07 09:39:11,18200,CE,SELL,85.35,0.5999999999999943,NIFTY
2022-11-07 09:39:11,18200,PE,SELL,104.9,-1.0999999999999943,NIFTY
2022-11-07 09:39:11,18250,CE,BUY,62.7,,NIFTY
2022-11-07 09:39:11,18250,PE,BUY,132.75,,NIFTY
2022-11-07 09:39:14,18250,CE,SELL,63.1,0.3999999999999986,NIFTY
2022-11-07 09:39:14,18250,PE,SELL,131.85,-0.9000000000000057,NIFTY
2022-11-07 09:39:14,18200,CE,BUY,85.35,,NIFTY
2022-11-07 09:39:14,18200,PE,BUY,104.3,,NIFTY
2022-11-07 09:39:15,18200,CE,SELL,85.35,0.0,NIFTY
2022-11-07 09:39:15,18200,PE,SELL,104.0,-0.29999999999999716,NIFTY
2022-11-07 09:39:15,18250,CE,BUY,63.1,,NIFTY
2022-11-07 09:39:15,18250,PE,BUY,131.3,,NIFTY
2022-11-07 09:40:06,18250,CE,SELL,62.6,-0.5,NIFTY
2022-11-07 09:40:06,18250,PE,SELL,131.9,0.5999999999999943,NIFTY
2022-11-07 09:40:06,18200,CE,BUY,85.05,,NIFTY
2022-11-07 09:40:06,18200,PE,BUY,104.35,,NIFTY
2022-11-07 09:40:07,18200,CE,SELL,85.1,0.04999999999999716,NIFTY
2022-11-07 09:40:07,18200,PE,SELL,103.8,-0.5499999999999972,NIFTY
2022-11-07 09:40:07,18250,CE,BUY,62.8,,NIFTY
2022-11-07 09:40:07,18250,PE,BUY,131.3,,NIFTY
2022-11-07 09:43:30,18250,CE,SELL,62.15,-0.6499999999999986,NIFTY
2022-11-07 09:43:30,18250,PE,SELL,131.5,0.19999999999998863,NIFTY
2022-11-07 09:43:30,18200,CE,BUY,84.65,,NIFTY
2022-11-07 09:43:30,18200,PE,BUY,103.7,,NIFTY
2022-11-07 09:43:46,18200,CE,SELL,85.05,0.3999999999999915,NIFTY
2022-11-07 09:43:46,18200,PE,SELL,104.6,0.8999999999999915,NIFTY
2022-11-07 09:43:46,18250,CE,BUY,62.7,,NIFTY
2022-11-07 09:43:46,18250,PE,BUY,132.25,,NIFTY
2022-11-07 09:43:48,18250,CE,SELL,62.3,-0.4000000000000057,NIFTY
2022-11-07 09:43:48,18250,PE,SELL,132.1,-0.15000000000000568,NIFTY
2022-11-07 09:43:48,18200,CE,BUY,84.75,,NIFTY
2022-11-07 09:43:48,18200,PE,BUY,104.4,,NIFTY
2022-11-07 09:44:56,18200,CE,SELL,84.45,-0.29999999999999716,NIFTY
2022-11-07 09:44:56,18200,PE,SELL,102.55,-1.8500000000000085,NIFTY
2022-11-07 09:44:56,18250,CE,BUY,61.75,,NIFTY
2022-11-07 09:44:56,18250,PE,BUY,130.0,,NIFTY
2022-11-07 09:44:59,18250,CE,SELL,61.3,-0.45000000000000284,NIFTY
2022-11-07 09:44:59,18250,PE,SELL,130.95,0.9499999999999886,NIFTY
2022-11-07 09:44:59,18200,CE,BUY,84.0,,NIFTY
2022-11-07 09:44:59,18200,PE,BUY,103.35,,NIFTY
2022-11-07 10:46:50,18200,CE,SELL,64.35,-19.650000000000006,NIFTY
2022-11-07 10:46:50,18200,PE,SELL,129.25,25.900000000000006,NIFTY
2022-11-07 10:46:50,18150,CE,BUY,86.75,,NIFTY
2022-11-07 10:46:50,18150,PE,BUY,101.2,,NIFTY
2022-11-07 10:46:52,18150,CE,SELL,86.75,0.0,NIFTY
2022-11-07 10:46:52,18150,PE,SELL,100.95,-0.25,NIFTY
2022-11-07 10:46:52,18200,CE,BUY,64.4,,NIFTY
2022-11-07 10:46:52,18200,PE,BUY,128.3,,NIFTY
2022-11-07 10:57:50,18200,CE,SELL,64.8,0.3999999999999915,NIFTY
2022-11-07 10:57:50,18200,PE,SELL,131.1,2.799999999999983,NIFTY
2022-11-07 10:57:50,18150,CE,BUY,86.95,,NIFTY
2022-11-07 10:57:50,18150,PE,BUY,103.3,,NIFTY
2022-11-07 11:01:22,18150,CE,SELL,87.9,0.9500000000000028,NIFTY
2022-11-07 11:01:22,18150,PE,SELL,103.65,0.3500000000000085,NIFTY
2022-11-07 11:01:22,18200,CE,BUY,65.55,,NIFTY
2022-11-07 11:01:22,18200,PE,BUY,131.25,,NIFTY
2022-11-07 12:55:33,18200,CE,SELL,62.55,-3.0,NIFTY
2022-11-07 12:55:33,18200,PE,SELL,133.7,2.4499999999999886,NIFTY
2022-11-07 12:55:33,18150,CE,BUY,84.55,,NIFTY
2022-11-07 12:55:33,18150,PE,BUY,105.7,,NIFTY
2022-11-07 12:55:39,18150,CE,SELL,85.0,0.45000000000000284,NIFTY
2022-11-07 12:55:39,18150,PE,SELL,105.1,-0.6000000000000085,NIFTY
2022-11-07 12:55:39,18200,CE,BUY,62.8,,NIFTY
2022-11-07 12:55:39,18200,PE,BUY,132.95,,NIFTY
2022-11-07 12:55:41,18200,CE,SELL,62.85,0.05000000000000426,NIFTY
2022-11-07 12:55:41,18200,PE,SELL,132.95,0.0,NIFTY
2022-11-07 12:55:41,18150,CE,BUY,84.85,,NIFTY
2022-11-07 12:55:41,18150,PE,BUY,104.95,,NIFTY
2022-11-07 12:55:42,18150,CE,SELL,85.05,0.20000000000000284,NIFTY
2022-11-07 12:55:42,18150,PE,SELL,105.0,0.04999999999999716,NIFTY
2022-11-07 12:55:42,18200,CE,BUY,62.75,,NIFTY
2022-11-07 12:55:42,18200,PE,BUY,132.55,,NIFTY
2022-11-07 12:55:44,18200,CE,SELL,63.25,0.5,NIFTY
2022-11-07 12:55:44,18200,PE,SELL,131.85,-0.700000000000017,NIFTY
2022-11-07 12:55:44,18150,CE,BUY,85.4,,NIFTY
2022-11-07 12:55:44,18150,PE,BUY,104.25,,NIFTY
2022-11-07 12:55:45,18150,CE,SELL,85.8,0.3999999999999915,NIFTY
2022-11-07 12:55:45,18150,PE,SELL,104.3,0.04999999999999716,NIFTY
2022-11-07 12:55:45,18200,CE,BUY,63.6,,NIFTY
2022-11-07 12:55:45,18200,PE,BUY,132.05,,NIFTY
2022-11-07 13:03:24,18200,CE,SELL,62.9,-0.7000000000000028,NIFTY
2022-11-07 13:03:24,18200,PE,SELL,134.0,1.9499999999999886,NIFTY
2022-11-07 13:03:24,18150,CE,BUY,85.0,,NIFTY
2022-11-07 13:03:24,18150,PE,BUY,105.9,,NIFTY
2022-11-07 13:03:25,18150,CE,SELL,85.35,0.3499999999999943,NIFTY
2022-11-07 13:03:25,18150,PE,SELL,105.85,-0.05000000000001137,NIFTY
2022-11-07 13:03:25,18200,CE,BUY,63.15,,NIFTY
2022-11-07 13:03:25,18200,PE,BUY,133.75,,NIFTY
2022-11-07 13:03:26,18200,CE,SELL,63.05,-0.10000000000000142,NIFTY
2022-11-07 13:03:26,18200,PE,SELL,133.7,-0.05000000000001137,NIFTY
2022-11-07 13:03:26,18150,CE,BUY,85.3,,NIFTY
2022-11-07 13:03:26,18150,PE,BUY,105.8,,NIFTY
2022-11-07 13:03:28,18150,CE,SELL,85.4,0.10000000000000853,NIFTY
2022-11-07 13:03:28,18150,PE,SELL,105.4,-0.3999999999999915,NIFTY
2022-11-07 13:03:28,18200,CE,BUY,63.1,,NIFTY
2022-11-07 13:03:28,18200,PE,BUY,133.2,,NIFTY
2022-11-07 13:03:32,18200,CE,SELL,63.75,0.6499999999999986,NIFTY
2022-11-07 13:03:32,18200,PE,SELL,132.3,-0.8999999999999773,NIFTY
2022-11-07 13:03:32,18150,CE,BUY,85.85,,NIFTY
2022-11-07 13:03:32,18150,PE,BUY,104.7,,NIFTY
2022-11-07 13:03:34,18150,CE,SELL,86.05,0.20000000000000284,NIFTY
2022-11-07 13:03:34,18150,PE,SELL,104.35,-0.3500000000000085,NIFTY
2022-11-07 13:03:34,18200,CE,BUY,63.9,,NIFTY
2022-11-07 13:03:34,18200,PE,BUY,131.75,,NIFTY
2022-11-07 13:03:35,18200,CE,SELL,63.85,-0.04999999999999716,NIFTY
2022-11-07 13:03:35,18200,PE,SELL,131.8,0.05000000000001137,NIFTY
2022-11-07 13:03:35,18150,CE,BUY,86.2,,NIFTY
2022-11-07 13:03:35,18150,PE,BUY,104.35,,NIFTY
2022-11-07 13:03:37,18150,CE,SELL,86.3,0.09999999999999432,NIFTY
2022-11-07 13:03:37,18150,PE,SELL,104.5,0.15000000000000568,NIFTY
2022-11-07 13:03:37,18200,CE,BUY,63.9,,NIFTY
2022-11-07 13:03:37,18200,PE,BUY,131.9,,NIFTY
2022-11-07 13:04:26,18200,CE,SELL,63.35,-0.5499999999999972,NIFTY
2022-11-07 13:04:26,18200,PE,SELL,132.8,0.9000000000000057,NIFTY
2022-11-07 13:04:26,18150,CE,BUY,85.65,,NIFTY
2022-11-07 13:04:26,18150,PE,BUY,105.15,,NIFTY
2022-11-07 13:04:29,18150,CE,SELL,85.15,-0.5,NIFTY
2022-11-07 13:04:29,18150,PE,SELL,106.05,0.8999999999999915,NIFTY
2022-11-07 13:04:29,18200,CE,BUY,63.0,,NIFTY
2022-11-07 13:04:29,18200,PE,BUY,133.7,,NIFTY
2022-11-07 13:04:30,18200,CE,SELL,63.0,0.0,NIFTY
2022-11-07 13:04:30,18200,PE,SELL,134.0,0.30000000000001137,NIFTY
2022-11-07 13:04:30,18150,CE,BUY,85.1,,NIFTY
2022-11-07 13:04:30,18150,PE,BUY,106.2,,NIFTY
2022-11-07 13:06:12,18150,CE,SELL,85.05,-0.04999999999999716,NIFTY
2022-11-07 13:06:12,18150,PE,SELL,104.45,-1.75,NIFTY
2022-11-07 13:06:12,18200,CE,BUY,62.85,,NIFTY
2022-11-07 13:06:12,18200,PE,BUY,132.5,,NIFTY
2022-11-07 13:06:13,18200,CE,SELL,62.6,-0.25,NIFTY
2022-11-07 13:06:13,18200,PE,SELL,132.7,0.19999999999998863,NIFTY
2022-11-07 13:06:13,18150,CE,BUY,84.65,,NIFTY
2022-11-07 13:06:13,18150,PE,BUY,104.85,,NIFTY
2022-11-07 13:06:28,18150,CE,SELL,85.3,0.6499999999999915,NIFTY
2022-11-07 13:06:28,18150,PE,SELL,104.0,-0.8499999999999943,NIFTY
2022-11-07 13:06:28,18200,CE,BUY,63.15,,NIFTY
2022-11-07 13:06:28,18200,PE,BUY,131.9,,NIFTY
2022-11-07 13:06:32,18200,CE,SELL,63.2,0.05000000000000426,NIFTY
2022-11-07 13:06:32,18200,PE,SELL,131.9,0.0,NIFTY
2022-11-07 13:06:32,18150,CE,BUY,85.35,,NIFTY
2022-11-07 13:06:32,18150,PE,BUY,104.05,,NIFTY
2022-11-07 13:06:34,18150,CE,SELL,85.55,0.20000000000000284,NIFTY
2022-11-07 13:06:34,18150,PE,SELL,104.25,0.20000000000000284,NIFTY
2022-11-07 13:06:34,18200,CE,BUY,63.1,,NIFTY
2022-11-07 13:06:34,18200,PE,BUY,131.85,,NIFTY
2022-11-07 13:07:08,18200,CE,SELL,62.5,-0.6000000000000014,NIFTY
2022-11-07 13:07:08,18200,PE,SELL,133.4,1.5500000000000114,NIFTY
2022-11-07 13:07:08,18150,CE,BUY,84.5,,NIFTY
2022-11-07 13:07:08,18150,PE,BUY,105.75,,NIFTY
2022-11-07 13:08:09,18150,CE,SELL,85.25,0.75,NIFTY
2022-11-07 13:08:09,18150,PE,SELL,105.0,-0.75,NIFTY
2022-11-07 13:08:09,18200,CE,BUY,63.15,,NIFTY
2022-11-07 13:08:09,18200,PE,BUY,132.6,,NIFTY
2022-11-07 13:08:12,18200,CE,SELL,63.0,-0.14999999999999858,NIFTY
2022-11-07 13:08:12,18200,PE,SELL,132.65,0.05000000000001137,NIFTY
2022-11-07 13:08:12,18150,CE,BUY,85.3,,NIFTY
2022-11-07 13:08:12,18150,PE,BUY,105.1,,NIFTY
2022-11-07 13:08:13,18150,CE,SELL,85.3,0.0,NIFTY
2022-11-07 13:08:13,18150,PE,SELL,104.8,-0.29999999999999716,NIFTY
2022-11-07 13:08:13,18200,CE,BUY,63.05,,NIFTY
2022-11-07 13:08:13,18200,PE,BUY,132.85,,NIFTY
2022-11-07 13:08:21,18200,CE,SELL,63.35,0.30000000000000426,NIFTY
2022-11-07 13:08:21,18200,PE,SELL,132.75,-0.09999999999999432,NIFTY
2022-11-07 13:08:21,18150,CE,BUY,85.55,,NIFTY
2022-11-07 13:08:21,18150,PE,BUY,104.8,,NIFTY
2022-11-07 13:08:22,18150,CE,SELL,85.4,-0.14999999999999147,NIFTY
2022-11-07 13:08:22,18150,PE,SELL,105.0,0.20000000000000284,NIFTY
2022-11-07 13:08:22,18200,CE,BUY,63.05,,NIFTY
2022-11-07 13:08:22,18200,PE,BUY,132.6,,NIFTY
2022-11-07 13:08:31,18200,CE,SELL,62.9,-0.14999999999999858,NIFTY
2022-11-07 13:08:31,18200,PE,SELL,133.55,0.950000000000017,NIFTY
2022-11-07 13:08:31,18150,CE,BUY,84.95,,NIFTY
2022-11-07 13:08:31,18150,PE,BUY,105.6,,NIFTY
2022-11-07 13:08:32,18150,CE,SELL,84.75,-0.20000000000000284,NIFTY
2022-11-07 13:08:32,18150,PE,SELL,105.65,0.05000000000001137,NIFTY
2022-11-07 13:08:32,18200,CE,BUY,62.85,,NIFTY
2022-11-07 13:08:32,18200,PE,BUY,133.25,,NIFTY
2022-11-07 13:08:35,18200,CE,SELL,62.5,-0.3500000000000014,NIFTY
2022-11-07 13:08:35,18200,PE,SELL,133.8,0.5500000000000114,NIFTY
2022-11-07 13:08:35,18150,CE,BUY,84.6,,NIFTY
2022-11-07 13:08:35,18150,PE,BUY,106.0,,NIFTY
2022-11-07 13:09:21,18150,CE,SELL,84.9,0.30000000000001137,NIFTY
2022-11-07 13:09:21,18150,PE,SELL,105.45,-0.5499999999999972,NIFTY
2022-11-07 13:09:21,18200,CE,BUY,63.25,,NIFTY
2022-11-07 13:09:21,18200,PE,BUY,133.55,,NIFTY
2022-11-07 13:09:25,18200,CE,SELL,63.25,0.0,NIFTY
2022-11-07 13:09:25,18200,PE,SELL,132.6,-0.950000000000017,NIFTY
2022-11-07 13:09:25,18150,CE,BUY,85.5,,NIFTY
2022-11-07 13:09:25,18150,PE,BUY,104.85,,NIFTY
2022-11-07 13:10:23,18150,CE,SELL,85.8,0.29999999999999716,NIFTY
2022-11-07 13:10:23,18150,PE,SELL,104.8,-0.04999999999999716,NIFTY
2022-11-07 13:10:23,18200,CE,BUY,63.5,,NIFTY
2022-11-07 13:10:23,18200,PE,BUY,132.25,,NIFTY
2022-11-07 13:10:27,18200,CE,SELL,63.2,-0.29999999999999716,NIFTY
2022-11-07 13:10:27,18200,PE,SELL,132.85,0.5999999999999943,NIFTY
2022-11-07 13:10:27,18150,CE,BUY,85.45,,NIFTY
2022-11-07 13:10:27,18150,PE,BUY,104.95,,NIFTY
2022-11-07 13:10:29,18150,CE,SELL,85.4,-0.04999999999999716,NIFTY
2022-11-07 13:10:29,18150,PE,SELL,104.65,-0.29999999999999716,NIFTY
2022-11-07 13:10:29,18200,CE,BUY,63.2,,NIFTY
2022-11-07 13:10:29,18200,PE,BUY,132.15,,NIFTY
2022-11-07 13:10:35,18200,CE,SELL,63.3,0.09999999999999432,NIFTY
2022-11-07 13:10:35,18200,PE,SELL,132.8,0.6500000000000057,NIFTY
2022-11-07 13:10:35,18150,CE,BUY,85.35,,NIFTY
2022-11-07 13:10:35,18150,PE,BUY,105.0,,NIFTY
2022-11-07 13:10:40,18150,CE,SELL,85.8,0.45000000000000284,NIFTY
2022-11-07 13:10:40,18150,PE,SELL,104.65,-0.3499999999999943,NIFTY
2022-11-07 13:10:40,18200,CE,BUY,63.5,,NIFTY
2022-11-07 13:10:40,18200,PE,BUY,132.3,,NIFTY
2022-11-07 13:14:55,18200,CE,SELL,62.4,-1.1000000000000014,NIFTY
2022-11-07 13:14:55,18200,PE,SELL,132.8,0.5,NIFTY
2022-11-07 13:14:55,18150,CE,BUY,84.35,,NIFTY
2022-11-07 13:14:55,18150,PE,BUY,104.8,,NIFTY
2022-11-07 13:15:37,18150,CE,SELL,85.25,0.9000000000000057,NIFTY
2022-11-07 13:15:37,18150,PE,SELL,104.35,-0.45000000000000284,NIFTY
2022-11-07 13:15:37,18200,CE,BUY,63.2,,NIFTY
2022-11-07 13:15:37,18200,PE,BUY,132.1,,NIFTY
2022-11-07 13:15:42,18200,CE,SELL,63.05,-0.15000000000000568,NIFTY
2022-11-07 13:15:42,18200,PE,SELL,132.95,0.8499999999999943,NIFTY
2022-11-07 13:15:42,18150,CE,BUY,85.15,,NIFTY
2022-11-07 13:15:42,18150,PE,BUY,104.7,,NIFTY
2022-11-07 13:17:44,18150,CE,SELL,85.7,0.5499999999999972,NIFTY
2022-11-07 13:17:44,18150,PE,SELL,103.3,-1.4000000000000057,NIFTY
2022-11-07 13:17:44,18200,CE,BUY,63.25,,NIFTY
2022-11-07 13:17:44,18200,PE,BUY,131.2,,NIFTY
2022-11-07 13:17:51,18200,CE,SELL,63.9,0.6499999999999986,NIFTY
2022-11-07 13:17:51,18200,PE,SELL,130.0,-1.1999999999999886,NIFTY
2022-11-07 13:17:51,18150,CE,BUY,86.4,,NIFTY
2022-11-07 13:17:51,18150,PE,BUY,102.2,,NIFTY
2022-11-07 13:17:54,18150,CE,SELL,86.65,0.25,NIFTY
2022-11-07 13:17:54,18150,PE,SELL,101.6,-0.6000000000000085,NIFTY
2022-11-07 13:17:54,18200,CE,BUY,64.2,,NIFTY
2022-11-07 13:17:54,18200,PE,BUY,129.0,,NIFTY
2022-11-07 13:18:02,18200,CE,SELL,63.35,-0.8500000000000014,NIFTY
2022-11-07 13:18:02,18200,PE,SELL,130.7,1.6999999999999886,NIFTY
2022-11-07 13:18:02,18150,CE,BUY,85.6,,NIFTY
2022-11-07 13:18:02,18150,PE,BUY,102.6,,NIFTY
2022-11-07 13:18:05,18150,CE,SELL,85.8,0.20000000000000284,NIFTY
2022-11-07 13:18:05,18150,PE,SELL,102.75,0.15000000000000568,NIFTY
2022-11-07 13:18:05,18200,CE,BUY,63.5,,NIFTY
2022-11-07 13:18:05,18200,PE,BUY,130.8,,NIFTY
2022-11-07 13:18:10,18200,CE,SELL,63.55,0.04999999999999716,NIFTY
2022-11-07 13:18:10,18200,PE,SELL,130.75,-0.05000000000001137,NIFTY
2022-11-07 13:18:10,18150,CE,BUY,85.7,,NIFTY
2022-11-07 13:18:10,18150,PE,BUY,102.8,,NIFTY
2022-11-07 13:18:12,18150,CE,SELL,85.85,0.14999999999999147,NIFTY
2022-11-07 13:18:12,18150,PE,SELL,102.95,0.15000000000000568,NIFTY
2022-11-07 13:18:12,18200,CE,BUY,63.4,,NIFTY
2022-11-07 13:18:12,18200,PE,BUY,131.0,,NIFTY
2022-11-07 13:18:15,18200,CE,SELL,63.55,0.14999999999999858,NIFTY
2022-11-07 13:18:15,18200,PE,SELL,130.3,-0.6999999999999886,NIFTY
2022-11-07 13:18:15,18150,CE,BUY,86.1,,NIFTY
2022-11-07 13:18:15,18150,PE,BUY,102.4,,NIFTY
2022-11-07 13:18:18,18150,CE,SELL,86.3,0.20000000000000284,NIFTY
2022-11-07 13:18:18,18150,PE,SELL,102.65,0.25,NIFTY
2022-11-07 13:18:18,18200,CE,BUY,63.75,,NIFTY
2022-11-07 13:18:18,18200,PE,BUY,130.3,,NIFTY
2022-11-07 13:19:19,18200,CE,SELL,63.7,-0.04999999999999716,NIFTY
2022-11-07 13:19:19,18200,PE,SELL,131.05,0.75,NIFTY
2022-11-07 13:19:19,18150,CE,BUY,85.9,,NIFTY
2022-11-07 13:19:19,18150,PE,BUY,103.1,,NIFTY
2022-11-07 13:19:20,18150,CE,SELL,85.9,0.0,NIFTY
2022-11-07 13:19:20,18150,PE,SELL,102.85,-0.25,NIFTY
2022-11-07 13:19:20,18200,CE,BUY,63.55,,NIFTY
2022-11-07 13:19:20,18200,PE,BUY,130.7,,NIFTY
2022-11-07 13:19:21,18200,CE,SELL,63.55,0.0,NIFTY
2022-11-07 13:19:21,18200,PE,SELL,131.4,0.700000000000017,NIFTY
2022-11-07 13:19:21,18150,CE,BUY,85.85,,NIFTY
2022-11-07 13:19:21,18150,PE,BUY,103.45,,NIFTY
2022-11-07 13:19:28,18150,CE,SELL,86.15,0.30000000000001137,NIFTY
2022-11-07 13:19:28,18150,PE,SELL,102.9,-0.5499999999999972,NIFTY
2022-11-07 13:19:28,18200,CE,BUY,63.65,,NIFTY
2022-11-07 13:19:28,18200,PE,BUY,131.0,,NIFTY
2022-11-07 13:19:29,18200,CE,SELL,63.8,0.14999999999999858,NIFTY
2022-11-07 13:19:29,18200,PE,SELL,130.8,-0.19999999999998863,NIFTY
2022-11-07 13:19:29,18150,CE,BUY,86.4,,NIFTY
2022-11-07 13:19:29,18150,PE,BUY,102.8,,NIFTY
2022-11-07 13:19:30,18150,CE,SELL,86.75,0.3499999999999943,NIFTY
2022-11-07 13:19:30,18150,PE,SELL,102.2,-0.5999999999999943,NIFTY
2022-11-07 13:19:30,18200,CE,BUY,64.4,,NIFTY
2022-11-07 13:19:30,18200,PE,BUY,129.7,,NIFTY
2022-11-07 13:20:49,18200,CE,SELL,63.45,-0.9500000000000028,NIFTY
2022-11-07 13:20:49,18200,PE,SELL,130.7,1.0,NIFTY
2022-11-07 13:20:49,18150,CE,BUY,86.0,,NIFTY
2022-11-07 13:20:49,18150,PE,BUY,103.2,,NIFTY
2022-11-07 13:20:52,18150,CE,SELL,85.75,-0.25,NIFTY
2022-11-07 13:20:52,18150,PE,SELL,103.2,0.0,NIFTY
2022-11-07 13:20:52,18200,CE,BUY,63.45,,NIFTY
2022-11-07 13:20:52,18200,PE,BUY,130.95,,NIFTY
2022-11-07 13:20:54,18200,CE,SELL,63.6,0.14999999999999858,NIFTY
2022-11-07 13:20:54,18200,PE,SELL,131.0,0.05000000000001137,NIFTY
2022-11-07 13:20:54,18150,CE,BUY,85.9,,NIFTY
2022-11-07 13:20:54,18150,PE,BUY,103.05,,NIFTY
2022-11-07 13:21:30,18150,CE,SELL,85.6,-0.30000000000001137,NIFTY
2022-11-07 13:21:30,18150,PE,SELL,103.7,0.6500000000000057,NIFTY
2022-11-07 13:21:30,18200,CE,BUY,63.2,,NIFTY
2022-11-07 13:21:30,18200,PE,BUY,131.8,,NIFTY
2022-11-07 13:21:31,18200,CE,SELL,63.05,-0.15000000000000568,NIFTY
2022-11-07 13:21:31,18200,PE,SELL,131.8,0.0,NIFTY
2022-11-07 13:21:31,18150,CE,BUY,85.2,,NIFTY
2022-11-07 13:21:31,18150,PE,BUY,103.95,,NIFTY
2022-11-07 13:31:06,18150,CE,SELL,69.4,-15.799999999999997,NIFTY
2022-11-07 13:31:06,18150,PE,SELL,137.5,33.55,NIFTY
2022-11-07 13:31:06,18100,CE,BUY,91.5,,NIFTY
2022-11-07 13:31:06,18100,PE,BUY,109.45,,NIFTY
2022-11-07 13:31:07,18100,CE,SELL,91.5,0.0,NIFTY
2022-11-07 13:31:07,18100,PE,SELL,109.95,0.5,NIFTY
2022-11-07 13:31:07,18150,CE,BUY,69.55,,NIFTY
2022-11-07 13:31:07,18150,PE,BUY,137.9,,NIFTY
2022-11-07 13:31:08,18150,CE,SELL,69.55,0.0,NIFTY
2022-11-07 13:31:08,18150,PE,SELL,138.8,0.9000000000000057,NIFTY
2022-11-07 13:31:08,18100,CE,BUY,91.5,,NIFTY
2022-11-07 13:31:08,18100,PE,BUY,110.65,,NIFTY
2022-11-07 13:31:50,18100,CE,SELL,91.0,-0.5,NIFTY
2022-11-07 13:31:50,18100,PE,SELL,109.3,-1.3500000000000085,NIFTY
2022-11-07 13:31:50,18150,CE,BUY,69.9,,NIFTY
2022-11-07 13:31:50,18150,PE,BUY,137.3,,NIFTY
2022-11-07 13:31:52,18150,CE,SELL,69.6,-0.30000000000001137,NIFTY
2022-11-07 13:31:52,18150,PE,SELL,138.15,0.8499999999999943,NIFTY
2022-11-07 13:31:52,18100,CE,BUY,91.2,,NIFTY
2022-11-07 13:31:52,18100,PE,BUY,109.7,,NIFTY
2022-11-07 13:31:53,18100,CE,SELL,91.2,0.0,NIFTY
2022-11-07 13:31:53,18100,PE,SELL,109.6,-0.10000000000000853,NIFTY
2022-11-07 13:31:53,18150,CE,BUY,69.6,,NIFTY
2022-11-07 13:31:53,18150,PE,BUY,137.6,,NIFTY
2022-11-07 13:31:56,18150,CE,SELL,70.0,0.4000000000000057,NIFTY
2022-11-07 13:31:56,18150,PE,SELL,136.95,-0.6500000000000057,NIFTY
2022-11-07 13:31:56,18100,CE,BUY,91.5,,NIFTY
2022-11-07 13:31:56,18100,PE,BUY,109.1,,NIFTY
2022-11-07 13:31:57,18100,CE,SELL,91.8,0.29999999999999716,NIFTY
2022-11-07 13:31:57,18100,PE,SELL,109.15,0.05000000000001137,NIFTY
2022-11-07 13:31:57,18150,CE,BUY,69.95,,NIFTY
2022-11-07 13:31:57,18150,PE,BUY,137.05,,NIFTY
2022-11-07 13:31:58,18150,CE,SELL,69.65,-0.29999999999999716,NIFTY
2022-11-07 13:31:58,18150,PE,SELL,138.05,1.0,NIFTY
2022-11-07 13:31:58,18100,CE,BUY,91.2,,NIFTY
2022-11-07 13:31:58,18100,PE,BUY,109.9,,NIFTY
2022-11-07 13:32:01,18100,CE,SELL,91.2,0.0,NIFTY
2022-11-07 13:32:01,18100,PE,SELL,110.75,0.8499999999999943,NIFTY
2022-11-07 13:32:01,18150,CE,BUY,69.45,,NIFTY
2022-11-07 13:32:01,18150,PE,BUY,138.65,,NIFTY
2022-11-07 13:32:02,18150,CE,SELL,69.7,0.25,NIFTY
2022-11-07 13:32:02,18150,PE,SELL,139.25,0.5999999999999943,NIFTY
2022-11-07 13:32:02,18100,CE,BUY,91.45,,NIFTY
2022-11-07 13:32:02,18100,PE,BUY,111.05,,NIFTY
2022-11-07 13:32:08,18100,CE,SELL,90.8,-0.6500000000000057,NIFTY
2022-11-07 13:32:08,18100,PE,SELL,110.7,-0.3499999999999943,NIFTY
2022-11-07 13:32:08,18150,CE,BUY,69.25,,NIFTY
2022-11-07 13:32:08,18150,PE,BUY,138.85,,NIFTY
2022-11-07 13:32:09,18150,CE,SELL,69.4,0.15000000000000568,NIFTY
2022-11-07 13:32:09,18150,PE,SELL,138.0,-0.8499999999999943,NIFTY
2022-11-07 13:32:09,18100,CE,BUY,91.05,,NIFTY
2022-11-07 13:32:09,18100,PE,BUY,109.8,,NIFTY
2022-11-07 13:32:10,18100,CE,SELL,91.15,0.10000000000000853,NIFTY
2022-11-07 13:32:10,18100,PE,SELL,109.8,0.0,NIFTY
2022-11-07 13:32:10,18150,CE,BUY,69.55,,NIFTY
2022-11-07 13:32:10,18150,PE,BUY,138.0,,NIFTY
2022-11-07 13:32:13,18150,CE,SELL,69.75,0.20000000000000284,NIFTY
2022-11-07 13:32:13,18150,PE,SELL,137.95,-0.05000000000001137,NIFTY
2022-11-07 13:32:13,18100,CE,BUY,91.25,,NIFTY
2022-11-07 13:32:13,18100,PE,BUY,110.0,,NIFTY
2022-11-07 13:32:14,18100,CE,SELL,91.25,0.0,NIFTY
2022-11-07 13:32:14,18100,PE,SELL,110.15,0.15000000000000568,NIFTY
2022-11-07 13:32:14,18150,CE,BUY,69.75,,NIFTY
2022-11-07 13:32:14,18150,PE,BUY,138.25,,NIFTY
2022-11-07 13:32:21,18150,CE,SELL,69.45,-0.29999999999999716,NIFTY
2022-11-07 13:32:21,18150,PE,SELL,138.8,0.5500000000000114,NIFTY
2022-11-07 13:32:21,18100,CE,BUY,90.95,,NIFTY
2022-11-07 13:32:21,18100,PE,BUY,110.6,,NIFTY
2022-11-07 13:32:24,18100,CE,SELL,90.7,-0.25,NIFTY
2022-11-07 13:32:24,18100,PE,SELL,110.6,0.0,NIFTY
2022-11-07 13:32:24,18150,CE,BUY,69.45,,NIFTY
2022-11-07 13:32:24,18150,PE,BUY,139.05,,NIFTY
2022-11-07 13:32:25,18150,CE,SELL,69.4,-0.04999999999999716,NIFTY
2022-11-07 13:32:25,18150,PE,SELL,138.0,-1.0500000000000114,NIFTY
2022-11-07 13:32:25,18100,CE,BUY,91.0,,NIFTY
2022-11-07 13:32:25,18100,PE,BUY,109.95,,NIFTY
2022-11-07 13:32:26,18100,CE,SELL,91.25,0.25,NIFTY
2022-11-07 13:32:26,18100,PE,SELL,109.7,-0.25,NIFTY
2022-11-07 13:32:26,18150,CE,BUY,69.75,,NIFTY
2022-11-07 13:32:26,18150,PE,BUY,138.0,,NIFTY
2022-11-07 13:32:30,18150,CE,SELL,69.4,-0.3499999999999943,NIFTY
2022-11-07 13:32:30,18150,PE,SELL,138.7,0.6999999999999886,NIFTY
2022-11-07 13:32:30,18100,CE,BUY,90.9,,NIFTY
2022-11-07 13:32:30,18100,PE,BUY,110.2,,NIFTY
2022-11-07 13:32:32,18100,CE,SELL,91.0,0.09999999999999432,NIFTY
2022-11-07 13:32:32,18100,PE,SELL,110.3,0.09999999999999432,NIFTY
2022-11-07 13:32:32,18150,CE,BUY,69.45,,NIFTY
2022-11-07 13:32:32,18150,PE,BUY,138.8,,NIFTY
2022-11-07 13:32:40,18150,CE,SELL,69.45,0.0,NIFTY
2022-11-07 13:32:40,18150,PE,SELL,138.5,-0.30000000000001137,NIFTY
2022-11-07 13:32:40,18100,CE,BUY,90.8,,NIFTY
2022-11-07 13:32:40,18100,PE,BUY,110.3,,NIFTY
2022-11-07 13:32:47,18100,CE,SELL,90.6,-0.20000000000000284,NIFTY
2022-11-07 13:32:47,18100,PE,SELL,110.5,0.20000000000000284,NIFTY
2022-11-07 13:32:47,18150,CE,BUY,69.25,,NIFTY
2022-11-07 13:32:47,18150,PE,BUY,138.8,,NIFTY
2022-11-07 13:32:48,18150,CE,SELL,69.4,0.15000000000000568,NIFTY
2022-11-07 13:32:48,18150,PE,SELL,138.1,-0.700000000000017,NIFTY
2022-11-07 13:32:48,18100,CE,BUY,90.75,,NIFTY
2022-11-07 13:32:48,18100,PE,BUY,109.5,,NIFTY
2022-11-07 13:32:53,18100,CE,SELL,90.6,-0.15000000000000568,NIFTY
2022-11-07 13:32:53,18100,PE,SELL,110.2,0.7000000000000028,NIFTY
2022-11-07 13:32:53,18150,CE,BUY,69.25,,NIFTY
2022-11-07 13:32:53,18150,PE,BUY,138.2,,NIFTY
2022-11-07 13:32:57,18150,CE,SELL,69.05,-0.20000000000000284,NIFTY
2022-11-07 13:32:57,18150,PE,SELL,138.7,0.5,NIFTY
2022-11-07 13:32:57,18100,CE,BUY,90.3,,NIFTY
2022-11-07 13:32:57,18100,PE,BUY,110.7,,NIFTY
2022-11-07 13:33:33,18100,CE,SELL,91.85,1.5499999999999972,NIFTY
2022-11-07 13:33:33,18100,PE,SELL,108.65,-2.049999999999997,NIFTY
2022-11-07 13:33:33,18150,CE,BUY,70.15,,NIFTY
2022-11-07 13:33:33,18150,PE,BUY,136.65,,NIFTY
2022-11-07 13:58:56,18150,CE,SELL,83.2,13.049999999999997,NIFTY
2022-11-07 13:58:56,18150,PE,SELL,103.4,-33.25,NIFTY
2022-11-07 13:58:56,18200,CE,BUY,61.65,,NIFTY
2022-11-07 13:58:56,18200,PE,BUY,132.05,,NIFTY
2022-11-07 13:58:57,18200,CE,SELL,61.9,0.25,NIFTY
2022-11-07 13:58:57,18200,PE,SELL,131.6,-0.45000000000001705,NIFTY
2022-11-07 13:58:57,18150,CE,BUY,83.6,,NIFTY
2022-11-07 13:58:57,18150,PE,BUY,103.25,,NIFTY
2022-11-07 13:58:58,18150,CE,SELL,84.0,0.4000000000000057,NIFTY
2022-11-07 13:58:58,18150,PE,SELL,102.6,-0.6500000000000057,NIFTY
2022-11-07 13:58:58,18200,CE,BUY,62.3,,NIFTY
2022-11-07 13:58:58,18200,PE,BUY,131.1,,NIFTY
2022-11-07 13:59:00,18200,CE,SELL,62.25,-0.04999999999999716,NIFTY
2022-11-07 13:59:00,18200,PE,SELL,130.9,-0.19999999999998863,NIFTY
2022-11-07 13:59:00,18150,CE,BUY,84.0,,NIFTY
2022-11-07 13:59:00,18150,PE,BUY,102.5,,NIFTY
2022-11-07 13:59:01,18150,CE,SELL,83.95,-0.04999999999999716,NIFTY
2022-11-07 13:59:01,18150,PE,SELL,101.5,-1.0,NIFTY
2022-11-07 13:59:01,18200,CE,BUY,62.25,,NIFTY
2022-11-07 13:59:01,18200,PE,BUY,129.5,,NIFTY
2022-11-07 14:19:39,18200,CE,SELL,79.2,16.950000000000003,NIFTY
2022-11-07 14:19:39,18200,PE,SELL,101.4,-28.099999999999994,NIFTY
2022-11-07 14:19:39,18250,CE,BUY,57.5,,NIFTY
2022-11-07 14:19:39,18250,PE,BUY,129.4,,NIFTY
2022-11-07 14:19:45,18250,CE,SELL,56.95,-0.5499999999999972,NIFTY
2022-11-07 14:19:45,18250,PE,SELL,130.7,1.299999999999983,NIFTY
2022-11-07 14:19:45,18200,CE,BUY,78.6,,NIFTY
2022-11-07 14:19:45,18200,PE,BUY,102.05,,NIFTY
2022-11-07 14:19:47,18200,CE,SELL,78.3,-0.29999999999999716,NIFTY
2022-11-07 14:19:47,18200,PE,SELL,102.55,0.5,NIFTY
2022-11-07 14:19:47,18250,CE,BUY,56.85,,NIFTY
2022-11-07 14:19:47,18250,PE,BUY,130.85,,NIFTY
2022-11-07 14:20:07,18250,CE,SELL,56.4,-0.45000000000000284,NIFTY
2022-11-07 14:20:07,18250,PE,SELL,131.5,0.6500000000000057,NIFTY
2022-11-07 14:20:07,18200,CE,BUY,77.8,,NIFTY
2022-11-07 14:20:07,18200,PE,BUY,102.9,,NIFTY
2022-11-07 14:20:12,18200,CE,SELL,77.55,-0.25,NIFTY
2022-11-07 14:20:12,18200,PE,SELL,103.2,0.29999999999999716,NIFTY
2022-11-07 14:20:12,18250,CE,BUY,56.1,,NIFTY
2022-11-07 14:20:12,18250,PE,BUY,131.75,,NIFTY
2022-11-07 14:20:14,18250,CE,SELL,56.1,0.0,NIFTY
2022-11-07 14:20:14,18250,PE,SELL,131.95,0.19999999999998863,NIFTY
2022-11-07 14:20:14,18200,CE,BUY,77.35,,NIFTY
2022-11-07 14:20:14,18200,PE,BUY,103.55,,NIFTY
2022-11-07 14:21:09,18200,CE,SELL,78.2,0.8500000000000085,NIFTY
2022-11-07 14:21:09,18200,PE,SELL,102.4,-1.1499999999999915,NIFTY
2022-11-07 14:21:09,18250,CE,BUY,56.55,,NIFTY
2022-11-07 14:21:09,18250,PE,BUY,131.15,,NIFTY
2022-11-07 14:21:13,18250,CE,SELL,56.7,0.15000000000000568,NIFTY
2022-11-07 14:21:13,18250,PE,SELL,130.6,-0.5500000000000114,NIFTY
2022-11-07 14:21:13,18200,CE,BUY,78.5,,NIFTY
2022-11-07 14:21:13,18200,PE,BUY,102.5,,NIFTY
2022-11-07 14:21:14,18200,CE,SELL,78.0,-0.5,NIFTY
2022-11-07 14:21:14,18200,PE,SELL,102.65,0.15000000000000568,NIFTY
2022-11-07 14:21:14,18250,CE,BUY,56.5,,NIFTY
2022-11-07 14:21:14,18250,PE,BUY,130.6,,NIFTY
2022-11-07 14:21:22,18250,CE,SELL,56.2,-0.29999999999999716,NIFTY
2022-11-07 14:21:22,18250,PE,SELL,131.95,1.3499999999999943,NIFTY
2022-11-07 14:21:22,18200,CE,BUY,77.7,,NIFTY
2022-11-07 14:21:22,18200,PE,BUY,103.15,,NIFTY
2022-11-07 14:21:57,18200,CE,SELL,78.3,0.5999999999999943,NIFTY
2022-11-07 14:21:57,18200,PE,SELL,102.05,-1.1000000000000085,NIFTY
2022-11-07 14:21:57,18250,CE,BUY,56.5,,NIFTY
2022-11-07 14:21:57,18250,PE,BUY,130.6,,NIFTY
2022-11-07 14:22:23,18250,CE,SELL,55.95,-0.5499999999999972,NIFTY
2022-11-07 14:22:23,18250,PE,SELL,131.2,0.5999999999999943,NIFTY
2022-11-07 14:22:23,18200,CE,BUY,77.5,,NIFTY
2022-11-07 14:22:23,18200,PE,BUY,102.65,,NIFTY
2022-11-07 14:22:24,18200,CE,SELL,77.4,-0.09999999999999432,NIFTY
2022-11-07 14:22:24,18200,PE,SELL,102.65,0.0,NIFTY
2022-11-07 14:22:24,18250,CE,BUY,56.0,,NIFTY
2022-11-07 14:22:24,18250,PE,BUY,131.1,,NIFTY
2022-11-07 14:22:27,18250,CE,SELL,55.9,-0.10000000000000142,NIFTY
2022-11-07 14:22:27,18250,PE,SELL,131.5,0.4000000000000057,NIFTY
2022-11-07 14:22:27,18200,CE,BUY,77.45,,NIFTY
2022-11-07 14:22:27,18200,PE,BUY,103.1,,NIFTY
2022-11-07 14:23:12,18200,CE,SELL,77.95,0.5,NIFTY
2022-11-07 14:23:12,18200,PE,SELL,101.95,-1.1499999999999915,NIFTY
2022-11-07 14:23:12,18250,CE,BUY,56.3,,NIFTY
2022-11-07 14:23:12,18250,PE,BUY,130.25,,NIFTY
2022-11-07 14:23:16,18250,CE,SELL,56.25,-0.04999999999999716,NIFTY
2022-11-07 14:23:16,18250,PE,SELL,130.85,0.5999999999999943,NIFTY
2022-11-07 14:23:16,18200,CE,BUY,77.85,,NIFTY
2022-11-07 14:23:16,18200,PE,BUY,102.3,,NIFTY
2022-11-07 14:23:17,18200,CE,SELL,77.65,-0.19999999999998863,NIFTY
2022-11-07 14:23:17,18200,PE,SELL,102.4,0.10000000000000853,NIFTY
2022-11-07 14:23:17,18250,CE,BUY,56.15,,NIFTY
2022-11-07 14:23:17,18250,PE,BUY,131.0,,NIFTY
2022-11-07 14:23:19,18250,CE,SELL,55.85,-0.29999999999999716,NIFTY
2022-11-07 14:23:19,18250,PE,SELL,131.25,0.25,NIFTY
2022-11-07 14:23:19,18200,CE,BUY,77.3,,NIFTY
2022-11-07 14:23:19,18200,PE,BUY,102.65,,NIFTY
2022-11-07 14:23:22,18200,CE,SELL,77.25,-0.04999999999999716,NIFTY
2022-11-07 14:23:22,18200,PE,SELL,102.75,0.09999999999999432,NIFTY
2022-11-07 14:23:22,18250,CE,BUY,55.95,,NIFTY
2022-11-07 14:23:22,18250,PE,BUY,131.6,,NIFTY
2022-11-07 14:23:30,18250,CE,SELL,55.75,-0.20000000000000284,NIFTY
2022-11-07 14:23:30,18250,PE,SELL,131.8,0.20000000000001705,NIFTY
2022-11-07 14:23:30,18200,CE,BUY,77.15,,NIFTY
2022-11-07 14:23:30,18200,PE,BUY,103.0,,NIFTY
2022-11-07 14:23:59,18200,CE,SELL,78.3,1.1499999999999915,NIFTY
2022-11-07 14:23:59,18200,PE,SELL,101.3,-1.7000000000000028,NIFTY
2022-11-07 14:23:59,18250,CE,BUY,56.6,,NIFTY
2022-11-07 14:23:59,18250,PE,BUY,129.8,,NIFTY
2022-11-07 15:01:32,18250,CE,SELL,69.6,12.999999999999993,NIFTY
2022-11-07 15:01:32,18250,PE,SELL,95.45,-34.35000000000001,NIFTY
2022-11-07 15:01:32,18300,CE,BUY,48.7,,NIFTY
2022-11-07 15:01:32,18300,PE,BUY,124.75,,NIFTY
2022-11-07 15:01:41,18300,CE,SELL,48.0,-0.7000000000000028,NIFTY
2022-11-07 15:01:41,18300,PE,SELL,125.7,0.9500000000000028,NIFTY
2022-11-07 15:01:41,18250,CE,BUY,68.95,,NIFTY
2022-11-07 15:01:41,18250,PE,BUY,96.45,,NIFTY
2022-11-07 15:01:44,18250,CE,SELL,68.9,-0.04999999999999716,NIFTY
2022-11-07 15:01:44,18250,PE,SELL,96.65,0.20000000000000284,NIFTY
2022-11-07 15:01:44,18300,CE,BUY,47.95,,NIFTY
2022-11-07 15:01:44,18300,PE,BUY,125.75,,NIFTY
2022-11-07 15:01:46,18300,CE,SELL,47.9,-0.05000000000000426,NIFTY
2022-11-07 15:01:46,18300,PE,SELL,125.8,0.04999999999999716,NIFTY
2022-11-07 15:01:46,18250,CE,BUY,68.85,,NIFTY
2022-11-07 15:01:46,18250,PE,BUY,96.6,,NIFTY
2022-11-07 15:01:58,18250,CE,SELL,68.6,-0.25,NIFTY
2022-11-07 15:01:58,18250,PE,SELL,97.3,0.7000000000000028,NIFTY
2022-11-07 15:01:58,18300,CE,BUY,47.75,,NIFTY
2022-11-07 15:01:58,18300,PE,BUY,126.45,,NIFTY
2022-11-07 15:01:59,18300,CE,SELL,47.9,0.14999999999999858,NIFTY
2022-11-07 15:01:59,18300,PE,SELL,126.2,-0.25,NIFTY
2022-11-07 15:01:59,18250,CE,BUY,68.65,,NIFTY
2022-11-07 15:01:59,18250,PE,BUY,96.8,,NIFTY
2022-11-07 15:02:04,18250,CE,SELL,68.55,-0.10000000000000853,NIFTY
2022-11-07 15:02:04,18250,PE,SELL,96.65,-0.14999999999999147,NIFTY
2022-11-07 15:02:04,18300,CE,BUY,47.75,,NIFTY
2022-11-07 15:02:04,18300,PE,BUY,126.1,,NIFTY
2022-11-07 15:02:05,18300,CE,SELL,47.6,-0.14999999999999858,NIFTY
2022-11-07 15:02:05,18300,PE,SELL,126.95,0.8500000000000085,NIFTY
2022-11-07 15:02:05,18250,CE,BUY,68.4,,NIFTY
2022-11-07 15:02:05,18250,PE,BUY,97.85,,NIFTY
2022-11-07 15:03:07,18250,CE,SELL,70.15,1.75,NIFTY
2022-11-07 15:03:07,18250,PE,SELL,96.5,-1.3499999999999943,NIFTY
2022-11-07 15:03:07,18300,CE,BUY,49.3,,NIFTY
2022-11-07 15:03:07,18300,PE,BUY,125.7,,NIFTY
2022-11-07 15:03:08,18300,CE,SELL,49.2,-0.09999999999999432,NIFTY
2022-11-07 15:03:08,18300,PE,SELL,125.95,0.25,NIFTY
2022-11-07 15:03:08,18250,CE,BUY,70.4,,NIFTY
2022-11-07 15:03:08,18250,PE,BUY,96.95,,NIFTY
2022-11-07 15:03:11,18250,CE,SELL,70.35,-0.05000000000001137,NIFTY
2022-11-07 15:03:11,18250,PE,SELL,97.55,0.5999999999999943,NIFTY
2022-11-07 15:03:11,18300,CE,BUY,49.3,,NIFTY
2022-11-07 15:03:11,18300,PE,BUY,125.75,,NIFTY
2022-11-07 15:03:12,18300,CE,SELL,48.75,-0.5499999999999972,NIFTY
2022-11-07 15:03:12,18300,PE,SELL,127.3,1.5499999999999972,NIFTY
2022-11-07 15:03:12,18250,CE,BUY,69.8,,NIFTY
2022-11-07 15:03:12,18250,PE,BUY,98.0,,NIFTY
2022-11-07 15:30:00,18250,CE,SELL,62.0,-7.799999999999997,NIFTY
2022-11-07 15:30:00,18250,PE,SELL,100.85,2.8499999999999943,NIFTY
2022-11-09 09:15:00,18350,CE,BUY,43.05,,NIFTY
2022-11-09 09:15:00,18350,PE,BUY,82.05,,NIFTY
2022-11-09 09:15:12,18350,CE,SELL,32.1,-10.949999999999996,NIFTY
2022-11-09 09:15:12,18350,PE,SELL,116.45,34.400000000000006,NIFTY
2022-11-09 09:15:12,18300,CE,BUY,50.35,,NIFTY
2022-11-09 09:15:12,18300,PE,BUY,86.45,,NIFTY
2022-11-09 09:16:36,18300,CE,SELL,53.2,2.8500000000000014,NIFTY
2022-11-09 09:16:36,18300,PE,SELL,84.3,-2.1500000000000057,NIFTY
2022-11-09 09:16:36,18350,CE,BUY,33.85,,NIFTY
2022-11-09 09:16:36,18350,PE,BUY,115.05,,NIFTY
2022-11-09 09:16:44,18350,CE,SELL,33.6,-0.25,NIFTY
2022-11-09 09:16:44,18350,PE,SELL,115.6,0.5499999999999972,NIFTY
2022-11-09 09:16:44,18300,CE,BUY,52.65,,NIFTY
2022-11-09 09:16:44,18300,PE,BUY,84.9,,NIFTY
2022-11-09 09:17:13,18300,CE,SELL,52.15,-0.5,NIFTY
2022-11-09 09:17:13,18300,PE,SELL,83.8,-1.1000000000000085,NIFTY
2022-11-09 09:17:13,18350,CE,BUY,33.0,,NIFTY
2022-11-09 09:17:13,18350,PE,BUY,114.55,,NIFTY
2022-11-09 09:17:16,18350,CE,SELL,32.8,-0.20000000000000284,NIFTY
2022-11-09 09:17:16,18350,PE,SELL,114.9,0.3500000000000085,NIFTY
2022-11-09 09:17:16,18300,CE,BUY,52.0,,NIFTY
2022-11-09 09:17:16,18300,PE,BUY,84.15,,NIFTY
2022-11-09 09:17:19,18300,CE,SELL,52.0,0.0,NIFTY
2022-11-09 09:17:19,18300,PE,SELL,84.6,0.44999999999998863,NIFTY
2022-11-09 09:17:19,18350,CE,BUY,32.6,,NIFTY
2022-11-09 09:17:19,18350,PE,BUY,114.7,,NIFTY
2022-11-09 09:17:22,18350,CE,SELL,32.5,-0.10000000000000142,NIFTY
2022-11-09 09:17:22,18350,PE,SELL,115.75,1.0499999999999972,NIFTY
2022-11-09 09:17:22,18300,CE,BUY,51.75,,NIFTY
2022-11-09 09:17:22,18300,PE,BUY,84.85,,NIFTY
2022-11-09 09:17:52,18300,CE,SELL,51.8,0.04999999999999716,NIFTY
2022-11-09 09:17:52,18300,PE,SELL,83.8,-1.0499999999999972,NIFTY
2022-11-09 09:17:52,18350,CE,BUY,32.5,,NIFTY
2022-11-09 09:17:52,18350,PE,BUY,113.8,,NIFTY
2022-11-09 09:17:54,18350,CE,SELL,32.75,0.25,NIFTY
2022-11-09 09:17:54,18350,PE,SELL,113.5,-0.29999999999999716,NIFTY
2022-11-09 09:17:54,18300,CE,BUY,52.1,,NIFTY
2022-11-09 09:17:54,18300,PE,BUY,83.05,,NIFTY
2022-11-09 09:17:57,18300,CE,SELL,52.25,0.14999999999999858,NIFTY
2022-11-09 09:17:57,18300,PE,SELL,82.6,-0.45000000000000284,NIFTY
2022-11-09 09:17:57,18350,CE,BUY,32.8,,NIFTY
2022-11-09 09:17:57,18350,PE,BUY,113.3,,NIFTY
2022-11-09 09:18:24,18350,CE,SELL,32.75,-0.04999999999999716,NIFTY
2022-11-09 09:18:24,18350,PE,SELL,112.15,-1.1499999999999915,NIFTY
2022-11-09 09:18:24,18300,CE,BUY,52.4,,NIFTY
2022-11-09 09:18:24,18300,PE,BUY,81.85,,NIFTY
2022-11-09 09:18:25,18300,CE,SELL,52.2,-0.19999999999999574,NIFTY
2022-11-09 09:18:25,18300,PE,SELL,82.5,0.6500000000000057,NIFTY
2022-11-09 09:18:25,18350,CE,BUY,32.6,,NIFTY
2022-11-09 09:18:25,18350,PE,BUY,113.1,,NIFTY
2022-11-09 09:18:30,18350,CE,SELL,32.25,-0.3500000000000014,NIFTY
2022-11-09 09:18:30,18350,PE,SELL,113.2,0.10000000000000853,NIFTY
2022-11-09 09:18:30,18300,CE,BUY,51.7,,NIFTY
2022-11-09 09:18:30,18300,PE,BUY,82.9,,NIFTY
2022-11-09 09:18:31,18300,CE,SELL,52.1,0.3999999999999986,NIFTY
2022-11-09 09:18:31,18300,PE,SELL,82.35,-0.5500000000000114,NIFTY
2022-11-09 09:18:31,18350,CE,BUY,32.25,,NIFTY
2022-11-09 09:18:31,18350,PE,BUY,113.05,,NIFTY
2022-11-09 09:18:49,18350,CE,SELL,31.55,-0.6999999999999993,NIFTY
2022-11-09 09:18:49,18350,PE,SELL,113.35,0.29999999999999716,NIFTY
2022-11-09 09:18:49,18300,CE,BUY,50.8,,NIFTY
2022-11-09 09:18:49,18300,PE,BUY,82.5,,NIFTY
2022-11-09 09:18:50,18300,CE,SELL,51.55,0.75,NIFTY
2022-11-09 09:18:50,18300,PE,SELL,82.2,-0.29999999999999716,NIFTY
2022-11-09 09:18:50,18350,CE,BUY,32.15,,NIFTY
2022-11-09 09:18:50,18350,PE,BUY,112.8,,NIFTY
2022-11-09 09:19:30,18350,CE,SELL,30.7,-1.4499999999999993,NIFTY
2022-11-09 09:19:30,18350,PE,SELL,113.9,1.1000000000000085,NIFTY
2022-11-09 09:19:30,18300,CE,BUY,49.85,,NIFTY
2022-11-09 09:19:30,18300,PE,BUY,83.3,,NIFTY
2022-11-09 09:19:38,18300,CE,SELL,50.7,0.8500000000000014,NIFTY
2022-11-09 09:19:38,18300,PE,SELL,81.4,-1.8999999999999915,NIFTY
2022-11-09 09:19:38,18350,CE,BUY,31.25,,NIFTY
2022-11-09 09:19:38,18350,PE,BUY,111.9,,NIFTY
2022-11-09 09:19:39,18350,CE,SELL,31.1,-0.14999999999999858,NIFTY
2022-11-09 09:19:39,18350,PE,SELL,112.25,0.3499999999999943,NIFTY
2022-11-09 09:19:39,18300,CE,BUY,50.6,,NIFTY
2022-11-09 09:19:39,18300,PE,BUY,81.5,,NIFTY
2022-11-09 09:19:44,18300,CE,SELL,50.7,0.10000000000000142,NIFTY
2022-11-09 09:19:44,18300,PE,SELL,81.55,0.04999999999999716,NIFTY
2022-11-09 09:19:44,18350,CE,BUY,31.25,,NIFTY
2022-11-09 09:19:44,18350,PE,BUY,111.95,,NIFTY
2022-11-09 09:19:45,18350,CE,SELL,31.2,-0.05000000000000071,NIFTY
2022-11-09 09:19:45,18350,PE,SELL,112.2,0.25,NIFTY
2022-11-09 09:19:45,18300,CE,BUY,50.65,,NIFTY
2022-11-09 09:19:45,18300,PE,BUY,81.6,,NIFTY
2022-11-09 09:19:47,18300,CE,SELL,50.4,-0.25,NIFTY
2022-11-09 09:19:47,18300,PE,SELL,82.3,0.7000000000000028,NIFTY
2022-11-09 09:19:47,18350,CE,BUY,31.0,,NIFTY
2022-11-09 09:19:47,18350,PE,BUY,113.15,,NIFTY
2022-11-09 09:19:48,18350,CE,SELL,31.1,0.10000000000000142,NIFTY
2022-11-09 09:19:48,18350,PE,SELL,112.55,-0.6000000000000085,NIFTY
2022-11-09 09:19:48,18300,CE,BUY,50.5,,NIFTY
2022-11-09 09:19:48,18300,PE,BUY,82.0,,NIFTY
2022-11-09 09:19:55,18300,CE,SELL,50.5,0.0,NIFTY
2022-11-09 09:19:55,18300,PE,SELL,81.2,-0.7999999999999972,NIFTY
2022-11-09 09:19:55,18350,CE,BUY,31.0,,NIFTY
2022-11-09 09:19:55,18350,PE,BUY,111.95,,NIFTY
2022-11-09 09:19:57,18350,CE,SELL,30.95,-0.05000000000000071,NIFTY
2022-11-09 09:19:57,18350,PE,SELL,112.3,0.3499999999999943,NIFTY
2022-11-09 09:19:57,18300,CE,BUY,50.5,,NIFTY
2022-11-09 09:19:57,18300,PE,BUY,81.8,,NIFTY
2022-11-09 09:20:01,18300,CE,SELL,49.95,-0.5499999999999972,NIFTY
2022-11-09 09:20:01,18300,PE,SELL,80.35,-1.4500000000000028,NIFTY
2022-11-09 09:20:01,18350,CE,BUY,30.65,,NIFTY
2022-11-09 09:20:01,18350,PE,BUY,110.8,,NIFTY
2022-11-09 09:20:15,18350,CE,SELL,30.45,-0.1999999999999993,NIFTY
2022-11-09 09:20:15,18350,PE,SELL,112.0,1.2000000000000028,NIFTY
2022-11-09 09:20:15,18300,CE,BUY,49.6,,NIFTY
2022-11-09 09:20:15,18300,PE,BUY,81.1,,NIFTY
2022-11-09 09:20:32,18300,CE,SELL,49.85,0.25,NIFTY
2022-11-09 09:20:32,18300,PE,SELL,80.2,-0.8999999999999915,NIFTY
2022-11-09 09:20:32,18350,CE,BUY,30.6,,NIFTY
2022-11-09 09:20:32,18350,PE,BUY,110.5,,NIFTY
2022-11-09 09:20:33,18350,CE,SELL,30.8,0.1999999999999993,NIFTY
2022-11-09 09:20:33,18350,PE,SELL,110.65,0.15000000000000568,NIFTY
2022-11-09 09:20:33,18300,CE,BUY,50.45,,NIFTY
2022-11-09 09:20:33,18300,PE,BUY,80.05,,NIFTY
2022-11-09 09:20:34,18300,CE,SELL,50.4,-0.05000000000000426,NIFTY
2022-11-09 09:20:34,18300,PE,SELL,80.0,-0.04999999999999716,NIFTY
2022-11-09 09:20:34,18350,CE,BUY,30.9,,NIFTY
2022-11-09 09:20:34,18350,PE,BUY,110.4,,NIFTY
2022-11-09 09:20:36,18350,CE,SELL,30.05,-0.8499999999999979,NIFTY
2022-11-09 09:20:36,18350,PE,SELL,113.0,2.5999999999999943,NIFTY
2022-11-09 09:20:36,18300,CE,BUY,49.15,,NIFTY
2022-11-09 09:20:36,18300,PE,BUY,82.05,,NIFTY
2022-11-09 09:20:38,18300,CE,SELL,49.7,0.5500000000000043,NIFTY
2022-11-09 09:20:38,18300,PE,SELL,81.6,-0.45000000000000284,NIFTY
2022-11-09 09:20:38,18350,CE,BUY,30.4,,NIFTY
2022-11-09 09:20:38,18350,PE,BUY,112.6,,NIFTY
2022-11-09 09:20:40,18350,CE,SELL,30.75,0.3500000000000014,NIFTY
2022-11-09 09:20:40,18350,PE,SELL,111.5,-1.0999999999999943,NIFTY
2022-11-09 09:20:40,18300,CE,BUY,50.3,,NIFTY
2022-11-09 09:20:40,18300,PE,BUY,80.85,,NIFTY
2022-11-09 09:20:43,18300,CE,SELL,50.6,0.30000000000000426,NIFTY
2022-11-09 09:20:43,18300,PE,SELL,80.65,-0.19999999999998863,NIFTY
2022-11-09 09:20:43,18350,CE,BUY,31.2,,NIFTY
2022-11-09 09:20:43,18350,PE,BUY,110.9,,NIFTY
2022-11-09 09:20:50,18350,CE,SELL,30.9,-0.3000000000000007,NIFTY
2022-11-09 09:20:50,18350,PE,SELL,112.25,1.3499999999999943,NIFTY
2022-11-09 09:20:50,18300,CE,BUY,50.05,,NIFTY
2022-11-09 09:20:50,18300,PE,BUY,81.5,,NIFTY
2022-11-09 09:20:52,18300,CE,SELL,50.6,0.5500000000000043,NIFTY
2022-11-09 09:20:52,18300,PE,SELL,81.1,-0.4000000000000057,NIFTY
2022-11-09 09:20:52,18350,CE,BUY,31.1,,NIFTY
2022-11-09 09:20:52,18350,PE,BUY,111.65,,NIFTY
2022-11-09 09:21:03,18350,CE,SELL,30.55,-0.5500000000000007,NIFTY
2022-11-09 09:21:03,18350,PE,SELL,112.6,0.9499999999999886,NIFTY
2022-11-09 09:21:03,18300,CE,BUY,49.75,,NIFTY
2022-11-09 09:21:03,18300,PE,BUY,82.05,,NIFTY
2022-11-09 10:00:53,18300,CE,SELL,34.2,-15.549999999999997,NIFTY
2022-11-09 10:00:53,18300,PE,SELL,114.4,32.35000000000001,NIFTY
2022-11-09 10:00:53,18250,CE,BUY,53.95,,NIFTY
2022-11-09 10:00:53,18250,PE,BUY,83.95,,NIFTY
2022-11-09 10:00:56,18250,CE,SELL,54.2,0.25,NIFTY
2022-11-09 10:00:56,18250,PE,SELL,83.15,-0.7999999999999972,NIFTY
2022-11-09 10:00:56,18300,CE,BUY,34.3,,NIFTY
2022-11-09 10:00:56,18300,PE,BUY,113.3,,NIFTY
2022-11-09 10:01:00,18300,CE,SELL,34.0,-0.29999999999999716,NIFTY
2022-11-09 10:01:00,18300,PE,SELL,114.1,0.7999999999999972,NIFTY
2022-11-09 10:01:00,18250,CE,BUY,53.75,,NIFTY
2022-11-09 10:01:00,18250,PE,BUY,83.8,,NIFTY
2022-11-09 10:01:06,18250,CE,SELL,53.9,0.14999999999999858,NIFTY
2022-11-09 10:01:06,18250,PE,SELL,82.8,-1.0,NIFTY
2022-11-09 10:01:06,18300,CE,BUY,34.2,,NIFTY
2022-11-09 10:01:06,18300,PE,BUY,113.1,,NIFTY
2022-11-09 10:01:08,18300,CE,SELL,33.7,-0.5,NIFTY
2022-11-09 10:01:08,18300,PE,SELL,113.8,0.7000000000000028,NIFTY
2022-11-09 10:01:08,18250,CE,BUY,53.4,,NIFTY
2022-11-09 10:01:08,18250,PE,BUY,83.4,,NIFTY
2022-11-09 10:01:09,18250,CE,SELL,53.6,0.20000000000000284,NIFTY
2022-11-09 10:01:09,18250,PE,SELL,82.75,-0.6500000000000057,NIFTY
2022-11-09 10:01:09,18300,CE,BUY,33.95,,NIFTY
2022-11-09 10:01:09,18300,PE,BUY,113.3,,NIFTY
2022-11-09 10:01:11,18300,CE,SELL,34.0,0.04999999999999716,NIFTY
2022-11-09 10:01:11,18300,PE,SELL,113.15,-0.14999999999999147,NIFTY
2022-11-09 10:01:11,18250,CE,BUY,53.9,,NIFTY
2022-11-09 10:01:11,18250,PE,BUY,82.75,,NIFTY
2022-11-09 10:01:14,18250,CE,SELL,53.6,-0.29999999999999716,NIFTY
2022-11-09 10:01:14,18250,PE,SELL,83.25,0.5,NIFTY
2022-11-09 10:01:14,18300,CE,BUY,33.8,,NIFTY
2022-11-09 10:01:14,18300,PE,BUY,113.45,,NIFTY
2022-11-09 10:01:15,18300,CE,SELL,34.0,0.20000000000000284,NIFTY
2022-11-09 10:01:15,18300,PE,SELL,113.45,0.0,NIFTY
2022-11-09 10:01:15,18250,CE,BUY,53.9,,NIFTY
2022-11-09 10:01:15,18250,PE,BUY,83.25,,NIFTY
2022-11-09 10:01:16,18250,CE,SELL,53.9,0.0,NIFTY
2022-11-09 10:01:16,18250,PE,SELL,83.25,0.0,NIFTY
2022-11-09 10:01:16,18300,CE,BUY,33.9,,NIFTY
2022-11-09 10:01:16,18300,PE,BUY,113.6,,NIFTY
2022-11-09 10:01:17,18300,CE,SELL,33.7,-0.19999999999999574,NIFTY
2022-11-09 10:01:17,18300,PE,SELL,113.85,0.25,NIFTY
2022-11-09 10:01:17,18250,CE,BUY,53.4,,NIFTY
2022-11-09 10:01:17,18250,PE,BUY,83.45,,NIFTY
2022-11-09 10:01:38,18250,CE,SELL,52.85,-0.5499999999999972,NIFTY
2022-11-09 10:01:38,18250,PE,SELL,84.55,1.0999999999999943,NIFTY
2022-11-09 10:01:38,18300,CE,BUY,33.2,,NIFTY
2022-11-09 10:01:38,18300,PE,BUY,115.2,,NIFTY
2022-11-09 10:01:39,18300,CE,SELL,32.95,-0.25,NIFTY
2022-11-09 10:01:39,18300,PE,SELL,115.2,0.0,NIFTY
2022-11-09 10:01:39,18250,CE,BUY,52.3,,NIFTY
2022-11-09 10:01:39,18250,PE,BUY,84.55,,NIFTY
2022-11-09 10:01:56,18250,CE,SELL,53.25,0.9500000000000028,NIFTY
2022-11-09 10:01:56,18250,PE,SELL,83.35,-1.2000000000000028,NIFTY
2022-11-09 10:01:56,18300,CE,BUY,33.5,,NIFTY
2022-11-09 10:01:56,18300,PE,BUY,114.1,,NIFTY
2022-11-09 10:01:57,18300,CE,SELL,33.35,-0.14999999999999858,NIFTY
2022-11-09 10:01:57,18300,PE,SELL,114.55,0.45000000000000284,NIFTY
2022-11-09 10:01:57,18250,CE,BUY,52.85,,NIFTY
2022-11-09 10:01:57,18250,PE,BUY,83.95,,NIFTY
2022-11-09 10:01:59,18250,CE,SELL,52.95,0.10000000000000142,NIFTY
2022-11-09 10:01:59,18250,PE,SELL,83.8,-0.15000000000000568,NIFTY
2022-11-09 10:01:59,18300,CE,BUY,33.3,,NIFTY
2022-11-09 10:01:59,18300,PE,BUY,114.45,,NIFTY
2022-11-09 10:02:03,18300,CE,SELL,33.3,0.0,NIFTY
2022-11-09 10:02:03,18300,PE,SELL,114.55,0.09999999999999432,NIFTY
2022-11-09 10:02:03,18250,CE,BUY,52.95,,NIFTY
2022-11-09 10:02:03,18250,PE,BUY,83.95,,NIFTY
2022-11-09 10:02:09,18250,CE,SELL,53.45,0.5,NIFTY
2022-11-09 10:02:09,18250,PE,SELL,83.0,-0.9500000000000028,NIFTY
2022-11-09 10:02:09,18300,CE,BUY,33.75,,NIFTY
2022-11-09 10:02:09,18300,PE,BUY,113.45,,NIFTY
2022-11-09 10:10:55,18300,CE,SELL,33.75,0.0,NIFTY
2022-11-09 10:10:55,18300,PE,SELL,115.65,2.200000000000003,NIFTY
2022-11-09 10:10:55,18250,CE,BUY,53.3,,NIFTY
2022-11-09 10:10:55,18250,PE,BUY,85.25,,NIFTY
2022-11-09 10:10:58,18250,CE,SELL,52.8,-0.5,NIFTY
2022-11-09 10:10:58,18250,PE,SELL,85.8,0.5499999999999972,NIFTY
2022-11-09 10:10:58,18300,CE,BUY,33.5,,NIFTY
2022-11-09 10:10:58,18300,PE,BUY,116.35,,NIFTY
2022-11-09 10:10:59,18300,CE,SELL,33.45,-0.04999999999999716,NIFTY
2022-11-09 10:10:59,18300,PE,SELL,116.5,0.15000000000000568,NIFTY
2022-11-09 10:10:59,18250,CE,BUY,52.7,,NIFTY
2022-11-09 10:10:59,18250,PE,BUY,86.0,,NIFTY
2022-11-09 10:11:29,18250,CE,SELL,53.45,0.75,NIFTY
2022-11-09 10:11:29,18250,PE,SELL,85.4,-0.5999999999999943,NIFTY
2022-11-09 10:11:29,18300,CE,BUY,33.85,,NIFTY
2022-11-09 10:11:29,18300,PE,BUY,115.7,,NIFTY
2022-11-09 10:11:30,18300,CE,SELL,33.85,0.0,NIFTY
2022-11-09 10:11:30,18300,PE,SELL,115.7,0.0,NIFTY
2022-11-09 10:11:30,18250,CE,BUY,53.45,,NIFTY
2022-11-09 10:11:30,18250,PE,BUY,85.4,,NIFTY
2022-11-09 10:11:32,18250,CE,SELL,53.9,0.44999999999999574,NIFTY
2022-11-09 10:11:32,18250,PE,SELL,84.35,-1.0500000000000114,NIFTY
2022-11-09 10:11:32,18300,CE,BUY,34.2,,NIFTY
2022-11-09 10:11:32,18300,PE,BUY,114.95,,NIFTY
2022-11-09 10:17:30,18300,CE,SELL,33.65,-0.5500000000000043,NIFTY
2022-11-09 10:17:30,18300,PE,SELL,116.0,1.0499999999999972,NIFTY
2022-11-09 10:17:30,18250,CE,BUY,53.05,,NIFTY
2022-11-09 10:17:30,18250,PE,BUY,85.5,,NIFTY
2022-11-09 10:17:31,18250,CE,SELL,53.6,0.5500000000000043,NIFTY
2022-11-09 10:17:31,18250,PE,SELL,84.75,-0.75,NIFTY
2022-11-09 10:17:31,18300,CE,BUY,33.9,,NIFTY
2022-11-09 10:17:31,18300,PE,BUY,115.2,,NIFTY
2022-11-09 10:17:32,18300,CE,SELL,34.0,0.10000000000000142,NIFTY
2022-11-09 10:17:32,18300,PE,SELL,114.75,-0.45000000000000284,NIFTY
2022-11-09 10:17:32,18250,CE,BUY,53.65,,NIFTY
2022-11-09 10:17:32,18250,PE,BUY,84.55,,NIFTY
2022-11-09 10:17:35,18250,CE,SELL,53.4,-0.25,NIFTY
2022-11-09 10:17:35,18250,PE,SELL,85.0,0.45000000000000284,NIFTY
2022-11-09 10:17:35,18300,CE,BUY,33.95,,NIFTY
2022-11-09 10:17:35,18300,PE,BUY,115.35,,NIFTY
2022-11-09 10:18:04,18300,CE,SELL,33.85,-0.10000000000000142,NIFTY
2022-11-09 10:18:04,18300,PE,SELL,116.8,1.4500000000000028,NIFTY
2022-11-09 10:18:04,18250,CE,BUY,53.35,,NIFTY
2022-11-09 10:18:04,18250,PE,BUY,86.0,,NIFTY
2022-11-09 10:18:05,18250,CE,SELL,53.9,0.5499999999999972,NIFTY
2022-11-09 10:18:05,18250,PE,SELL,85.15,-0.8499999999999943,NIFTY
2022-11-09 10:18:05,18300,CE,BUY,34.25,,NIFTY
2022-11-09 10:18:05,18300,PE,BUY,115.45,,NIFTY
2022-11-09 10:18:10,18300,CE,SELL,34.1,-0.14999999999999858,NIFTY
2022-11-09 10:18:10,18300,PE,SELL,115.1,-0.3500000000000085,NIFTY
2022-11-09 10:18:10,18250,CE,BUY,53.65,,NIFTY
2022-11-09 10:18:10,18250,PE,BUY,84.65,,NIFTY
2022-11-09 10:18:17,18250,CE,SELL,54.15,0.5,NIFTY
2022-11-09 10:18:17,18250,PE,SELL,84.3,-0.3500000000000085,NIFTY
2022-11-09 10:18:17,18300,CE,BUY,34.5,,NIFTY
2022-11-09 10:18:17,18300,PE,BUY,114.55,,NIFTY
2022-11-09 10:18:18,18300,CE,SELL,34.4,-0.10000000000000142,NIFTY
2022-11-09 10:18:18,18300,PE,SELL,115.4,0.8500000000000085,NIFTY
2022-11-09 10:18:18,18250,CE,BUY,54.15,,NIFTY
2022-11-09 10:18:18,18250,PE,BUY,84.9,,NIFTY
2022-11-09 10:18:20,18250,CE,SELL,54.2,0.05000000000000426,NIFTY
2022-11-09 10:18:20,18250,PE,SELL,84.3,-0.6000000000000085,NIFTY
2022-11-09 10:18:20,18300,CE,BUY,34.45,,NIFTY
2022-11-09 10:18:20,18300,PE,BUY,114.5,,NIFTY
2022-11-09 10:18:22,18300,CE,SELL,34.6,0.14999999999999858,NIFTY
2022-11-09 10:18:22,18300,PE,SELL,114.8,0.29999999999999716,NIFTY
2022-11-09 10:18:22,18250,CE,BUY,54.3,,NIFTY
2022-11-09 10:18:22,18250,PE,BUY,84.55,,NIFTY
2022-11-09 10:18:25,18250,CE,SELL,53.9,-0.3999999999999986,NIFTY
2022-11-09 10:18:25,18250,PE,SELL,84.95,0.4000000000000057,NIFTY
2022-11-09 10:18:25,18300,CE,BUY,34.35,,NIFTY
2022-11-09 10:18:25,18300,PE,BUY,115.25,,NIFTY
2022-11-09 10:18:26,18300,CE,SELL,34.35,0.0,NIFTY
2022-11-09 10:18:26,18300,PE,SELL,115.4,0.15000000000000568,NIFTY
2022-11-09 10:18:26,18250,CE,BUY,53.9,,NIFTY
2022-11-09 10:18:26,18250,PE,BUY,85.0,,NIFTY
2022-11-09 10:18:29,18250,CE,SELL,54.15,0.25,NIFTY
2022-11-09 10:18:29,18250,PE,SELL,84.2,-0.7999999999999972,NIFTY
2022-11-09 10:18:29,18300,CE,BUY,34.45,,NIFTY
2022-11-09 10:18:29,18300,PE,BUY,114.8,,NIFTY
2022-11-09 10:18:44,18300,CE,SELL,34.3,-0.15000000000000568,NIFTY
2022-11-09 10:18:44,18300,PE,SELL,115.45,0.6500000000000057,NIFTY
2022-11-09 10:18:44,18250,CE,BUY,53.95,,NIFTY
2022-11-09 10:18:44,18250,PE,BUY,84.85,,NIFTY
2022-11-09 10:18:47,18250,CE,SELL,54.2,0.25,NIFTY
2022-11-09 10:18:47,18250,PE,SELL,84.7,-0.14999999999999147,NIFTY
2022-11-09 10:18:47,18300,CE,BUY,34.45,,NIFTY
2022-11-09 10:18:47,18300,PE,BUY,115.0,,NIFTY
2022-11-09 10:19:03,18300,CE,SELL,34.45,0.0,NIFTY
2022-11-09 10:19:03,18300,PE,SELL,115.4,0.4000000000000057,NIFTY
2022-11-09 10:19:03,18250,CE,BUY,54.2,,NIFTY
2022-11-09 10:19:03,18250,PE,BUY,84.8,,NIFTY
2022-11-09 10:19:08,18250,CE,SELL,54.0,-0.20000000000000284,NIFTY
2022-11-09 10:19:08,18250,PE,SELL,84.75,-0.04999999999999716,NIFTY
2022-11-09 10:19:08,18300,CE,BUY,34.3,,NIFTY
2022-11-09 10:19:08,18300,PE,BUY,115.35,,NIFTY
2022-11-09 10:19:09,18300,CE,SELL,34.25,-0.04999999999999716,NIFTY
2022-11-09 10:19:09,18300,PE,SELL,115.75,0.4000000000000057,NIFTY
2022-11-09 10:19:09,18250,CE,BUY,53.85,,NIFTY
2022-11-09 10:19:09,18250,PE,BUY,85.25,,NIFTY
2022-11-09 10:19:12,18250,CE,SELL,53.95,0.10000000000000142,NIFTY
2022-11-09 10:19:12,18250,PE,SELL,84.2,-1.0499999999999972,NIFTY
2022-11-09 10:19:12,18300,CE,BUY,34.25,,NIFTY
2022-11-09 10:19:12,18300,PE,BUY,114.7,,NIFTY
2022-11-09 10:19:45,18300,CE,SELL,34.45,0.20000000000000284,NIFTY
2022-11-09 10:19:45,18300,PE,SELL,115.95,1.25,NIFTY
2022-11-09 10:19:45,18250,CE,BUY,54.15,,NIFTY
2022-11-09 10:19:45,18250,PE,BUY,85.25,,NIFTY
2022-11-09 10:19:46,18250,CE,SELL,54.2,0.05000000000000426,NIFTY
2022-11-09 10:19:46,18250,PE,SELL,84.9,-0.3499999999999943,NIFTY
2022-11-09 10:19:46,18300,CE,BUY,34.6,,NIFTY
2022-11-09 10:19:46,18300,PE,BUY,115.4,,NIFTY
2022-11-09 10:19:52,18300,CE,SELL,33.8,-0.8000000000000043,NIFTY
2022-11-09 10:19:52,18300,PE,SELL,116.9,1.5,NIFTY
2022-11-09 10:19:52,18250,CE,BUY,53.25,,NIFTY
2022-11-09 10:19:52,18250,PE,BUY,86.5,,NIFTY
2022-11-09 10:20:00,18250,CE,SELL,53.5,0.25,NIFTY
2022-11-09 10:20:00,18250,PE,SELL,85.95,-0.5499999999999972,NIFTY
2022-11-09 10:20:00,18300,CE,BUY,33.95,,NIFTY
2022-11-09 10:20:00,18300,PE,BUY,116.8,,NIFTY
2022-11-09 10:20:02,18300,CE,SELL,33.85,-0.10000000000000142,NIFTY
2022-11-09 10:20:02,18300,PE,SELL,117.5,0.7000000000000028,NIFTY
2022-11-09 10:20:02,18250,CE,BUY,53.15,,NIFTY
2022-11-09 10:20:02,18250,PE,BUY,86.6,,NIFTY
2022-11-09 10:20:04,18250,CE,SELL,53.95,0.8000000000000043,NIFTY
2022-11-09 10:20:04,18250,PE,SELL,85.3,-1.2999999999999972,NIFTY
2022-11-09 10:20:04,18300,CE,BUY,34.25,,NIFTY
2022-11-09 10:20:04,18300,PE,BUY,115.95,,NIFTY
2022-11-09 10:20:37,18300,CE,SELL,34.15,-0.10000000000000142,NIFTY
2022-11-09 10:20:37,18300,PE,SELL,116.5,0.5499999999999972,NIFTY
2022-11-09 10:20:37,18250,CE,BUY,53.6,,NIFTY
2022-11-09 10:20:37,18250,PE,BUY,85.8,,NIFTY
2022-11-09 10:20:48,18250,CE,SELL,53.5,-0.10000000000000142,NIFTY
2022-11-09 10:20:48,18250,PE,SELL,86.75,0.9500000000000028,NIFTY
2022-11-09 10:20:48,18300,CE,BUY,33.95,,NIFTY
2022-11-09 10:20:48,18300,PE,BUY,117.5,,NIFTY
2022-11-09 10:20:49,18300,CE,SELL,33.8,-0.15000000000000568,NIFTY
2022-11-09 10:20:49,18300,PE,SELL,117.4,-0.09999999999999432,NIFTY
2022-11-09 10:20:49,18250,CE,BUY,53.3,,NIFTY
2022-11-09 10:20:49,18250,PE,BUY,86.75,,NIFTY
2022-11-09 10:21:10,18250,CE,SELL,54.35,1.0500000000000043,NIFTY
2022-11-09 10:21:10,18250,PE,SELL,84.85,-1.9000000000000057,NIFTY
2022-11-09 10:21:10,18300,CE,BUY,34.65,,NIFTY
2022-11-09 10:21:10,18300,PE,BUY,115.3,,NIFTY
2022-11-09 10:21:24,18300,CE,SELL,33.85,-0.7999999999999972,NIFTY
2022-11-09 10:21:24,18300,PE,SELL,117.25,1.9500000000000028,NIFTY
2022-11-09 10:21:24,18250,CE,BUY,53.4,,NIFTY
2022-11-09 10:21:24,18250,PE,BUY,86.4,,NIFTY
2022-11-09 10:21:28,18250,CE,SELL,53.95,0.5500000000000043,NIFTY
2022-11-09 10:21:28,18250,PE,SELL,85.7,-0.7000000000000028,NIFTY
2022-11-09 10:21:28,18300,CE,BUY,34.2,,NIFTY
2022-11-09 10:21:28,18300,PE,BUY,116.1,,NIFTY
2022-11-09 10:22:38,18300,CE,SELL,34.35,0.14999999999999858,NIFTY
2022-11-09 10:22:38,18300,PE,SELL,117.45,1.3500000000000085,NIFTY
2022-11-09 10:22:38,18250,CE,BUY,54.0,,NIFTY
2022-11-09 10:22:38,18250,PE,BUY,86.85,,NIFTY
2022-11-09 10:23:54,18250,CE,SELL,54.25,0.25,NIFTY
2022-11-09 10:23:54,18250,PE,SELL,85.6,-1.25,NIFTY
2022-11-09 10:23:54,18300,CE,BUY,34.75,,NIFTY
2022-11-09 10:23:54,18300,PE,BUY,116.05,,NIFTY
2022-11-09 10:23:56,18300,CE,SELL,34.6,-0.14999999999999858,NIFTY
2022-11-09 10:23:56,18300,PE,SELL,116.1,0.04999999999999716,NIFTY
2022-11-09 10:23:56,18250,CE,BUY,54.1,,NIFTY
2022-11-09 10:23:56,18250,PE,BUY,85.95,,NIFTY
2022-11-09 10:23:58,18250,CE,SELL,54.65,0.5499999999999972,NIFTY
2022-11-09 10:23:58,18250,PE,SELL,85.8,-0.15000000000000568,NIFTY
2022-11-09 10:23:58,18300,CE,BUY,34.8,,NIFTY
2022-11-09 10:23:58,18300,PE,BUY,116.25,,NIFTY
2022-11-09 10:24:00,18300,CE,SELL,34.75,-0.04999999999999716,NIFTY
2022-11-09 10:24:00,18300,PE,SELL,116.55,0.29999999999999716,NIFTY
2022-11-09 10:24:00,18250,CE,BUY,54.4,,NIFTY
2022-11-09 10:24:00,18250,PE,BUY,86.2,,NIFTY
2022-11-09 10:24:02,18250,CE,SELL,54.0,-0.3999999999999986,NIFTY
2022-11-09 10:24:02,18250,PE,SELL,86.3,0.09999999999999432,NIFTY
2022-11-09 10:24:02,18300,CE,BUY,34.45,,NIFTY
2022-11-09 10:24:02,18300,PE,BUY,116.7,,NIFTY
2022-11-09 10:24:07,18300,CE,SELL,34.3,-0.15000000000000568,NIFTY
2022-11-09 10:24:07,18300,PE,SELL,118.0,1.2999999999999972,NIFTY
2022-11-09 10:24:07,18250,CE,BUY,53.8,,NIFTY
2022-11-09 10:24:07,18250,PE,BUY,87.15,,NIFTY
2022-11-09 10:24:25,18250,CE,SELL,54.8,1.0,NIFTY
2022-11-09 10:24:25,18250,PE,SELL,84.9,-2.25,NIFTY
2022-11-09 10:24:25,18300,CE,BUY,34.85,,NIFTY
2022-11-09 10:24:25,18300,PE,BUY,115.2,,NIFTY
2022-11-09 10:25:07,18300,CE,SELL,34.55,-0.30000000000000426,NIFTY
2022-11-09 10:25:07,18300,PE,SELL,117.2,2.0,NIFTY
2022-11-09 10:25:07,18250,CE,BUY,54.0,,NIFTY
2022-11-09 10:25:07,18250,PE,BUY,86.65,,NIFTY
2022-11-09 10:25:09,18250,CE,SELL,54.15,0.14999999999999858,NIFTY
2022-11-09 10:25:09,18250,PE,SELL,86.95,0.29999999999999716,NIFTY
2022-11-09 10:25:09,18300,CE,BUY,34.65,,NIFTY
2022-11-09 10:25:09,18300,PE,BUY,117.7,,NIFTY
2022-11-09 10:25:44,18300,CE,SELL,34.15,-0.5,NIFTY
2022-11-09 10:25:44,18300,PE,SELL,118.1,0.3999999999999915,NIFTY
2022-11-09 10:25:44,18250,CE,BUY,53.55,,NIFTY
2022-11-09 10:25:44,18250,PE,BUY,87.6,,NIFTY
2022-11-09 10:28:12,18250,CE,SELL,54.35,0.8000000000000043,NIFTY
2022-11-09 10:28:12,18250,PE,SELL,85.3,-2.299999999999997,NIFTY
2022-11-09 10:28:12,18300,CE,BUY,34.65,,NIFTY
2022-11-09 10:28:12,18300,PE,BUY,115.8,,NIFTY
2022-11-09 10:28:14,18300,CE,SELL,34.35,-0.29999999999999716,NIFTY
2022-11-09 10:28:14,18300,PE,SELL,116.65,0.8500000000000085,NIFTY
2022-11-09 10:28:14,18250,CE,BUY,53.95,,NIFTY
2022-11-09 10:28:14,18250,PE,BUY,86.15,,NIFTY
2022-11-09 10:28:31,18250,CE,SELL,54.25,0.29999999999999716,NIFTY
2022-11-09 10:28:31,18250,PE,SELL,85.55,-0.6000000000000085,NIFTY
2022-11-09 10:28:31,18300,CE,BUY,34.6,,NIFTY
2022-11-09 10:28:31,18300,PE,BUY,116.25,,NIFTY
2022-11-09 10:28:35,18300,CE,SELL,34.8,0.19999999999999574,NIFTY
2022-11-09 10:28:35,18300,PE,SELL,115.5,-0.75,NIFTY
2022-11-09 10:28:35,18250,CE,BUY,54.5,,NIFTY
2022-11-09 10:28:35,18250,PE,BUY,85.1,,NIFTY
2022-11-09 10:28:40,18250,CE,SELL,54.65,0.14999999999999858,NIFTY
2022-11-09 10:28:40,18250,PE,SELL,84.6,-0.5,NIFTY
2022-11-09 10:28:40,18300,CE,BUY,34.95,,NIFTY
2022-11-09 10:28:40,18300,PE,BUY,115.0,,NIFTY
2022-11-09 10:32:01,18300,CE,SELL,34.25,-0.7000000000000028,NIFTY
2022-11-09 10:32:01,18300,PE,SELL,116.35,1.3499999999999943,NIFTY
2022-11-09 10:32:01,18250,CE,BUY,53.8,,NIFTY
2022-11-09 10:32:01,18250,PE,BUY,85.85,,NIFTY
2022-11-09 10:32:07,18250,CE,SELL,53.45,-0.3499999999999943,NIFTY
2022-11-09 10:32:07,18250,PE,SELL,86.3,0.45000000000000284,NIFTY
2022-11-09 10:32:07,18300,CE,BUY,34.15,,NIFTY
2022-11-09 10:32:07,18300,PE,BUY,116.65,,NIFTY
2022-11-09 10:32:10,18300,CE,SELL,34.1,-0.04999999999999716,NIFTY
2022-11-09 10:32:10,18300,PE,SELL,117.1,0.44999999999998863,NIFTY
2022-11-09 10:32:10,18250,CE,BUY,53.45,,NIFTY
2022-11-09 10:32:10,18250,PE,BUY,86.65,,NIFTY
2022-11-09 10:32:46,18250,CE,SELL,54.5,1.0499999999999972,NIFTY
2022-11-09 10:32:46,18250,PE,SELL,85.9,-0.75,NIFTY
2022-11-09 10:32:46,18300,CE,BUY,34.8,,NIFTY
2022-11-09 10:32:46,18300,PE,BUY,116.3,,NIFTY
2022-11-09 10:32:50,18300,CE,SELL,34.45,-0.3499999999999943,NIFTY
2022-11-09 10:32:50,18300,PE,SELL,117.1,0.7999999999999972,NIFTY
2022-11-09 10:32:50,18250,CE,BUY,54.0,,NIFTY
2022-11-09 10:32:50,18250,PE,BUY,86.45,,NIFTY
2022-11-09 10:32:55,18250,CE,SELL,54.05,0.04999999999999716,NIFTY
2022-11-09 10:32:55,18250,PE,SELL,86.05,-0.4000000000000057,NIFTY
2022-11-09 10:32:55,18300,CE,BUY,34.45,,NIFTY
2022-11-09 10:32:55,18300,PE,BUY,116.85,,NIFTY
2022-11-09 10:32:58,18300,CE,SELL,34.45,0.0,NIFTY
2022-11-09 10:32:58,18300,PE,SELL,116.85,0.0,NIFTY
2022-11-09 10:32:58,18250,CE,BUY,54.05,,NIFTY
2022-11-09 10:32:58,18250,PE,BUY,86.35,,NIFTY
2022-11-09 10:33:02,18250,CE,SELL,53.9,-0.14999999999999858,NIFTY
2022-11-09 10:33:02,18250,PE,SELL,86.75,0.4000000000000057,NIFTY
2022-11-09 10:33:02,18300,CE,BUY,34.3,,NIFTY
2022-11-09 10:33:02,18300,PE,BUY,117.15,,NIFTY
2022-11-09 10:33:03,18300,CE,SELL,34.55,0.25,NIFTY
2022-11-09 10:33:03,18300,PE,SELL,116.7,-0.45000000000000284,NIFTY
2022-11-09 10:33:03,18250,CE,BUY,54.05,,NIFTY
2022-11-09 10:33:03,18250,PE,BUY,86.3,,NIFTY
2022-11-09 10:33:07,18250,CE,SELL,54.45,0.4000000000000057,NIFTY
2022-11-09 10:33:07,18250,PE,SELL,85.15,-1.1499999999999915,NIFTY
2022-11-09 10:33:07,18300,CE,BUY,34.75,,NIFTY
2022-11-09 10:33:07,18300,PE,BUY,116.0,,NIFTY
2022-11-09 10:33:15,18300,CE,SELL,34.55,-0.20000000000000284,NIFTY
2022-11-09 10:33:15,18300,PE,SELL,116.45,0.45000000000000284,NIFTY
2022-11-09 10:33:15,18250,CE,BUY,54.05,,NIFTY
2022-11-09 10:33:15,18250,PE,BUY,85.95,,NIFTY
2022-11-09 10:33:16,18250,CE,SELL,54.3,0.25,NIFTY
2022-11-09 10:33:16,18250,PE,SELL,85.8,-0.15000000000000568,NIFTY
2022-11-09 10:33:16,18300,CE,BUY,34.65,,NIFTY
2022-11-09 10:33:16,18300,PE,BUY,116.6,,NIFTY
2022-11-09 10:33:19,18300,CE,SELL,34.9,0.25,NIFTY
2022-11-09 10:33:19,18300,PE,SELL,115.65,-0.9499999999999886,NIFTY
2022-11-09 10:33:19,18250,CE,BUY,54.6,,NIFTY
2022-11-09 10:33:19,18250,PE,BUY,85.25,,NIFTY
2022-11-09 10:33:21,18250,CE,SELL,54.5,-0.10000000000000142,NIFTY
2022-11-09 10:33:21,18250,PE,SELL,85.45,0.20000000000000284,NIFTY
2022-11-09 10:33:21,18300,CE,BUY,34.85,,NIFTY
2022-11-09 10:33:21,18300,PE,BUY,116.0,,NIFTY
2022-11-09 10:33:24,18300,CE,SELL,34.9,0.04999999999999716,NIFTY
2022-11-09 10:33:24,18300,PE,SELL,115.8,-0.20000000000000284,NIFTY
2022-11-09 10:33:24,18250,CE,BUY,54.65,,NIFTY
2022-11-09 10:33:24,18250,PE,BUY,85.4,,NIFTY
2022-11-09 10:33:28,18250,CE,SELL,55.0,0.3500000000000014,NIFTY
2022-11-09 10:33:28,18250,PE,SELL,85.0,-0.4000000000000057,NIFTY
2022-11-09 10:33:28,18300,CE,BUY,35.05,,NIFTY
2022-11-09 10:33:28,18300,PE,BUY,115.35,,NIFTY
2022-11-09 10:39:01,18300,CE,SELL,34.05,-1.0,NIFTY
2022-11-09 10:39:01,18300,PE,SELL,117.15,1.8000000000000114,NIFTY
2022-11-09 10:39:01,18250,CE,BUY,53.5,,NIFTY
2022-11-09 10:39:01,18250,PE,BUY,86.55,,NIFTY
2022-11-09 10:39:08,18250,CE,SELL,53.7,0.20000000000000284,NIFTY
2022-11-09 10:39:08,18250,PE,SELL,85.85,-0.7000000000000028,NIFTY
2022-11-09 10:39:08,18300,CE,BUY,34.2,,NIFTY
2022-11-09 10:39:08,18300,PE,BUY,116.25,,NIFTY
2022-11-09 10:39:13,18300,CE,SELL,34.4,0.19999999999999574,NIFTY
2022-11-09 10:39:13,18300,PE,SELL,116.0,-0.25,NIFTY
2022-11-09 10:39:13,18250,CE,BUY,53.8,,NIFTY
2022-11-09 10:39:13,18250,PE,BUY,85.55,,NIFTY
2022-11-09 10:39:15,18250,CE,SELL,53.55,-0.25,NIFTY
2022-11-09 10:39:15,18250,PE,SELL,85.9,0.3500000000000085,NIFTY
2022-11-09 10:39:15,18300,CE,BUY,34.15,,NIFTY
2022-11-09 10:39:15,18300,PE,BUY,116.2,,NIFTY
2022-11-09 10:39:16,18300,CE,SELL,34.0,-0.14999999999999858,NIFTY
2022-11-09 10:39:16,18300,PE,SELL,116.4,0.20000000000000284,NIFTY
2022-11-09 10:39:16,18250,CE,BUY,53.55,,NIFTY
2022-11-09 10:39:16,18250,PE,BUY,86.05,,NIFTY
2022-11-09 10:44:24,18250,CE,SELL,54.55,1.0,NIFTY
2022-11-09 10:44:24,18250,PE,SELL,84.5,-1.5499999999999972,NIFTY
2022-11-09 10:44:24,18300,CE,BUY,34.85,,NIFTY
2022-11-09 10:44:24,18300,PE,BUY,114.75,,NIFTY
2022-11-09 10:44:38,18300,CE,SELL,34.45,-0.3999999999999986,NIFTY
2022-11-09 10:44:38,18300,PE,SELL,116.1,1.3499999999999943,NIFTY
2022-11-09 10:44:38,18250,CE,BUY,54.15,,NIFTY
2022-11-09 10:44:38,18250,PE,BUY,85.8,,NIFTY
2022-11-09 10:46:13,18250,CE,SELL,54.6,0.45000000000000284,NIFTY
2022-11-09 10:46:13,18250,PE,SELL,84.6,-1.2000000000000028,NIFTY
2022-11-09 10:46:13,18300,CE,BUY,34.85,,NIFTY
2022-11-09 10:46:13,18300,PE,BUY,114.9,,NIFTY
2022-11-09 10:46:23,18300,CE,SELL,34.85,0.0,NIFTY
2022-11-09 10:46:23,18300,PE,SELL,115.2,0.29999999999999716,NIFTY
2022-11-09 10:46:23,18250,CE,BUY,54.5,,NIFTY
2022-11-09 10:46:23,18250,PE,BUY,84.5,,NIFTY
2022-11-09 10:46:24,18250,CE,SELL,54.8,0.29999999999999716,NIFTY
2022-11-09 10:46:24,18250,PE,SELL,84.7,0.20000000000000284,NIFTY
2022-11-09 10:46:24,18300,CE,BUY,34.95,,NIFTY
2022-11-09 10:46:24,18300,PE,BUY,114.55,,NIFTY
2022-11-09 10:46:29,18300,CE,SELL,34.9,-0.05000000000000426,NIFTY
2022-11-09 10:46:29,18300,PE,SELL,114.75,0.20000000000000284,NIFTY
2022-11-09 10:46:29,18250,CE,BUY,54.8,,NIFTY
2022-11-09 10:46:29,18250,PE,BUY,84.75,,NIFTY
2022-11-09 10:46:30,18250,CE,SELL,54.6,-0.19999999999999574,NIFTY
2022-11-09 10:46:30,18250,PE,SELL,84.75,0.0,NIFTY
2022-11-09 10:46:30,18300,CE,BUY,34.9,,NIFTY
2022-11-09 10:46:30,18300,PE,BUY,114.75,,NIFTY
2022-11-09 10:47:12,18300,CE,SELL,34.35,-0.5499999999999972,NIFTY
2022-11-09 10:47:12,18300,PE,SELL,115.3,0.5499999999999972,NIFTY
2022-11-09 10:47:12,18250,CE,BUY,54.05,,NIFTY
2022-11-09 10:47:12,18250,PE,BUY,85.15,,NIFTY
2022-11-09 10:47:13,18250,CE,SELL,54.35,0.30000000000000426,NIFTY
2022-11-09 10:47:13,18250,PE,SELL,84.45,-0.7000000000000028,NIFTY
2022-11-09 10:47:13,18300,CE,BUY,34.55,,NIFTY
2022-11-09 10:47:13,18300,PE,BUY,114.95,,NIFTY
2022-11-09 10:47:15,18300,CE,SELL,34.4,-0.14999999999999858,NIFTY
2022-11-09 10:47:15,18300,PE,SELL,115.45,0.5,NIFTY
2022-11-09 10:47:15,18250,CE,BUY,54.1,,NIFTY
2022-11-09 10:47:15,18250,PE,BUY,84.95,,NIFTY
2022-11-09 10:47:19,18250,CE,SELL,54.0,-0.10000000000000142,NIFTY
2022-11-09 10:47:19,18250,PE,SELL,85.4,0.45000000000000284,NIFTY
2022-11-09 10:47:19,18300,CE,BUY,34.2,,NIFTY
2022-11-09 10:47:19,18300,PE,BUY,115.75,,NIFTY
2022-11-09 10:47:22,18300,CE,SELL,33.9,-0.30000000000000426,NIFTY
2022-11-09 10:47:22,18300,PE,SELL,116.5,0.75,NIFTY
2022-11-09 10:47:22,18250,CE,BUY,53.5,,NIFTY
2022-11-09 10:47:22,18250,PE,BUY,85.7,,NIFTY
2022-11-09 10:48:11,18250,CE,SELL,54.55,1.0499999999999972,NIFTY
2022-11-09 10:48:11,18250,PE,SELL,84.7,-1.0,NIFTY
2022-11-09 10:48:11,18300,CE,BUY,34.7,,NIFTY
2022-11-09 10:48:11,18300,PE,BUY,114.95,,NIFTY
2022-11-09 10:48:44,18300,CE,SELL,34.5,-0.20000000000000284,NIFTY
2022-11-09 10:48:44,18300,PE,SELL,115.75,0.7999999999999972,NIFTY
2022-11-09 10:48:44,18250,CE,BUY,54.05,,NIFTY
2022-11-09 10:48:44,18250,PE,BUY,85.3,,NIFTY
2022-11-09 11:56:26,18250,CE,SELL,54.1,0.05000000000000426,NIFTY
2022-11-09 11:56:26,18250,PE,SELL,82.85,-2.450000000000003,NIFTY
2022-11-09 11:56:26,18300,CE,BUY,34.35,,NIFTY
2022-11-09 11:56:26,18300,PE,BUY,113.1,,NIFTY
2022-11-09 11:56:29,18300,CE,SELL,34.45,0.10000000000000142,NIFTY
2022-11-09 11:56:29,18300,PE,SELL,113.3,0.20000000000000284,NIFTY
2022-11-09 11:56:29,18250,CE,BUY,54.25,,NIFTY
2022-11-09 11:56:29,18250,PE,BUY,82.5,,NIFTY
2022-11-09 11:56:31,18250,CE,SELL,54.3,0.04999999999999716,NIFTY
2022-11-09 11:56:31,18250,PE,SELL,82.6,0.09999999999999432,NIFTY
2022-11-09 11:56:31,18300,CE,BUY,34.55,,NIFTY
2022-11-09 11:56:31,18300,PE,BUY,112.75,,NIFTY
2022-11-09 11:56:35,18300,CE,SELL,34.5,-0.04999999999999716,NIFTY
2022-11-09 11:56:35,18300,PE,SELL,113.65,0.9000000000000057,NIFTY
2022-11-09 11:56:35,18250,CE,BUY,54.35,,NIFTY
2022-11-09 11:56:35,18250,PE,BUY,83.2,,NIFTY
2022-11-09 13:02:11,18250,CE,SELL,52.3,-2.0500000000000043,NIFTY
2022-11-09 13:02:11,18250,PE,SELL,78.5,-4.700000000000003,NIFTY
2022-11-09 13:02:11,18300,CE,BUY,33.0,,NIFTY
2022-11-09 13:02:11,18300,PE,BUY,109.25,,NIFTY
2022-11-09 13:02:28,18300,CE,SELL,32.3,-0.7000000000000028,NIFTY
2022-11-09 13:02:28,18300,PE,SELL,110.9,1.6500000000000057,NIFTY
2022-11-09 13:02:28,18250,CE,BUY,51.2,,NIFTY
2022-11-09 13:02:28,18250,PE,BUY,79.7,,NIFTY
2022-11-09 13:37:55,18250,CE,SELL,50.7,-0.5,NIFTY
2022-11-09 13:37:55,18250,PE,SELL,78.3,-1.4000000000000057,NIFTY
2022-11-09 13:37:55,18300,CE,BUY,31.75,,NIFTY
2022-11-09 13:37:55,18300,PE,BUY,109.3,,NIFTY
2022-11-09 13:38:06,18300,CE,SELL,31.7,-0.05000000000000071,NIFTY
2022-11-09 13:38:06,18300,PE,SELL,111.05,1.75,NIFTY
2022-11-09 13:38:06,18250,CE,BUY,50.55,,NIFTY
2022-11-09 13:38:06,18250,PE,BUY,79.7,,NIFTY
2022-11-09 13:38:08,18250,CE,SELL,50.7,0.15000000000000568,NIFTY
2022-11-09 13:38:08,18250,PE,SELL,79.7,0.0,NIFTY
2022-11-09 13:38:08,18300,CE,BUY,31.75,,NIFTY
2022-11-09 13:38:08,18300,PE,BUY,110.9,,NIFTY
2022-11-09 13:38:11,18300,CE,SELL,31.4,-0.3500000000000014,NIFTY
2022-11-09 13:38:11,18300,PE,SELL,111.5,0.5999999999999943,NIFTY
2022-11-09 13:38:11,18250,CE,BUY,50.05,,NIFTY
2022-11-09 13:38:11,18250,PE,BUY,80.3,,NIFTY
2022-11-09 13:38:13,18250,CE,SELL,50.2,0.15000000000000568,NIFTY
2022-11-09 13:38:13,18250,PE,SELL,80.2,-0.09999999999999432,NIFTY
2022-11-09 13:38:13,18300,CE,BUY,31.45,,NIFTY
2022-11-09 13:38:13,18300,PE,BUY,111.4,,NIFTY
2022-11-09 13:38:17,18300,CE,SELL,31.3,-0.14999999999999858,NIFTY
2022-11-09 13:38:17,18300,PE,SELL,111.85,0.44999999999998863,NIFTY
2022-11-09 13:38:17,18250,CE,BUY,49.9,,NIFTY
2022-11-09 13:38:17,18250,PE,BUY,80.4,,NIFTY
2022-11-09 13:38:19,18250,CE,SELL,50.0,0.10000000000000142,NIFTY
2022-11-09 13:38:19,18250,PE,SELL,80.55,0.14999999999999147,NIFTY
2022-11-09 13:38:19,18300,CE,BUY,31.3,,NIFTY
2022-11-09 13:38:19,18300,PE,BUY,112.1,,NIFTY
2022-11-09 13:38:20,18300,CE,SELL,31.25,-0.05000000000000071,NIFTY
2022-11-09 13:38:20,18300,PE,SELL,112.1,0.0,NIFTY
2022-11-09 13:38:20,18250,CE,BUY,49.95,,NIFTY
2022-11-09 13:38:20,18250,PE,BUY,80.55,,NIFTY
2022-11-09 13:38:21,18250,CE,SELL,49.95,0.0,NIFTY
2022-11-09 13:38:21,18250,PE,SELL,80.4,-0.14999999999999147,NIFTY
2022-11-09 13:38:21,18300,CE,BUY,31.25,,NIFTY
2022-11-09 13:38:21,18300,PE,BUY,111.65,,NIFTY
2022-11-09 13:38:22,18300,CE,SELL,31.4,0.14999999999999858,NIFTY
2022-11-09 13:38:22,18300,PE,SELL,111.6,-0.05000000000001137,NIFTY
2022-11-09 13:38:22,18250,CE,BUY,50.0,,NIFTY
2022-11-09 13:38:22,18250,PE,BUY,80.5,,NIFTY
2022-11-09 13:38:24,18250,CE,SELL,50.15,0.14999999999999858,NIFTY
2022-11-09 13:38:24,18250,PE,SELL,79.9,-0.5999999999999943,NIFTY
2022-11-09 13:38:24,18300,CE,BUY,31.5,,NIFTY
2022-11-09 13:38:24,18300,PE,BUY,111.0,,NIFTY
2022-11-09 13:38:29,18300,CE,SELL,31.85,0.3500000000000014,NIFTY
2022-11-09 13:38:29,18300,PE,SELL,110.55,-0.45000000000000284,NIFTY
2022-11-09 13:38:29,18250,CE,BUY,50.8,,NIFTY
2022-11-09 13:38:29,18250,PE,BUY,79.6,,NIFTY
2022-11-09 13:38:31,18250,CE,SELL,50.75,-0.04999999999999716,NIFTY
2022-11-09 13:38:31,18250,PE,SELL,79.4,-0.19999999999998863,NIFTY
2022-11-09 13:38:31,18300,CE,BUY,31.9,,NIFTY
2022-11-09 13:38:31,18300,PE,BUY,110.5,,NIFTY
2022-11-09 13:38:33,18300,CE,SELL,31.7,-0.1999999999999993,NIFTY
2022-11-09 13:38:33,18300,PE,SELL,111.35,0.8499999999999943,NIFTY
2022-11-09 13:38:33,18250,CE,BUY,50.5,,NIFTY
2022-11-09 13:38:33,18250,PE,BUY,80.15,,NIFTY
2022-11-09 13:38:45,18250,CE,SELL,50.45,-0.04999999999999716,NIFTY
2022-11-09 13:38:45,18250,PE,SELL,80.55,0.3999999999999915,NIFTY
2022-11-09 13:38:45,18300,CE,BUY,31.65,,NIFTY
2022-11-09 13:38:45,18300,PE,BUY,111.7,,NIFTY
2022-11-09 13:38:46,18300,CE,SELL,31.65,0.0,NIFTY
2022-11-09 13:38:46,18300,PE,SELL,111.7,0.0,NIFTY
2022-11-09 13:38:46,18250,CE,BUY,50.3,,NIFTY
2022-11-09 13:38:46,18250,PE,BUY,80.55,,NIFTY
2022-11-09 13:38:57,18250,CE,SELL,50.7,0.4000000000000057,NIFTY
2022-11-09 13:38:57,18250,PE,SELL,79.65,-0.8999999999999915,NIFTY
2022-11-09 13:38:57,18300,CE,BUY,31.9,,NIFTY
2022-11-09 13:38:57,18300,PE,BUY,111.15,,NIFTY
2022-11-09 13:39:25,18300,CE,SELL,31.65,-0.25,NIFTY
2022-11-09 13:39:25,18300,PE,SELL,112.0,0.8499999999999943,NIFTY
2022-11-09 13:39:25,18250,CE,BUY,50.5,,NIFTY
2022-11-09 13:39:25,18250,PE,BUY,80.25,,NIFTY
2022-11-09 13:39:26,18250,CE,SELL,50.65,0.14999999999999858,NIFTY
2022-11-09 13:39:26,18250,PE,SELL,80.6,0.3499999999999943,NIFTY
2022-11-09 13:39:26,18300,CE,BUY,31.65,,NIFTY
2022-11-09 13:39:26,18300,PE,BUY,111.95,,NIFTY
2022-11-09 13:39:28,18300,CE,SELL,31.5,-0.14999999999999858,NIFTY
2022-11-09 13:39:28,18300,PE,SELL,112.35,0.3999999999999915,NIFTY
2022-11-09 13:39:28,18250,CE,BUY,50.25,,NIFTY
2022-11-09 13:39:28,18250,PE,BUY,80.95,,NIFTY
2022-11-09 13:39:29,18250,CE,SELL,50.15,-0.10000000000000142,NIFTY
2022-11-09 13:39:29,18250,PE,SELL,81.0,0.04999999999999716,NIFTY
2022-11-09 13:39:29,18300,CE,BUY,31.5,,NIFTY
2022-11-09 13:39:29,18300,PE,BUY,112.35,,NIFTY
2022-11-09 13:39:38,18300,CE,SELL,31.6,0.10000000000000142,NIFTY
2022-11-09 13:39:38,18300,PE,SELL,112.0,-0.3499999999999943,NIFTY
2022-11-09 13:39:38,18250,CE,BUY,50.3,,NIFTY
2022-11-09 13:39:38,18250,PE,BUY,80.5,,NIFTY
2022-11-09 13:39:42,18250,CE,SELL,50.55,0.25,NIFTY
2022-11-09 13:39:42,18250,PE,SELL,81.1,0.5999999999999943,NIFTY
2022-11-09 13:39:42,18300,CE,BUY,31.55,,NIFTY
2022-11-09 13:39:42,18300,PE,BUY,112.3,,NIFTY
2022-11-09 13:39:44,18300,CE,SELL,31.1,-0.4499999999999993,NIFTY
2022-11-09 13:39:44,18300,PE,SELL,113.95,1.6500000000000057,NIFTY
2022-11-09 13:39:44,18250,CE,BUY,49.8,,NIFTY
2022-11-09 13:39:44,18250,PE,BUY,82.25,,NIFTY
2022-11-09 13:39:48,18250,CE,SELL,50.0,0.20000000000000284,NIFTY
2022-11-09 13:39:48,18250,PE,SELL,81.3,-0.9500000000000028,NIFTY
2022-11-09 13:39:48,18300,CE,BUY,31.3,,NIFTY
2022-11-09 13:39:48,18300,PE,BUY,112.55,,NIFTY
2022-11-09 13:39:50,18300,CE,SELL,31.45,0.14999999999999858,NIFTY
2022-11-09 13:39:50,18300,PE,SELL,112.8,0.25,NIFTY
2022-11-09 13:39:50,18250,CE,BUY,50.45,,NIFTY
2022-11-09 13:39:50,18250,PE,BUY,81.05,,NIFTY
2022-11-09 13:40:05,18250,CE,SELL,49.75,-0.7000000000000028,NIFTY
2022-11-09 13:40:05,18250,PE,SELL,80.9,-0.14999999999999147,NIFTY
2022-11-09 13:40:05,18300,CE,BUY,31.2,,NIFTY
2022-11-09 13:40:05,18300,PE,BUY,112.55,,NIFTY
2022-11-09 13:40:08,18300,CE,SELL,31.5,0.3000000000000007,NIFTY
2022-11-09 13:40:08,18300,PE,SELL,112.5,-0.04999999999999716,NIFTY
2022-11-09 13:40:08,18250,CE,BUY,50.2,,NIFTY
2022-11-09 13:40:08,18250,PE,BUY,81.15,,NIFTY
2022-11-09 13:40:10,18250,CE,SELL,50.05,-0.15000000000000568,NIFTY
2022-11-09 13:40:10,18250,PE,SELL,80.95,-0.20000000000000284,NIFTY
2022-11-09 13:40:10,18300,CE,BUY,31.3,,NIFTY
2022-11-09 13:40:10,18300,PE,BUY,112.1,,NIFTY
2022-11-09 13:41:46,18300,CE,SELL,31.45,0.14999999999999858,NIFTY
2022-11-09 13:41:46,18300,PE,SELL,112.45,0.3500000000000085,NIFTY
2022-11-09 13:41:46,18250,CE,BUY,50.1,,NIFTY
2022-11-09 13:41:46,18250,PE,BUY,81.25,,NIFTY
2022-11-09 13:41:49,18250,CE,SELL,49.7,-0.3999999999999986,NIFTY
2022-11-09 13:41:49,18250,PE,SELL,81.3,0.04999999999999716,NIFTY
2022-11-09 13:41:49,18300,CE,BUY,31.0,,NIFTY
2022-11-09 13:41:49,18300,PE,BUY,112.55,,NIFTY
2022-11-09 13:41:50,18300,CE,SELL,30.9,-0.10000000000000142,NIFTY
2022-11-09 13:41:50,18300,PE,SELL,113.45,0.9000000000000057,NIFTY
2022-11-09 13:41:50,18250,CE,BUY,49.55,,NIFTY
2022-11-09 13:41:50,18250,PE,BUY,81.9,,NIFTY
2022-11-09 13:41:56,18250,CE,SELL,49.65,0.10000000000000142,NIFTY
2022-11-09 13:41:56,18250,PE,SELL,81.7,-0.20000000000000284,NIFTY
2022-11-09 13:41:56,18300,CE,BUY,31.1,,NIFTY
2022-11-09 13:41:56,18300,PE,BUY,113.1,,NIFTY
2022-11-09 13:42:01,18300,CE,SELL,30.95,-0.15000000000000213,NIFTY
2022-11-09 13:42:01,18300,PE,SELL,113.5,0.4000000000000057,NIFTY
2022-11-09 13:42:01,18250,CE,BUY,49.65,,NIFTY
2022-11-09 13:42:01,18250,PE,BUY,81.7,,NIFTY
2022-11-09 13:42:15,18250,CE,SELL,50.3,0.6499999999999986,NIFTY
2022-11-09 13:42:15,18250,PE,SELL,80.4,-1.2999999999999972,NIFTY
2022-11-09 13:42:15,18300,CE,BUY,31.4,,NIFTY
2022-11-09 13:42:15,18300,PE,BUY,111.8,,NIFTY
2022-11-09 13:42:16,18300,CE,SELL,31.35,-0.04999999999999716,NIFTY
2022-11-09 13:42:16,18300,PE,SELL,111.5,-0.29999999999999716,NIFTY
2022-11-09 13:42:16,18250,CE,BUY,50.1,,NIFTY
2022-11-09 13:42:16,18250,PE,BUY,80.5,,NIFTY
2022-11-09 13:42:18,18250,CE,SELL,50.05,-0.05000000000000426,NIFTY
2022-11-09 13:42:18,18250,PE,SELL,80.6,0.09999999999999432,NIFTY
2022-11-09 13:42:18,18300,CE,BUY,31.3,,NIFTY
2022-11-09 13:42:18,18300,PE,BUY,111.9,,NIFTY
2022-11-09 13:42:26,18300,CE,SELL,31.25,-0.05000000000000071,NIFTY
2022-11-09 13:42:26,18300,PE,SELL,112.55,0.6499999999999915,NIFTY
2022-11-09 13:42:26,18250,CE,BUY,49.8,,NIFTY
2022-11-09 13:42:26,18250,PE,BUY,81.4,,NIFTY
2022-11-09 13:42:28,18250,CE,SELL,49.9,0.10000000000000142,NIFTY
2022-11-09 13:42:28,18250,PE,SELL,81.05,-0.3500000000000085,NIFTY
2022-11-09 13:42:28,18300,CE,BUY,31.15,,NIFTY
2022-11-09 13:42:28,18300,PE,BUY,112.4,,NIFTY
2022-11-09 13:42:40,18300,CE,SELL,31.45,0.3000000000000007,NIFTY
2022-11-09 13:42:40,18300,PE,SELL,112.75,0.3499999999999943,NIFTY
2022-11-09 13:42:40,18250,CE,BUY,50.3,,NIFTY
2022-11-09 13:42:40,18250,PE,BUY,81.0,,NIFTY
2022-11-09 13:42:42,18250,CE,SELL,50.25,-0.04999999999999716,NIFTY
2022-11-09 13:42:42,18250,PE,SELL,81.0,0.0,NIFTY
2022-11-09 13:42:42,18300,CE,BUY,31.45,,NIFTY
2022-11-09 13:42:42,18300,PE,BUY,112.2,,NIFTY
2022-11-09 13:42:48,18300,CE,SELL,31.15,-0.3000000000000007,NIFTY
2022-11-09 13:42:48,18300,PE,SELL,112.85,0.6499999999999915,NIFTY
2022-11-09 13:42:48,18250,CE,BUY,49.8,,NIFTY
2022-11-09 13:42:48,18250,PE,BUY,81.45,,NIFTY
2022-11-09 13:42:54,18250,CE,SELL,50.0,0.20000000000000284,NIFTY
2022-11-09 13:42:54,18250,PE,SELL,81.15,-0.29999999999999716,NIFTY
2022-11-09 13:42:54,18300,CE,BUY,31.35,,NIFTY
2022-11-09 13:42:54,18300,PE,BUY,112.65,,NIFTY
2022-11-09 13:42:56,18300,CE,SELL,31.3,-0.05000000000000071,NIFTY
2022-11-09 13:42:56,18300,PE,SELL,112.9,0.25,NIFTY
2022-11-09 13:42:56,18250,CE,BUY,50.05,,NIFTY
2022-11-09 13:42:56,18250,PE,BUY,81.35,,NIFTY
2022-11-09 13:43:03,18250,CE,SELL,49.85,-0.19999999999999574,NIFTY
2022-11-09 13:43:03,18250,PE,SELL,81.2,-0.14999999999999147,NIFTY
2022-11-09 13:43:03,18300,CE,BUY,31.2,,NIFTY
2022-11-09 13:43:03,18300,PE,BUY,112.7,,NIFTY
2022-11-09 13:43:08,18300,CE,SELL,31.0,-0.1999999999999993,NIFTY
2022-11-09 13:43:08,18300,PE,SELL,113.15,0.45000000000000284,NIFTY
2022-11-09 13:43:08,18250,CE,BUY,49.65,,NIFTY
2022-11-09 13:43:08,18250,PE,BUY,81.7,,NIFTY
2022-11-09 13:44:10,18250,CE,SELL,50.5,0.8500000000000014,NIFTY
2022-11-09 13:44:10,18250,PE,SELL,80.5,-1.2000000000000028,NIFTY
2022-11-09 13:44:10,18300,CE,BUY,31.5,,NIFTY
2022-11-09 13:44:10,18300,PE,BUY,111.55,,NIFTY
2022-11-09 13:44:18,18300,CE,SELL,31.35,-0.14999999999999858,NIFTY
2022-11-09 13:44:18,18300,PE,SELL,111.85,0.29999999999999716,NIFTY
2022-11-09 13:44:18,18250,CE,BUY,50.3,,NIFTY
2022-11-09 13:44:18,18250,PE,BUY,80.55,,NIFTY
2022-11-09 13:44:19,18250,CE,SELL,50.1,-0.19999999999999574,NIFTY
2022-11-09 13:44:19,18250,PE,SELL,80.95,0.4000000000000057,NIFTY
2022-11-09 13:44:19,18300,CE,BUY,31.25,,NIFTY
2022-11-09 13:44:19,18300,PE,BUY,112.2,,NIFTY
2022-11-09 13:44:21,18300,CE,SELL,31.4,0.14999999999999858,NIFTY
2022-11-09 13:44:21,18300,PE,SELL,112.05,-0.15000000000000568,NIFTY
2022-11-09 13:44:21,18250,CE,BUY,50.2,,NIFTY
2022-11-09 13:44:21,18250,PE,BUY,80.6,,NIFTY
2022-11-09 13:44:27,18250,CE,SELL,49.7,-0.5,NIFTY
2022-11-09 13:44:27,18250,PE,SELL,81.3,0.7000000000000028,NIFTY
2022-11-09 13:44:27,18300,CE,BUY,31.0,,NIFTY
2022-11-09 13:44:27,18300,PE,BUY,112.9,,NIFTY
2022-11-09 13:44:28,18300,CE,SELL,31.0,0.0,NIFTY
2022-11-09 13:44:28,18300,PE,SELL,112.85,-0.05000000000001137,NIFTY
2022-11-09 13:44:28,18250,CE,BUY,49.75,,NIFTY
2022-11-09 13:44:28,18250,PE,BUY,81.5,,NIFTY
2022-11-09 13:46:38,18250,CE,SELL,50.5,0.75,NIFTY
2022-11-09 13:46:38,18250,PE,SELL,80.85,-0.6500000000000057,NIFTY
2022-11-09 13:46:38,18300,CE,BUY,31.55,,NIFTY
2022-11-09 13:46:38,18300,PE,BUY,112.1,,NIFTY
2022-11-09 13:46:40,18300,CE,SELL,31.55,0.0,NIFTY
2022-11-09 13:46:40,18300,PE,SELL,112.25,0.15000000000000568,NIFTY
2022-11-09 13:46:40,18250,CE,BUY,50.4,,NIFTY
2022-11-09 13:46:40,18250,PE,BUY,81.05,,NIFTY
2022-11-09 13:46:41,18250,CE,SELL,50.2,-0.19999999999999574,NIFTY
2022-11-09 13:46:41,18250,PE,SELL,81.4,0.3500000000000085,NIFTY
2022-11-09 13:46:41,18300,CE,BUY,31.25,,NIFTY
2022-11-09 13:46:41,18300,PE,BUY,112.6,,NIFTY
2022-11-09 13:46:47,18300,CE,SELL,31.5,0.25,NIFTY
2022-11-09 13:46:47,18300,PE,SELL,112.45,-0.14999999999999147,NIFTY
2022-11-09 13:46:47,18250,CE,BUY,50.2,,NIFTY
2022-11-09 13:46:47,18250,PE,BUY,80.9,,NIFTY
2022-11-09 13:46:48,18250,CE,SELL,50.05,-0.15000000000000568,NIFTY
2022-11-09 13:46:48,18250,PE,SELL,81.3,0.3999999999999915,NIFTY
2022-11-09 13:46:48,18300,CE,BUY,31.25,,NIFTY
2022-11-09 13:46:48,18300,PE,BUY,112.6,,NIFTY
2022-11-09 13:46:54,18300,CE,SELL,31.2,-0.05000000000000071,NIFTY
2022-11-09 13:46:54,18300,PE,SELL,113.6,1.0,NIFTY
2022-11-09 13:46:54,18250,CE,BUY,49.9,,NIFTY
2022-11-09 13:46:54,18250,PE,BUY,82.05,,NIFTY
2022-11-09 13:47:01,18250,CE,SELL,50.1,0.20000000000000284,NIFTY
2022-11-09 13:47:01,18250,PE,SELL,81.6,-0.45000000000000284,NIFTY
2022-11-09 13:47:01,18300,CE,BUY,31.25,,NIFTY
2022-11-09 13:47:01,18300,PE,BUY,113.05,,NIFTY
2022-11-09 13:47:03,18300,CE,SELL,31.35,0.10000000000000142,NIFTY
2022-11-09 13:47:03,18300,PE,SELL,113.0,-0.04999999999999716,NIFTY
2022-11-09 13:47:03,18250,CE,BUY,50.15,,NIFTY
2022-11-09 13:47:03,18250,PE,BUY,81.35,,NIFTY
2022-11-09 13:47:05,18250,CE,SELL,50.0,-0.14999999999999858,NIFTY
2022-11-09 13:47:05,18250,PE,SELL,81.75,0.4000000000000057,NIFTY
2022-11-09 13:47:05,18300,CE,BUY,31.35,,NIFTY
2022-11-09 13:47:05,18300,PE,BUY,113.05,,NIFTY
2022-11-09 13:47:29,18300,CE,SELL,31.6,0.25,NIFTY
2022-11-09 13:47:29,18300,PE,SELL,112.7,-0.3499999999999943,NIFTY
2022-11-09 13:47:29,18250,CE,BUY,50.3,,NIFTY
2022-11-09 13:47:29,18250,PE,BUY,81.65,,NIFTY
2022-11-09 13:47:31,18250,CE,SELL,50.7,0.4000000000000057,NIFTY
2022-11-09 13:47:31,18250,PE,SELL,80.8,-0.8500000000000085,NIFTY
2022-11-09 13:47:31,18300,CE,BUY,31.75,,NIFTY
2022-11-09 13:47:31,18300,PE,BUY,112.2,,NIFTY
2022-11-09 13:47:37,18300,CE,SELL,31.8,0.05000000000000071,NIFTY
2022-11-09 13:47:37,18300,PE,SELL,112.2,0.0,NIFTY
2022-11-09 13:47:37,18250,CE,BUY,50.7,,NIFTY
2022-11-09 13:47:37,18250,PE,BUY,81.0,,NIFTY
2022-11-09 13:47:44,18250,CE,SELL,51.1,0.3999999999999986,NIFTY
2022-11-09 13:47:44,18250,PE,SELL,80.35,-0.6500000000000057,NIFTY
2022-11-09 13:47:44,18300,CE,BUY,32.1,,NIFTY
2022-11-09 13:47:44,18300,PE,BUY,111.5,,NIFTY
2022-11-09 13:55:22,18300,CE,SELL,30.35,-1.75,NIFTY
2022-11-09 13:55:22,18300,PE,SELL,111.9,0.4000000000000057,NIFTY
2022-11-09 13:55:22,18250,CE,BUY,48.65,,NIFTY
2022-11-09 13:55:22,18250,PE,BUY,80.0,,NIFTY
2022-11-09 13:55:54,18250,CE,SELL,49.0,0.3500000000000014,NIFTY
2022-11-09 13:55:54,18250,PE,SELL,80.0,0.0,NIFTY
2022-11-09 13:55:54,18300,CE,BUY,30.8,,NIFTY
2022-11-09 13:55:54,18300,PE,BUY,111.75,,NIFTY
2022-11-09 13:55:55,18300,CE,SELL,30.65,-0.15000000000000213,NIFTY
2022-11-09 13:55:55,18300,PE,SELL,111.7,-0.04999999999999716,NIFTY
2022-11-09 13:55:55,18250,CE,BUY,49.0,,NIFTY
2022-11-09 13:55:55,18250,PE,BUY,79.6,,NIFTY
2022-11-09 13:55:57,18250,CE,SELL,49.2,0.20000000000000284,NIFTY
2022-11-09 13:55:57,18250,PE,SELL,79.6,0.0,NIFTY
2022-11-09 13:55:57,18300,CE,BUY,30.9,,NIFTY
2022-11-09 13:55:57,18300,PE,BUY,111.8,,NIFTY
2022-11-09 13:56:00,18300,CE,SELL,30.4,-0.5,NIFTY
2022-11-09 13:56:00,18300,PE,SELL,112.4,0.6000000000000085,NIFTY
2022-11-09 13:56:00,18250,CE,BUY,48.55,,NIFTY
2022-11-09 13:56:00,18250,PE,BUY,80.8,,NIFTY
2022-11-09 13:56:01,18250,CE,SELL,48.65,0.10000000000000142,NIFTY
2022-11-09 13:56:01,18250,PE,SELL,80.65,-0.14999999999999147,NIFTY
2022-11-09 13:56:01,18300,CE,BUY,30.5,,NIFTY
2022-11-09 13:56:01,18300,PE,BUY,112.15,,NIFTY
2022-11-09 13:56:02,18300,CE,SELL,30.55,0.05000000000000071,NIFTY
2022-11-09 13:56:02,18300,PE,SELL,111.9,-0.25,NIFTY
2022-11-09 13:56:02,18250,CE,BUY,48.8,,NIFTY
2022-11-09 13:56:02,18250,PE,BUY,80.35,,NIFTY
2022-11-09 13:56:03,18250,CE,SELL,48.95,0.15000000000000568,NIFTY
2022-11-09 13:56:03,18250,PE,SELL,80.4,0.05000000000001137,NIFTY
2022-11-09 13:56:03,18300,CE,BUY,30.6,,NIFTY
2022-11-09 13:56:03,18300,PE,BUY,112.15,,NIFTY
2022-11-09 13:56:06,18300,CE,SELL,30.4,-0.20000000000000284,NIFTY
2022-11-09 13:56:06,18300,PE,SELL,112.65,0.5,NIFTY
2022-11-09 13:56:06,18250,CE,BUY,48.45,,NIFTY
2022-11-09 13:56:06,18250,PE,BUY,80.7,,NIFTY
2022-11-09 13:56:08,18250,CE,SELL,49.3,0.8499999999999943,NIFTY
2022-11-09 13:56:08,18250,PE,SELL,79.95,-0.75,NIFTY
2022-11-09 13:56:08,18300,CE,BUY,30.85,,NIFTY
2022-11-09 13:56:08,18300,PE,BUY,111.3,,NIFTY
2022-11-09 13:56:11,18300,CE,SELL,30.55,-0.3000000000000007,NIFTY
2022-11-09 13:56:11,18300,PE,SELL,111.6,0.29999999999999716,NIFTY
2022-11-09 13:56:11,18250,CE,BUY,48.85,,NIFTY
2022-11-09 13:56:11,18250,PE,BUY,80.1,,NIFTY
2022-11-09 13:56:12,18250,CE,SELL,48.8,-0.05000000000000426,NIFTY
2022-11-09 13:56:12,18250,PE,SELL,80.1,0.0,NIFTY
2022-11-09 13:56:12,18300,CE,BUY,30.4,,NIFTY
2022-11-09 13:56:12,18300,PE,BUY,111.45,,NIFTY
2022-11-09 13:56:15,18300,CE,SELL,30.85,0.45000000000000284,NIFTY
2022-11-09 13:56:15,18300,PE,SELL,110.6,-0.8500000000000085,NIFTY
2022-11-09 13:56:15,18250,CE,BUY,49.35,,NIFTY
2022-11-09 13:56:15,18250,PE,BUY,79.05,,NIFTY
2022-11-09 13:56:16,18250,CE,SELL,49.45,0.10000000000000142,NIFTY
2022-11-09 13:56:16,18250,PE,SELL,79.15,0.10000000000000853,NIFTY
2022-11-09 13:56:16,18300,CE,BUY,30.8,,NIFTY
2022-11-09 13:56:16,18300,PE,BUY,110.4,,NIFTY
2022-11-09 13:56:18,18300,CE,SELL,30.45,-0.3500000000000014,NIFTY
2022-11-09 13:56:18,18300,PE,SELL,110.45,0.04999999999999716,NIFTY
2022-11-09 13:56:18,18250,CE,BUY,48.85,,NIFTY
2022-11-09 13:56:18,18250,PE,BUY,79.2,,NIFTY
2022-11-09 13:56:21,18250,CE,SELL,49.75,0.8999999999999986,NIFTY
2022-11-09 13:56:21,18250,PE,SELL,78.85,-0.3500000000000085,NIFTY
2022-11-09 13:56:21,18300,CE,BUY,30.95,,NIFTY
2022-11-09 13:56:21,18300,PE,BUY,110.2,,NIFTY
2022-11-09 13:56:35,18300,CE,SELL,30.3,-0.6499999999999986,NIFTY
2022-11-09 13:56:35,18300,PE,SELL,112.15,1.9500000000000028,NIFTY
2022-11-09 13:56:35,18250,CE,BUY,48.4,,NIFTY
2022-11-09 13:56:35,18250,PE,BUY,80.0,,NIFTY
2022-11-09 13:58:11,18250,CE,SELL,48.7,0.30000000000000426,NIFTY
2022-11-09 13:58:11,18250,PE,SELL,80.35,0.3499999999999943,NIFTY
2022-11-09 13:58:11,18300,CE,BUY,30.05,,NIFTY
2022-11-09 13:58:11,18300,PE,BUY,112.0,,NIFTY
2022-11-09 14:01:53,18300,CE,SELL,30.2,0.14999999999999858,NIFTY
2022-11-09 14:01:53,18300,PE,SELL,111.0,-1.0,NIFTY
2022-11-09 14:01:53,18250,CE,BUY,48.6,,NIFTY
2022-11-09 14:01:53,18250,PE,BUY,79.3,,NIFTY
2022-11-09 14:01:55,18250,CE,SELL,48.25,-0.3500000000000014,NIFTY
2022-11-09 14:01:55,18250,PE,SELL,79.5,0.20000000000000284,NIFTY
2022-11-09 14:01:55,18300,CE,BUY,29.85,,NIFTY
2022-11-09 14:01:55,18300,PE,BUY,111.25,,NIFTY
2022-11-09 14:01:58,18300,CE,SELL,29.8,-0.05000000000000071,NIFTY
2022-11-09 14:01:58,18300,PE,SELL,111.35,0.09999999999999432,NIFTY
2022-11-09 14:01:58,18250,CE,BUY,48.15,,NIFTY
2022-11-09 14:01:58,18250,PE,BUY,79.5,,NIFTY
2022-11-09 14:05:20,18250,CE,SELL,48.8,0.6499999999999986,NIFTY
2022-11-09 14:05:20,18250,PE,SELL,78.75,-0.75,NIFTY
2022-11-09 14:05:20,18300,CE,BUY,30.1,,NIFTY
2022-11-09 14:05:20,18300,PE,BUY,110.1,,NIFTY
2022-11-09 14:05:23,18300,CE,SELL,29.9,-0.20000000000000284,NIFTY
2022-11-09 14:05:23,18300,PE,SELL,109.85,-0.25,NIFTY
2022-11-09 14:05:23,18250,CE,BUY,48.65,,NIFTY
2022-11-09 14:05:23,18250,PE,BUY,78.95,,NIFTY
2022-11-09 14:05:24,18250,CE,SELL,48.85,0.20000000000000284,NIFTY
2022-11-09 14:05:24,18250,PE,SELL,78.7,-0.25,NIFTY
2022-11-09 14:05:24,18300,CE,BUY,30.1,,NIFTY
2022-11-09 14:05:24,18300,PE,BUY,110.1,,NIFTY
2022-11-09 14:05:53,18300,CE,SELL,30.15,0.04999999999999716,NIFTY
2022-11-09 14:05:53,18300,PE,SELL,110.25,0.15000000000000568,NIFTY
2022-11-09 14:05:53,18250,CE,BUY,48.9,,NIFTY
2022-11-09 14:05:53,18250,PE,BUY,78.9,,NIFTY
2022-11-09 14:05:54,18250,CE,SELL,48.95,0.05000000000000426,NIFTY
2022-11-09 14:05:54,18250,PE,SELL,78.45,-0.45000000000000284,NIFTY
2022-11-09 14:05:54,18300,CE,BUY,30.25,,NIFTY
2022-11-09 14:05:54,18300,PE,BUY,110.1,,NIFTY
2022-11-09 14:17:34,18300,CE,SELL,29.5,-0.75,NIFTY
2022-11-09 14:17:34,18300,PE,SELL,110.4,0.30000000000001137,NIFTY
2022-11-09 14:17:34,18250,CE,BUY,48.0,,NIFTY
2022-11-09 14:17:34,18250,PE,BUY,78.85,,NIFTY
2022-11-09 14:40:10,18250,CE,SELL,28.65,-19.35,NIFTY
2022-11-09 14:40:10,18250,PE,SELL,106.5,27.650000000000006,NIFTY
2022-11-09 14:40:10,18200,CE,BUY,46.9,,NIFTY
2022-11-09 14:40:10,18200,PE,BUY,74.8,,NIFTY
2022-11-09 14:40:13,18200,CE,SELL,47.0,0.10000000000000142,NIFTY
2022-11-09 14:40:13,18200,PE,SELL,74.5,-0.29999999999999716,NIFTY
2022-11-09 14:40:13,18250,CE,BUY,28.6,,NIFTY
2022-11-09 14:40:13,18250,PE,BUY,106.1,,NIFTY
2022-11-09 14:40:20,18250,CE,SELL,27.85,-0.75,NIFTY
2022-11-09 14:40:20,18250,PE,SELL,106.75,0.6500000000000057,NIFTY
2022-11-09 14:40:20,18200,CE,BUY,45.95,,NIFTY
2022-11-09 14:40:20,18200,PE,BUY,74.95,,NIFTY
2022-11-09 14:40:50,18200,CE,SELL,45.25,-0.7000000000000028,NIFTY
2022-11-09 14:40:50,18200,PE,SELL,76.05,1.0999999999999943,NIFTY
2022-11-09 14:40:50,18250,CE,BUY,27.55,,NIFTY
2022-11-09 14:40:50,18250,PE,BUY,108.65,,NIFTY
2022-11-09 14:40:51,18250,CE,SELL,28.2,0.6499999999999986,NIFTY
2022-11-09 14:40:51,18250,PE,SELL,107.55,-1.1000000000000085,NIFTY
2022-11-09 14:40:51,18200,CE,BUY,46.05,,NIFTY
2022-11-09 14:40:51,18200,PE,BUY,75.65,,NIFTY
2022-11-09 14:40:52,18200,CE,SELL,45.95,-0.09999999999999432,NIFTY
2022-11-09 14:40:52,18200,PE,SELL,75.85,0.19999999999998863,NIFTY
2022-11-09 14:40:52,18250,CE,BUY,28.15,,NIFTY
2022-11-09 14:40:52,18250,PE,BUY,107.9,,NIFTY
2022-11-09 14:40:53,18250,CE,SELL,28.05,-0.09999999999999787,NIFTY
2022-11-09 14:40:53,18250,PE,SELL,108.35,0.44999999999998863,NIFTY
2022-11-09 14:40:53,18200,CE,BUY,45.8,,NIFTY
2022-11-09 14:40:53,18200,PE,BUY,76.05,,NIFTY
2022-11-09 14:40:55,18200,CE,SELL,46.9,1.1000000000000014,NIFTY
2022-11-09 14:40:55,18200,PE,SELL,74.55,-1.5,NIFTY
2022-11-09 14:40:55,18250,CE,BUY,28.75,,NIFTY
2022-11-09 14:40:55,18250,PE,BUY,106.25,,NIFTY
2022-11-09 14:41:00,18250,CE,SELL,28.25,-0.5,NIFTY
2022-11-09 14:41:00,18250,PE,SELL,108.0,1.75,NIFTY
2022-11-09 14:41:00,18200,CE,BUY,46.05,,NIFTY
2022-11-09 14:41:00,18200,PE,BUY,76.05,,NIFTY
2022-11-09 14:41:06,18200,CE,SELL,47.4,1.3500000000000014,NIFTY
2022-11-09 14:41:06,18200,PE,SELL,74.05,-2.0,NIFTY
2022-11-09 14:41:06,18250,CE,BUY,29.35,,NIFTY
2022-11-09 14:41:06,18250,PE,BUY,105.5,,NIFTY
2022-11-09 14:41:08,18250,CE,SELL,28.25,-1.1000000000000014,NIFTY
2022-11-09 14:41:08,18250,PE,SELL,109.0,3.5,NIFTY
2022-11-09 14:41:08,18200,CE,BUY,45.95,,NIFTY
2022-11-09 14:41:08,18200,PE,BUY,76.8,,NIFTY
2022-11-09 14:41:14,18200,CE,SELL,46.7,0.75,NIFTY
2022-11-09 14:41:14,18200,PE,SELL,75.95,-0.8499999999999943,NIFTY
2022-11-09 14:41:14,18250,CE,BUY,28.85,,NIFTY
2022-11-09 14:41:14,18250,PE,BUY,107.8,,NIFTY
2022-11-09 14:41:15,18250,CE,SELL,28.85,0.0,NIFTY
2022-11-09 14:41:15,18250,PE,SELL,108.4,0.6000000000000085,NIFTY
2022-11-09 14:41:15,18200,CE,BUY,46.7,,NIFTY
2022-11-09 14:41:15,18200,PE,BUY,76.2,,NIFTY
2022-11-09 14:41:19,18200,CE,SELL,47.85,1.1499999999999986,NIFTY
2022-11-09 14:41:19,18200,PE,SELL,74.55,-1.6500000000000057,NIFTY
2022-11-09 14:41:19,18250,CE,BUY,29.5,,NIFTY
2022-11-09 14:41:19,18250,PE,BUY,106.4,,NIFTY
2022-11-09 14:41:21,18250,CE,SELL,29.15,-0.3500000000000014,NIFTY
2022-11-09 14:41:21,18250,PE,SELL,107.1,0.6999999999999886,NIFTY
2022-11-09 14:41:21,18200,CE,BUY,47.25,,NIFTY
2022-11-09 14:41:21,18200,PE,BUY,75.4,,NIFTY
2022-11-09 14:41:24,18200,CE,SELL,47.5,0.25,NIFTY
2022-11-09 14:41:24,18200,PE,SELL,75.65,0.25,NIFTY
2022-11-09 14:41:24,18250,CE,BUY,29.35,,NIFTY
2022-11-09 14:41:24,18250,PE,BUY,107.75,,NIFTY
2022-11-09 14:41:25,18250,CE,SELL,29.35,0.0,NIFTY
2022-11-09 14:41:25,18250,PE,SELL,107.0,-0.75,NIFTY
2022-11-09 14:41:25,18200,CE,BUY,47.6,,NIFTY
2022-11-09 14:41:25,18200,PE,BUY,74.95,,NIFTY
2022-11-09 14:41:27,18200,CE,SELL,48.0,0.3999999999999986,NIFTY
2022-11-09 14:41:27,18200,PE,SELL,75.35,0.3999999999999915,NIFTY
2022-11-09 14:41:27,18250,CE,BUY,29.65,,NIFTY
2022-11-09 14:41:27,18250,PE,BUY,107.2,,NIFTY
2022-11-09 14:41:31,18250,CE,SELL,29.45,-0.1999999999999993,NIFTY
2022-11-09 14:41:31,18250,PE,SELL,107.05,-0.15000000000000568,NIFTY
2022-11-09 14:41:31,18200,CE,BUY,47.55,,NIFTY
2022-11-09 14:41:31,18200,PE,BUY,75.25,,NIFTY
2022-11-09 14:41:32,18200,CE,SELL,46.95,-0.5999999999999943,NIFTY
2022-11-09 14:41:32,18200,PE,SELL,75.85,0.5999999999999943,NIFTY
2022-11-09 14:41:32,18250,CE,BUY,29.05,,NIFTY
2022-11-09 14:41:32,18250,PE,BUY,107.9,,NIFTY
2022-11-09 14:41:33,18250,CE,SELL,29.4,0.34999999999999787,NIFTY
2022-11-09 14:41:33,18250,PE,SELL,107.05,-0.8500000000000085,NIFTY
2022-11-09 14:41:33,18200,CE,BUY,47.3,,NIFTY
2022-11-09 14:41:33,18200,PE,BUY,75.3,,NIFTY
2022-11-09 14:41:36,18200,CE,SELL,48.0,0.7000000000000028,NIFTY
2022-11-09 14:41:36,18200,PE,SELL,74.5,-0.7999999999999972,NIFTY
2022-11-09 14:41:36,18250,CE,BUY,29.7,,NIFTY
2022-11-09 14:41:36,18250,PE,BUY,105.9,,NIFTY
2022-11-09 14:41:39,18250,CE,SELL,29.4,-0.3000000000000007,NIFTY
2022-11-09 14:41:39,18250,PE,SELL,106.95,1.0499999999999972,NIFTY
2022-11-09 14:41:39,18200,CE,BUY,47.4,,NIFTY
2022-11-09 14:41:39,18200,PE,BUY,75.0,,NIFTY
2022-11-09 14:41:41,18200,CE,SELL,47.65,0.25,NIFTY
2022-11-09 14:41:41,18200,PE,SELL,75.0,0.0,NIFTY
2022-11-09 14:41:41,18250,CE,BUY,29.5,,NIFTY
2022-11-09 14:41:41,18250,PE,BUY,107.0,,NIFTY
2022-11-09 14:42:06,18250,CE,SELL,29.25,-0.25,NIFTY
2022-11-09 14:42:06,18250,PE,SELL,109.0,2.0,NIFTY
2022-11-09 14:42:06,18200,CE,BUY,47.05,,NIFTY
2022-11-09 14:42:06,18200,PE,BUY,76.9,,NIFTY
2022-11-09 14:42:44,18200,CE,SELL,47.8,0.75,NIFTY
2022-11-09 14:42:44,18200,PE,SELL,76.75,-0.15000000000000568,NIFTY
2022-11-09 14:42:44,18250,CE,BUY,29.8,,NIFTY
2022-11-09 14:42:44,18250,PE,BUY,108.75,,NIFTY
2022-11-09 14:42:48,18250,CE,SELL,29.2,-0.6000000000000014,NIFTY
2022-11-09 14:42:48,18250,PE,SELL,110.25,1.5,NIFTY
2022-11-09 14:42:48,18200,CE,BUY,46.75,,NIFTY
2022-11-09 14:42:48,18200,PE,BUY,78.0,,NIFTY
2022-11-09 14:42:56,18200,CE,SELL,47.7,0.9500000000000028,NIFTY
2022-11-09 14:42:56,18200,PE,SELL,76.15,-1.8499999999999943,NIFTY
2022-11-09 14:42:56,18250,CE,BUY,29.7,,NIFTY
2022-11-09 14:42:56,18250,PE,BUY,107.9,,NIFTY
2022-11-09 14:42:57,18250,CE,SELL,29.9,0.1999999999999993,NIFTY
2022-11-09 14:42:57,18250,PE,SELL,108.1,0.19999999999998863,NIFTY
2022-11-09 14:42:57,18200,CE,BUY,48.0,,NIFTY
2022-11-09 14:42:57,18200,PE,BUY,75.8,,NIFTY
2022-11-09 14:43:00,18200,CE,SELL,47.65,-0.3500000000000014,NIFTY
2022-11-09 14:43:00,18200,PE,SELL,76.1,0.29999999999999716,NIFTY
2022-11-09 14:43:00,18250,CE,BUY,29.65,,NIFTY
2022-11-09 14:43:00,18250,PE,BUY,108.3,,NIFTY
2022-11-09 14:43:07,18250,CE,SELL,29.85,0.20000000000000284,NIFTY
2022-11-09 14:43:07,18250,PE,SELL,108.8,0.5,NIFTY
2022-11-09 14:43:07,18200,CE,BUY,47.95,,NIFTY
2022-11-09 14:43:07,18200,PE,BUY,76.85,,NIFTY
2022-11-09 14:43:08,18200,CE,SELL,48.15,0.19999999999999574,NIFTY
2022-11-09 14:43:08,18200,PE,SELL,76.0,-0.8499999999999943,NIFTY
2022-11-09 14:43:08,18250,CE,BUY,30.05,,NIFTY
2022-11-09 14:43:08,18250,PE,BUY,107.75,,NIFTY
2022-11-09 14:43:23,18250,CE,SELL,29.85,-0.1999999999999993,NIFTY
2022-11-09 14:43:23,18250,PE,SELL,108.7,0.9500000000000028,NIFTY
2022-11-09 14:43:23,18200,CE,BUY,48.0,,NIFTY
2022-11-09 14:43:23,18200,PE,BUY,76.85,,NIFTY
2022-11-09 15:01:24,18200,CE,SELL,47.9,-0.10000000000000142,NIFTY
2022-11-09 15:01:24,18200,PE,SELL,76.5,-0.3499999999999943,NIFTY
2022-11-09 15:01:24,18250,CE,BUY,29.7,,NIFTY
2022-11-09 15:01:24,18250,PE,BUY,107.5,,NIFTY
2022-11-09 15:01:31,18250,CE,SELL,28.3,-1.3999999999999986,NIFTY
2022-11-09 15:01:31,18250,PE,SELL,111.55,4.049999999999997,NIFTY
2022-11-09 15:01:31,18200,CE,BUY,46.1,,NIFTY
2022-11-09 15:01:31,18200,PE,BUY,79.4,,NIFTY
2022-11-09 15:01:39,18200,CE,SELL,47.25,1.1499999999999986,NIFTY
2022-11-09 15:01:39,18200,PE,SELL,77.65,-1.75,NIFTY
2022-11-09 15:01:39,18250,CE,BUY,29.4,,NIFTY
2022-11-09 15:01:39,18250,PE,BUY,109.45,,NIFTY
2022-11-09 15:01:41,18250,CE,SELL,29.15,-0.25,NIFTY
2022-11-09 15:01:41,18250,PE,SELL,109.95,0.5,NIFTY
2022-11-09 15:01:41,18200,CE,BUY,46.8,,NIFTY
2022-11-09 15:01:41,18200,PE,BUY,77.9,,NIFTY
2022-11-09 15:01:42,18200,CE,SELL,46.8,0.0,NIFTY
2022-11-09 15:01:42,18200,PE,SELL,77.25,-0.6500000000000057,NIFTY
2022-11-09 15:01:42,18250,CE,BUY,29.2,,NIFTY
2022-11-09 15:01:42,18250,PE,BUY,109.45,,NIFTY
2022-11-09 15:01:43,18250,CE,SELL,29.3,0.10000000000000142,NIFTY
2022-11-09 15:01:43,18250,PE,SELL,109.1,-0.3500000000000085,NIFTY
2022-11-09 15:01:43,18200,CE,BUY,46.9,,NIFTY
2022-11-09 15:01:43,18200,PE,BUY,77.45,,NIFTY
2022-11-09 15:01:56,18200,CE,SELL,47.55,0.6499999999999986,NIFTY
2022-11-09 15:01:56,18200,PE,SELL,76.4,-1.0499999999999972,NIFTY
2022-11-09 15:01:56,18250,CE,BUY,29.55,,NIFTY
2022-11-09 15:01:56,18250,PE,BUY,108.1,,NIFTY
2022-11-09 15:03:20,18250,CE,SELL,28.7,-0.8500000000000014,NIFTY
2022-11-09 15:03:20,18250,PE,SELL,109.8,1.7000000000000028,NIFTY
2022-11-09 15:03:20,18200,CE,BUY,46.35,,NIFTY
2022-11-09 15:03:20,18200,PE,BUY,77.7,,NIFTY
2022-11-09 15:03:45,18200,CE,SELL,46.15,-0.20000000000000284,NIFTY
2022-11-09 15:03:45,18200,PE,SELL,76.1,-1.6000000000000085,NIFTY
2022-11-09 15:03:45,18250,CE,BUY,28.55,,NIFTY
2022-11-09 15:03:45,18250,PE,BUY,108.0,,NIFTY
2022-11-09 15:15:41,18250,CE,SELL,26.75,-1.8000000000000007,NIFTY
2022-11-09 15:15:41,18250,PE,SELL,103.5,-4.5,NIFTY
2022-11-09 15:15:41,18200,CE,BUY,44.5,,NIFTY
2022-11-09 15:15:41,18200,PE,BUY,71.25,,NIFTY
2022-11-09 15:15:47,18200,CE,SELL,45.8,1.2999999999999972,NIFTY
2022-11-09 15:15:47,18200,PE,SELL,70.3,-0.9500000000000028,NIFTY
2022-11-09 15:15:47,18250,CE,BUY,27.5,,NIFTY
2022-11-09 15:15:47,18250,PE,BUY,102.35,,NIFTY
2022-11-09 15:16:15,18250,CE,SELL,27.45,-0.05000000000000071,NIFTY
2022-11-09 15:16:15,18250,PE,SELL,103.45,1.1000000000000085,NIFTY
2022-11-09 15:16:15,18200,CE,BUY,45.7,,NIFTY
2022-11-09 15:16:15,18200,PE,BUY,71.25,,NIFTY
2022-11-09 15:16:16,18200,CE,SELL,45.35,-0.3500000000000014,NIFTY
2022-11-09 15:16:16,18200,PE,SELL,70.8,-0.45000000000000284,NIFTY
2022-11-09 15:16:16,18250,CE,BUY,27.2,,NIFTY
2022-11-09 15:16:16,18250,PE,BUY,102.55,,NIFTY
2022-11-09 15:16:20,18250,CE,SELL,27.35,0.15000000000000213,NIFTY
2022-11-09 15:16:20,18250,PE,SELL,102.85,0.29999999999999716,NIFTY
2022-11-09 15:16:20,18200,CE,BUY,45.3,,NIFTY
2022-11-09 15:16:20,18200,PE,BUY,70.8,,NIFTY
2022-11-09 15:16:21,18200,CE,SELL,45.1,-0.19999999999999574,NIFTY
2022-11-09 15:16:21,18200,PE,SELL,71.0,0.20000000000000284,NIFTY
2022-11-09 15:16:21,18250,CE,BUY,27.25,,NIFTY
2022-11-09 15:16:21,18250,PE,BUY,103.45,,NIFTY
2022-11-09 15:16:22,18250,CE,SELL,27.0,-0.25,NIFTY
2022-11-09 15:16:22,18250,PE,SELL,104.65,1.2000000000000028,NIFTY
2022-11-09 15:16:22,18200,CE,BUY,45.1,,NIFTY
2022-11-09 15:16:22,18200,PE,BUY,72.3,,NIFTY
2022-11-09 15:30:00,18200,CE,SELL,29.2,-15.900000000000002,NIFTY
2022-11-09 15:30:00,18200,PE,SELL,89.9,17.60000000000001,NIFTY
2022-11-10 09:15:00,18100,CE,BUY,35.4,,NIFTY
2022-11-10 09:15:00,18100,PE,BUY,58.05,,NIFTY
2022-11-10 09:15:08,18100,CE,SELL,32.35,-3.049999999999997,NIFTY
2022-11-10 09:15:08,18100,PE,SELL,48.8,-9.25,NIFTY
2022-11-10 09:15:08,18150,CE,BUY,16.65,,NIFTY
2022-11-10 09:15:08,18150,PE,BUY,80.0,,NIFTY
2022-11-10 09:16:01,18150,CE,SELL,14.95,-1.6999999999999993,NIFTY
2022-11-10 09:16:01,18150,PE,SELL,94.15,14.150000000000006,NIFTY
2022-11-10 09:16:01,18100,CE,BUY,30.6,,NIFTY
2022-11-10 09:16:01,18100,PE,BUY,59.3,,NIFTY
2022-11-10 09:16:08,18100,CE,SELL,29.9,-0.7000000000000028,NIFTY
2022-11-10 09:16:08,18100,PE,SELL,56.85,-2.4499999999999957,NIFTY
2022-11-10 09:16:08,18150,CE,BUY,14.65,,NIFTY
2022-11-10 09:16:08,18150,PE,BUY,91.1,,NIFTY
2022-11-10 09:16:13,18150,CE,SELL,14.75,0.09999999999999964,NIFTY
2022-11-10 09:16:13,18150,PE,SELL,93.75,2.6500000000000057,NIFTY
2022-11-10 09:16:13,18100,CE,BUY,30.25,,NIFTY
2022-11-10 09:16:13,18100,PE,BUY,59.15,,NIFTY
2022-11-10 09:18:14,18100,CE,SELL,27.55,-2.6999999999999993,NIFTY
2022-11-10 09:18:14,18100,PE,SELL,57.55,-1.6000000000000014,NIFTY
2022-11-10 09:18:14,18150,CE,BUY,13.15,,NIFTY
2022-11-10 09:18:14,18150,PE,BUY,92.95,,NIFTY
2022-11-10 09:18:16,18150,CE,SELL,12.9,-0.25,NIFTY
2022-11-10 09:18:16,18150,PE,SELL,94.2,1.25,NIFTY
2022-11-10 09:18:16,18100,CE,BUY,27.45,,NIFTY
2022-11-10 09:18:16,18100,PE,BUY,58.45,,NIFTY
2022-11-10 09:18:39,18100,CE,SELL,27.45,0.0,NIFTY
2022-11-10 09:18:39,18100,PE,SELL,55.75,-2.700000000000003,NIFTY
2022-11-10 09:18:39,18150,CE,BUY,12.95,,NIFTY
2022-11-10 09:18:39,18150,PE,BUY,90.9,,NIFTY
2022-11-10 09:23:50,18150,CE,SELL,12.25,-0.6999999999999993,NIFTY
2022-11-10 09:23:50,18150,PE,SELL,92.45,1.5499999999999972,NIFTY
2022-11-10 09:23:50,18100,CE,BUY,26.3,,NIFTY
2022-11-10 09:23:50,18100,PE,BUY,56.45,,NIFTY
2022-11-10 09:25:18,18100,CE,SELL,25.4,-0.9000000000000021,NIFTY
2022-11-10 09:25:18,18100,PE,SELL,57.5,1.0499999999999972,NIFTY
2022-11-10 09:25:18,18150,CE,BUY,11.8,,NIFTY
2022-11-10 09:25:18,18150,PE,BUY,93.85,,NIFTY
2022-11-10 09:25:19,18150,CE,SELL,11.8,0.0,NIFTY
2022-11-10 09:25:19,18150,PE,SELL,94.2,0.3500000000000085,NIFTY
2022-11-10 09:25:19,18100,CE,BUY,25.4,,NIFTY
2022-11-10 09:25:19,18100,PE,BUY,57.3,,NIFTY
2022-11-10 09:27:01,18100,CE,SELL,25.4,0.0,NIFTY
2022-11-10 09:27:01,18100,PE,SELL,55.9,-1.3999999999999986,NIFTY
2022-11-10 09:27:01,18150,CE,BUY,11.9,,NIFTY
2022-11-10 09:27:01,18150,PE,BUY,92.25,,NIFTY
2022-11-10 09:28:10,18150,CE,SELL,11.4,-0.5,NIFTY
2022-11-10 09:28:10,18150,PE,SELL,93.2,0.9500000000000028,NIFTY
2022-11-10 09:28:10,18100,CE,BUY,24.65,,NIFTY
2022-11-10 09:28:10,18100,PE,BUY,56.6,,NIFTY
2022-11-10 09:28:53,18100,CE,SELL,24.65,0.0,NIFTY
2022-11-10 09:28:53,18100,PE,SELL,57.65,1.0499999999999972,NIFTY
2022-11-10 09:28:53,18150,CE,BUY,11.4,,NIFTY
2022-11-10 09:28:53,18150,PE,BUY,94.0,,NIFTY
2022-11-10 09:28:54,18150,CE,SELL,11.15,-0.25,NIFTY
2022-11-10 09:28:54,18150,PE,SELL,95.4,1.4000000000000057,NIFTY
2022-11-10 09:28:54,18100,CE,BUY,24.35,,NIFTY
2022-11-10 09:28:54,18100,PE,BUY,58.45,,NIFTY
2022-11-10 09:30:07,18100,CE,SELL,24.0,-0.3500000000000014,NIFTY
2022-11-10 09:30:07,18100,PE,SELL,56.05,-2.4000000000000057,NIFTY
2022-11-10 09:30:07,18150,CE,BUY,10.95,,NIFTY
2022-11-10 09:30:07,18150,PE,BUY,92.9,,NIFTY
2022-11-10 09:30:08,18150,CE,SELL,11.0,0.05000000000000071,NIFTY
2022-11-10 09:30:08,18150,PE,SELL,93.9,1.0,NIFTY
2022-11-10 09:30:08,18100,CE,BUY,24.1,,NIFTY
2022-11-10 09:30:08,18100,PE,BUY,56.9,,NIFTY
2022-11-10 09:30:13,18100,CE,SELL,24.25,0.14999999999999858,NIFTY
2022-11-10 09:30:13,18100,PE,SELL,55.25,-1.6499999999999986,NIFTY
2022-11-10 09:30:13,18150,CE,BUY,11.05,,NIFTY
2022-11-10 09:30:13,18150,PE,BUY,91.9,,NIFTY
2022-11-10 09:30:14,18150,CE,SELL,11.25,0.1999999999999993,NIFTY
2022-11-10 09:30:14,18150,PE,SELL,91.7,-0.20000000000000284,NIFTY
2022-11-10 09:30:14,18100,CE,BUY,24.5,,NIFTY
2022-11-10 09:30:14,18100,PE,BUY,55.0,,NIFTY
2022-11-10 09:30:15,18100,CE,SELL,24.6,0.10000000000000142,NIFTY
2022-11-10 09:30:15,18100,PE,SELL,54.3,-0.7000000000000028,NIFTY
2022-11-10 09:30:15,18150,CE,BUY,11.2,,NIFTY
2022-11-10 09:30:15,18150,PE,BUY,91.25,,NIFTY
2022-11-10 09:30:16,18150,CE,SELL,11.0,-0.1999999999999993,NIFTY
2022-11-10 09:30:16,18150,PE,SELL,92.25,1.0,NIFTY
2022-11-10 09:30:16,18100,CE,BUY,24.2,,NIFTY
2022-11-10 09:30:16,18100,PE,BUY,55.15,,NIFTY
2022-11-10 09:50:01,18100,CE,SELL,11.65,-12.549999999999999,NIFTY
2022-11-10 09:50:01,18100,PE,SELL,94.6,39.449999999999996,NIFTY
2022-11-10 09:50:01,18050,CE,BUY,23.8,,NIFTY
2022-11-10 09:50:01,18050,PE,BUY,57.0,,NIFTY
2022-11-10 09:50:10,18050,CE,SELL,24.95,1.1499999999999986,NIFTY
2022-11-10 09:50:10,18050,PE,SELL,52.9,-4.100000000000001,NIFTY
2022-11-10 09:50:10,18100,CE,BUY,12.0,,NIFTY
2022-11-10 09:50:10,18100,PE,BUY,90.05,,NIFTY
2022-11-10 11:34:04,18100,CE,SELL,13.35,1.3499999999999996,NIFTY
2022-11-10 11:34:04,18100,PE,SELL,46.95,-43.099999999999994,NIFTY
2022-11-10 11:34:04,18150,CE,BUY,3.75,,NIFTY
2022-11-10 11:34:04,18150,PE,BUY,87.45,,NIFTY
2022-11-10 11:34:08,18150,CE,SELL,3.6,-0.1499999999999999,NIFTY
2022-11-10 11:34:08,18150,PE,SELL,89.85,2.3999999999999915,NIFTY
2022-11-10 11:34:08,18100,CE,BUY,12.75,,NIFTY
2022-11-10 11:34:08,18100,PE,BUY,48.8,,NIFTY
2022-11-10 11:34:11,18100,CE,SELL,12.55,-0.1999999999999993,NIFTY
2022-11-10 11:34:11,18100,PE,SELL,48.2,-0.5999999999999943,NIFTY
2022-11-10 11:34:11,18150,CE,BUY,3.55,,NIFTY
2022-11-10 11:34:11,18150,PE,BUY,88.9,,NIFTY
2022-11-10 11:34:12,18150,CE,SELL,3.55,0.0,NIFTY
2022-11-10 11:34:12,18150,PE,SELL,88.5,-0.4000000000000057,NIFTY
2022-11-10 11:34:12,18100,CE,BUY,12.65,,NIFTY
2022-11-10 11:34:12,18100,PE,BUY,47.8,,NIFTY
2022-11-10 11:34:13,18100,CE,SELL,13.0,0.34999999999999964,NIFTY
2022-11-10 11:34:13,18100,PE,SELL,47.45,-0.3499999999999943,NIFTY
2022-11-10 11:34:13,18150,CE,BUY,3.65,,NIFTY
2022-11-10 11:34:13,18150,PE,BUY,88.15,,NIFTY
2022-11-10 11:34:15,18150,CE,SELL,3.8,0.1499999999999999,NIFTY
2022-11-10 11:34:15,18150,PE,SELL,87.2,-0.9500000000000028,NIFTY
2022-11-10 11:34:15,18100,CE,BUY,13.25,,NIFTY
2022-11-10 11:34:15,18100,PE,BUY,46.85,,NIFTY
2022-11-10 11:34:16,18100,CE,SELL,13.0,-0.25,NIFTY
2022-11-10 11:34:16,18100,PE,SELL,46.95,0.10000000000000142,NIFTY
2022-11-10 11:34:16,18150,CE,BUY,3.7,,NIFTY
2022-11-10 11:34:16,18150,PE,BUY,87.35,,NIFTY
2022-11-10 11:34:26,18150,CE,SELL,3.75,0.04999999999999982,NIFTY
2022-11-10 11:34:26,18150,PE,SELL,86.7,-0.6499999999999915,NIFTY
2022-11-10 11:34:26,18100,CE,BUY,13.25,,NIFTY
2022-11-10 11:34:26,18100,PE,BUY,46.1,,NIFTY
2022-11-10 11:34:27,18100,CE,SELL,13.45,0.1999999999999993,NIFTY
2022-11-10 11:34:27,18100,PE,SELL,45.85,-0.25,NIFTY
2022-11-10 11:34:27,18150,CE,BUY,3.9,,NIFTY
2022-11-10 11:34:27,18150,PE,BUY,86.25,,NIFTY
2022-11-10 11:34:36,18150,CE,SELL,4.25,0.3500000000000001,NIFTY
2022-11-10 11:34:36,18150,PE,SELL,87.1,0.8499999999999943,NIFTY
2022-11-10 11:34:36,18100,CE,BUY,13.9,,NIFTY
2022-11-10 11:34:36,18100,PE,BUY,46.5,,NIFTY
2022-11-10 11:34:37,18100,CE,SELL,13.55,-0.34999999999999964,NIFTY
2022-11-10 11:34:37,18100,PE,SELL,46.8,0.29999999999999716,NIFTY
2022-11-10 11:34:37,18150,CE,BUY,4.15,,NIFTY
2022-11-10 11:34:37,18150,PE,BUY,86.75,,NIFTY
2022-11-10 11:34:38,18150,CE,SELL,4.1,-0.05000000000000071,NIFTY
2022-11-10 11:34:38,18150,PE,SELL,87.1,0.3499999999999943,NIFTY
2022-11-10 11:34:38,18100,CE,BUY,13.5,,NIFTY
2022-11-10 11:34:38,18100,PE,BUY,46.65,,NIFTY
2022-11-10 11:34:43,18100,CE,SELL,13.25,-0.25,NIFTY
2022-11-10 11:34:43,18100,PE,SELL,47.8,1.1499999999999986,NIFTY
2022-11-10 11:34:43,18150,CE,BUY,4.05,,NIFTY
2022-11-10 11:34:43,18150,PE,BUY,88.55,,NIFTY
2022-11-10 11:34:44,18150,CE,SELL,3.95,-0.09999999999999964,NIFTY
2022-11-10 11:34:44,18150,PE,SELL,89.9,1.3500000000000085,NIFTY
2022-11-10 11:34:44,18100,CE,BUY,13.0,,NIFTY
2022-11-10 11:34:44,18100,PE,BUY,48.8,,NIFTY
2022-11-10 11:35:05,18100,CE,SELL,13.4,0.40000000000000036,NIFTY
2022-11-10 11:35:05,18100,PE,SELL,47.5,-1.2999999999999972,NIFTY
2022-11-10 11:35:05,18150,CE,BUY,4.1,,NIFTY
2022-11-10 11:35:05,18150,PE,BUY,88.05,,NIFTY
2022-11-10 11:35:09,18150,CE,SELL,3.8,-0.2999999999999998,NIFTY
2022-11-10 11:35:09,18150,PE,SELL,90.5,2.450000000000003,NIFTY
2022-11-10 11:35:09,18100,CE,BUY,12.7,,NIFTY
2022-11-10 11:35:09,18100,PE,BUY,49.3,,NIFTY
2022-11-10 11:38:35,18100,CE,SELL,13.3,0.6000000000000014,NIFTY
2022-11-10 11:38:35,18100,PE,SELL,49.2,-0.09999999999999432,NIFTY
2022-11-10 11:38:35,18150,CE,BUY,4.0,,NIFTY
2022-11-10 11:38:35,18150,PE,BUY,90.1,,NIFTY
2022-11-10 11:38:36,18150,CE,SELL,4.0,0.0,NIFTY
2022-11-10 11:38:36,18150,PE,SELL,90.05,-0.04999999999999716,NIFTY
2022-11-10 11:38:36,18100,CE,BUY,13.1,,NIFTY
2022-11-10 11:38:36,18100,PE,BUY,49.1,,NIFTY
2022-11-10 11:38:39,18100,CE,SELL,13.2,0.09999999999999964,NIFTY
2022-11-10 11:38:39,18100,PE,SELL,49.65,0.5499999999999972,NIFTY
2022-11-10 11:38:39,18150,CE,BUY,4.0,,NIFTY
2022-11-10 11:38:39,18150,PE,BUY,90.65,,NIFTY
2022-11-10 11:38:40,18150,CE,SELL,4.0,0.0,NIFTY
2022-11-10 11:38:40,18150,PE,SELL,91.0,0.3499999999999943,NIFTY
2022-11-10 11:38:40,18100,CE,BUY,13.05,,NIFTY
2022-11-10 11:38:40,18100,PE,BUY,49.9,,NIFTY
2022-11-10 11:39:06,18100,CE,SELL,13.8,0.75,NIFTY
2022-11-10 11:39:06,18100,PE,SELL,47.35,-2.549999999999997,NIFTY
2022-11-10 11:39:06,18150,CE,BUY,4.15,,NIFTY
2022-11-10 11:39:06,18150,PE,BUY,87.85,,NIFTY
2022-11-10 11:39:07,18150,CE,SELL,4.1,-0.05000000000000071,NIFTY
2022-11-10 11:39:07,18150,PE,SELL,88.9,1.0500000000000114,NIFTY
2022-11-10 11:39:07,18100,CE,BUY,13.35,,NIFTY
2022-11-10 11:39:07,18100,PE,BUY,48.3,,NIFTY
2022-11-10 11:39:09,18100,CE,SELL,13.5,0.15000000000000036,NIFTY
2022-11-10 11:39:09,18100,PE,SELL,48.15,-0.14999999999999858,NIFTY
2022-11-10 11:39:09,18150,CE,BUY,4.1,,NIFTY
2022-11-10 11:39:09,18150,PE,BUY,88.9,,NIFTY
2022-11-10 11:39:10,18150,CE,SELL,4.1,0.0,NIFTY
2022-11-10 11:39:10,18150,PE,SELL,88.9,0.0,NIFTY
2022-11-10 11:39:10,18100,CE,BUY,13.55,,NIFTY
2022-11-10 11:39:10,18100,PE,BUY,48.15,,NIFTY
2022-11-10 11:39:13,18100,CE,SELL,13.5,-0.05000000000000071,NIFTY
2022-11-10 11:39:13,18100,PE,SELL,47.95,-0.19999999999999574,NIFTY
2022-11-10 11:39:13,18150,CE,BUY,4.15,,NIFTY
2022-11-10 11:39:13,18150,PE,BUY,88.65,,NIFTY
2022-11-10 11:39:17,18150,CE,SELL,4.05,-0.10000000000000053,NIFTY
2022-11-10 11:39:17,18150,PE,SELL,89.55,0.8999999999999915,NIFTY
2022-11-10 11:39:17,18100,CE,BUY,13.2,,NIFTY
2022-11-10 11:39:17,18100,PE,BUY,48.8,,NIFTY
2022-11-10 11:39:22,18100,CE,SELL,12.95,-0.25,NIFTY
2022-11-10 11:39:22,18100,PE,SELL,49.55,0.75,NIFTY
2022-11-10 11:39:22,18150,CE,BUY,4.0,,NIFTY
2022-11-10 11:39:22,18150,PE,BUY,90.7,,NIFTY
2022-11-10 11:39:23,18150,CE,SELL,3.95,-0.04999999999999982,NIFTY
2022-11-10 11:39:23,18150,PE,SELL,91.55,0.8499999999999943,NIFTY
2022-11-10 11:39:23,18100,CE,BUY,12.75,,NIFTY
2022-11-10 11:39:23,18100,PE,BUY,50.2,,NIFTY
2022-11-10 11:39:29,18100,CE,SELL,13.5,0.75,NIFTY
2022-11-10 11:39:29,18100,PE,SELL,48.45,-1.75,NIFTY
2022-11-10 11:39:29,18150,CE,BUY,4.1,,NIFTY
2022-11-10 11:39:29,18150,PE,BUY,89.3,,NIFTY
2022-11-10 11:39:34,18150,CE,SELL,4.1,0.0,NIFTY
2022-11-10 11:39:34,18150,PE,SELL,89.5,0.20000000000000284,NIFTY
2022-11-10 11:39:34,18100,CE,BUY,13.25,,NIFTY
2022-11-10 11:39:34,18100,PE,BUY,48.9,,NIFTY
2022-11-10 12:12:39,18100,CE,SELL,5.05,-8.2,NIFTY
2022-11-10 12:12:39,18100,PE,SELL,87.0,38.1,NIFTY
2022-11-10 12:12:39,18050,CE,BUY,14.0,,NIFTY
2022-11-10 12:12:39,18050,PE,BUY,45.8,,NIFTY
2022-11-10 12:12:42,18050,CE,SELL,14.2,0.1999999999999993,NIFTY
2022-11-10 12:12:42,18050,PE,SELL,44.95,-0.8499999999999943,NIFTY
2022-11-10 12:12:42,18100,CE,BUY,5.05,,NIFTY
2022-11-10 12:12:42,18100,PE,BUY,85.75,,NIFTY
2022-11-10 12:15:03,18100,CE,SELL,4.75,-0.2999999999999998,NIFTY
2022-11-10 12:15:03,18100,PE,SELL,87.05,1.2999999999999972,NIFTY
2022-11-10 12:15:03,18050,CE,BUY,13.65,,NIFTY
2022-11-10 12:15:03,18050,PE,BUY,46.1,,NIFTY
2022-11-10 12:15:05,18050,CE,SELL,14.0,0.34999999999999964,NIFTY
2022-11-10 12:15:05,18050,PE,SELL,45.3,-0.8000000000000043,NIFTY
2022-11-10 12:15:05,18100,CE,BUY,4.85,,NIFTY
2022-11-10 12:15:05,18100,PE,BUY,86.05,,NIFTY
2022-11-10 12:17:06,18100,CE,SELL,4.55,-0.2999999999999998,NIFTY
2022-11-10 12:17:06,18100,PE,SELL,90.15,4.1000000000000085,NIFTY
2022-11-10 12:17:06,18050,CE,BUY,12.8,,NIFTY
2022-11-10 12:17:06,18050,PE,BUY,48.6,,NIFTY
2022-11-10 12:21:05,18050,CE,SELL,13.65,0.8499999999999996,NIFTY
2022-11-10 12:21:05,18050,PE,SELL,46.3,-2.3000000000000043,NIFTY
2022-11-10 12:21:05,18100,CE,BUY,4.9,,NIFTY
2022-11-10 12:21:05,18100,PE,BUY,87.55,,NIFTY
2022-11-10 12:21:06,18100,CE,SELL,4.9,0.0,NIFTY
2022-11-10 12:21:06,18100,PE,SELL,87.6,0.04999999999999716,NIFTY
2022-11-10 12:21:06,18050,CE,BUY,13.6,,NIFTY
2022-11-10 12:21:06,18050,PE,BUY,46.4,,NIFTY
2022-11-10 13:50:51,18050,CE,SELL,10.7,-2.9000000000000004,NIFTY
2022-11-10 13:50:51,18050,PE,SELL,38.45,-7.949999999999996,NIFTY
2022-11-10 13:50:51,18100,CE,BUY,2.65,,NIFTY
2022-11-10 13:50:51,18100,PE,BUY,80.7,,NIFTY
2022-11-10 13:50:56,18100,CE,SELL,2.3,-0.3500000000000001,NIFTY
2022-11-10 13:50:56,18100,PE,SELL,83.8,3.0999999999999943,NIFTY
2022-11-10 13:50:56,18050,CE,BUY,9.0,,NIFTY
2022-11-10 13:50:56,18050,PE,BUY,40.5,,NIFTY
2022-11-10 13:50:58,18050,CE,SELL,9.25,0.25,NIFTY
2022-11-10 13:50:58,18050,PE,SELL,40.0,-0.5,NIFTY
2022-11-10 13:50:58,18100,CE,BUY,2.3,,NIFTY
2022-11-10 13:50:58,18100,PE,BUY,82.9,,NIFTY
2022-11-10 13:51:01,18100,CE,SELL,2.4,0.10000000000000009,NIFTY
2022-11-10 13:51:01,18100,PE,SELL,83.2,0.29999999999999716,NIFTY
2022-11-10 13:51:01,18050,CE,BUY,9.2,,NIFTY
2022-11-10 13:51:01,18050,PE,BUY,40.15,,NIFTY
2022-11-10 13:51:02,18050,CE,SELL,9.15,-0.049999999999998934,NIFTY
2022-11-10 13:51:02,18050,PE,SELL,40.95,0.8000000000000043,NIFTY
2022-11-10 13:51:02,18100,CE,BUY,2.3,,NIFTY
2022-11-10 13:51:02,18100,PE,BUY,84.4,,NIFTY
2022-11-10 13:51:05,18100,CE,SELL,2.4,0.10000000000000009,NIFTY
2022-11-10 13:51:05,18100,PE,SELL,83.4,-1.0,NIFTY
2022-11-10 13:51:05,18050,CE,BUY,9.4,,NIFTY
2022-11-10 13:51:05,18050,PE,BUY,40.65,,NIFTY
2022-11-10 13:51:06,18050,CE,SELL,9.5,0.09999999999999964,NIFTY
2022-11-10 13:51:06,18050,PE,SELL,40.0,-0.6499999999999986,NIFTY
2022-11-10 13:51:06,18100,CE,BUY,2.35,,NIFTY
2022-11-10 13:51:06,18100,PE,BUY,82.95,,NIFTY
2022-11-10 13:51:08,18100,CE,SELL,2.4,0.04999999999999982,NIFTY
2022-11-10 13:51:08,18100,PE,SELL,84.65,1.7000000000000028,NIFTY
2022-11-10 13:51:08,18050,CE,BUY,9.15,,NIFTY
2022-11-10 13:51:08,18050,PE,BUY,41.5,,NIFTY
2022-11-10 15:00:01,18050,CE,SELL,2.65,-6.5,NIFTY
2022-11-10 15:00:01,18050,PE,SELL,32.6,-8.899999999999999,NIFTY
2022-11-10 15:00:01,18100,CE,BUY,0.4,,NIFTY
2022-11-10 15:00:01,18100,PE,BUY,80.0,,NIFTY
2022-11-10 15:00:15,18100,CE,SELL,0.4,0.0,NIFTY
2022-11-10 15:00:15,18100,PE,SELL,84.25,4.25,NIFTY
2022-11-10 15:00:15,18050,CE,BUY,1.85,,NIFTY
2022-11-10 15:00:15,18050,PE,BUY,35.7,,NIFTY
2022-11-10 15:00:34,18050,CE,SELL,3.65,1.7999999999999998,NIFTY
2022-11-10 15:00:34,18050,PE,SELL,30.0,-5.700000000000003,NIFTY
2022-11-10 15:00:34,18100,CE,BUY,0.4,,NIFTY
2022-11-10 15:00:34,18100,PE,BUY,76.85,,NIFTY
2022-11-10 15:01:17,18100,CE,SELL,0.4,0.0,NIFTY
2022-11-10 15:01:17,18100,PE,SELL,79.3,2.450000000000003,NIFTY
2022-11-10 15:01:17,18050,CE,BUY,1.95,,NIFTY
2022-11-10 15:01:17,18050,PE,BUY,30.9,,NIFTY
2022-11-10 15:01:18,18050,CE,SELL,2.0,0.050000000000000044,NIFTY
2022-11-10 15:01:18,18050,PE,SELL,29.25,-1.6499999999999986,NIFTY
2022-11-10 15:01:18,18100,CE,BUY,0.4,,NIFTY
2022-11-10 15:01:18,18100,PE,BUY,77.6,,NIFTY
2022-11-10 15:30:00,18100,CE,SELL,0.05,-0.35000000000000003,NIFTY
2022-11-10 15:30:00,18100,PE,SELL,71.15,-6.449999999999989,NIFTY
2022-11-11 09:15:00,18300,CE,BUY,117.15,,NIFTY
2022-11-11 09:15:00,18300,PE,BUY,114.65,,NIFTY
2022-11-11 09:15:01,18300,CE,SELL,119.1,1.9499999999999886,NIFTY
2022-11-11 09:15:01,18300,PE,SELL,118.1,3.4499999999999886,NIFTY
2022-11-11 09:15:01,18350,CE,BUY,93.05,,NIFTY
2022-11-11 09:15:01,18350,PE,BUY,142.65,,NIFTY
2022-11-11 09:15:16,18350,CE,SELL,84.05,-9.0,NIFTY
2022-11-11 09:15:16,18350,PE,SELL,152.55,9.900000000000006,NIFTY
2022-11-11 09:15:16,18300,CE,BUY,105.55,,NIFTY
2022-11-11 09:15:16,18300,PE,BUY,123.95,,NIFTY
2022-11-11 09:15:18,18300,CE,SELL,103.7,-1.8499999999999943,NIFTY
2022-11-11 09:15:18,18300,PE,SELL,124.45,0.5,NIFTY
2022-11-11 09:15:18,18350,CE,BUY,82.45,,NIFTY
2022-11-11 09:15:18,18350,PE,BUY,152.4,,NIFTY
2022-11-11 09:15:19,18350,CE,SELL,81.7,-0.75,NIFTY
2022-11-11 09:15:19,18350,PE,SELL,151.7,-0.700000000000017,NIFTY
2022-11-11 09:15:19,18300,CE,BUY,104.15,,NIFTY
2022-11-11 09:15:19,18300,PE,BUY,123.95,,NIFTY
2022-11-11 09:15:20,18300,CE,SELL,102.95,-1.2000000000000028,NIFTY
2022-11-11 09:15:20,18300,PE,SELL,123.45,-0.5,NIFTY
2022-11-11 09:15:20,18350,CE,BUY,81.45,,NIFTY
2022-11-11 09:15:20,18350,PE,BUY,151.55,,NIFTY
2022-11-11 09:15:29,18350,CE,SELL,82.5,1.0499999999999972,NIFTY
2022-11-11 09:15:29,18350,PE,SELL,155.25,3.6999999999999886,NIFTY
2022-11-11 09:15:29,18300,CE,BUY,104.45,,NIFTY
2022-11-11 09:15:29,18300,PE,BUY,127.35,,NIFTY
2022-11-11 09:15:30,18300,CE,SELL,103.65,-0.7999999999999972,NIFTY
2022-11-11 09:15:30,18300,PE,SELL,126.5,-0.8499999999999943,NIFTY
2022-11-11 09:15:30,18350,CE,BUY,82.55,,NIFTY
2022-11-11 09:15:30,18350,PE,BUY,155.3,,NIFTY
2022-11-11 09:15:31,18350,CE,SELL,82.1,-0.45000000000000284,NIFTY
2022-11-11 09:15:31,18350,PE,SELL,155.9,0.5999999999999943,NIFTY
2022-11-11 09:15:31,18300,CE,BUY,103.6,,NIFTY
2022-11-11 09:15:31,18300,PE,BUY,127.95,,NIFTY
2022-11-11 09:15:32,18300,CE,SELL,103.5,-0.09999999999999432,NIFTY
2022-11-11 09:15:32,18300,PE,SELL,127.4,-0.5499999999999972,NIFTY
2022-11-11 09:15:32,18350,CE,BUY,81.9,,NIFTY
2022-11-11 09:15:32,18350,PE,BUY,156.15,,NIFTY
2022-11-11 09:15:34,18350,CE,SELL,80.8,-1.1000000000000085,NIFTY
2022-11-11 09:15:34,18350,PE,SELL,156.9,0.75,NIFTY
2022-11-11 09:15:34,18300,CE,BUY,102.0,,NIFTY
2022-11-11 09:15:34,18300,PE,BUY,128.15,,NIFTY
2022-11-11 09:15:36,18300,CE,SELL,102.3,0.29999999999999716,NIFTY
2022-11-11 09:15:36,18300,PE,SELL,128.25,0.09999999999999432,NIFTY
2022-11-11 09:15:36,18350,CE,BUY,80.45,,NIFTY
2022-11-11 09:15:36,18350,PE,BUY,156.35,,NIFTY
2022-11-11 09:15:37,18350,CE,SELL,80.0,-0.45000000000000284,NIFTY
2022-11-11 09:15:37,18350,PE,SELL,157.4,1.0500000000000114,NIFTY
2022-11-11 09:15:37,18300,CE,BUY,101.65,,NIFTY
2022-11-11 09:15:37,18300,PE,BUY,128.3,,NIFTY
2022-11-11 09:15:42,18300,CE,SELL,103.85,2.1999999999999886,NIFTY
2022-11-11 09:15:42,18300,PE,SELL,126.85,-1.450000000000017,NIFTY
2022-11-11 09:15:42,18350,CE,BUY,81.85,,NIFTY
2022-11-11 09:15:42,18350,PE,BUY,155.85,,NIFTY
2022-11-11 09:15:46,18350,CE,SELL,81.3,-0.5499999999999972,NIFTY
2022-11-11 09:15:46,18350,PE,SELL,155.9,0.05000000000001137,NIFTY
2022-11-11 09:15:46,18300,CE,BUY,103.2,,NIFTY
2022-11-11 09:15:46,18300,PE,BUY,126.9,,NIFTY
2022-11-11 09:15:47,18300,CE,SELL,103.2,0.0,NIFTY
2022-11-11 09:15:47,18300,PE,SELL,126.5,-0.4000000000000057,NIFTY
2022-11-11 09:15:47,18350,CE,BUY,81.3,,NIFTY
2022-11-11 09:15:47,18350,PE,BUY,154.2,,NIFTY
2022-11-11 09:24:06,18350,CE,SELL,102.6,21.299999999999997,NIFTY
2022-11-11 09:24:06,18350,PE,SELL,123.3,-30.89999999999999,NIFTY
2022-11-11 09:24:06,18400,CE,BUY,79.95,,NIFTY
2022-11-11 09:24:06,18400,PE,BUY,150.05,,NIFTY
2022-11-11 09:24:09,18400,CE,SELL,79.5,-0.45000000000000284,NIFTY
2022-11-11 09:24:09,18400,PE,SELL,150.85,0.799999999999983,NIFTY
2022-11-11 09:24:09,18350,CE,BUY,102.15,,NIFTY
2022-11-11 09:24:09,18350,PE,BUY,123.4,,NIFTY
2022-11-11 09:24:10,18350,CE,SELL,103.05,0.8999999999999915,NIFTY
2022-11-11 09:24:10,18350,PE,SELL,122.9,-0.5,NIFTY
2022-11-11 09:24:10,18400,CE,BUY,80.25,,NIFTY
2022-11-11 09:24:10,18400,PE,BUY,150.45,,NIFTY
2022-11-11 09:24:12,18400,CE,SELL,80.0,-0.25,NIFTY
2022-11-11 09:24:12,18400,PE,SELL,150.15,-0.29999999999998295,NIFTY
2022-11-11 09:24:12,18350,CE,BUY,102.9,,NIFTY
2022-11-11 09:24:12,18350,PE,BUY,122.95,,NIFTY
2022-11-11 09:24:13,18350,CE,SELL,102.85,-0.05000000000001137,NIFTY
2022-11-11 09:24:13,18350,PE,SELL,122.7,-0.25,NIFTY
2022-11-11 09:24:13,18400,CE,BUY,80.3,,NIFTY
2022-11-11 09:24:13,18400,PE,BUY,149.7,,NIFTY
2022-11-11 09:24:22,18400,CE,SELL,80.8,0.5,NIFTY
2022-11-11 09:24:22,18400,PE,SELL,150.5,0.8000000000000114,NIFTY
2022-11-11 09:24:22,18350,CE,BUY,103.75,,NIFTY
2022-11-11 09:24:22,18350,PE,BUY,123.15,,NIFTY
2022-11-11 09:24:23,18350,CE,SELL,104.2,0.45000000000000284,NIFTY
2022-11-11 09:24:23,18350,PE,SELL,122.75,-0.4000000000000057,NIFTY
2022-11-11 09:24:23,18400,CE,BUY,81.45,,NIFTY
2022-11-11 09:24:23,18400,PE,BUY,150.05,,NIFTY
2022-11-11 09:25:46,18400,CE,SELL,81.95,0.5,NIFTY
2022-11-11 09:25:46,18400,PE,SELL,151.65,1.5999999999999943,NIFTY
2022-11-11 09:25:46,18350,CE,BUY,104.65,,NIFTY
2022-11-11 09:25:46,18350,PE,BUY,124.5,,NIFTY
2022-11-11 09:25:47,18350,CE,SELL,104.65,0.0,NIFTY
2022-11-11 09:25:47,18350,PE,SELL,124.2,-0.29999999999999716,NIFTY
2022-11-11 09:25:47,18400,CE,BUY,81.6,,NIFTY
2022-11-11 09:25:47,18400,PE,BUY,151.7,,NIFTY
2022-11-11 09:25:48,18400,CE,SELL,81.6,0.0,NIFTY
2022-11-11 09:25:48,18400,PE,SELL,151.8,0.10000000000002274,NIFTY
2022-11-11 09:25:48,18350,CE,BUY,104.25,,NIFTY
2022-11-11 09:25:48,18350,PE,BUY,124.65,,NIFTY
2022-11-11 09:25:50,18350,CE,SELL,104.9,0.6500000000000057,NIFTY
2022-11-11 09:25:50,18350,PE,SELL,124.4,-0.25,NIFTY
2022-11-11 09:25:50,18400,CE,BUY,81.9,,NIFTY
2022-11-11 09:25:50,18400,PE,BUY,151.7,,NIFTY
2022-11-11 09:27:31,18400,CE,SELL,83.2,1.2999999999999972,NIFTY
2022-11-11 09:27:31,18400,PE,SELL,152.45,0.75,NIFTY
2022-11-11 09:27:31,18350,CE,BUY,106.0,,NIFTY
2022-11-11 09:27:31,18350,PE,BUY,124.9,,NIFTY
2022-11-11 09:27:33,18350,CE,SELL,106.15,0.15000000000000568,NIFTY
2022-11-11 09:27:33,18350,PE,SELL,124.55,-0.3500000000000085,NIFTY
2022-11-11 09:27:33,18400,CE,BUY,82.75,,NIFTY
2022-11-11 09:27:33,18400,PE,BUY,151.6,,NIFTY
2022-11-11 09:27:58,18400,CE,SELL,82.95,0.20000000000000284,NIFTY
2022-11-11 09:27:58,18400,PE,SELL,152.0,0.4000000000000057,NIFTY
2022-11-11 09:27:58,18350,CE,BUY,106.0,,NIFTY
2022-11-11 09:27:58,18350,PE,BUY,124.55,,NIFTY
2022-11-11 09:27:59,18350,CE,SELL,106.0,0.0,NIFTY
2022-11-11 09:27:59,18350,PE,SELL,124.65,0.10000000000000853,NIFTY
2022-11-11 09:27:59,18400,CE,BUY,83.3,,NIFTY
2022-11-11 09:27:59,18400,PE,BUY,152.05,,NIFTY
2022-11-11 09:28:22,18400,CE,SELL,82.8,-0.5,NIFTY
2022-11-11 09:28:22,18400,PE,SELL,151.6,-0.45000000000001705,NIFTY
2022-11-11 09:28:22,18350,CE,BUY,105.5,,NIFTY
2022-11-11 09:28:22,18350,PE,BUY,124.45,,NIFTY
2022-11-11 09:28:23,18350,CE,SELL,105.85,0.3499999999999943,NIFTY
2022-11-11 09:28:23,18350,PE,SELL,124.5,0.04999999999999716,NIFTY
2022-11-11 09:28:23,18400,CE,BUY,82.9,,NIFTY
2022-11-11 09:28:23,18400,PE,BUY,151.85,,NIFTY
2022-11-11 09:28:25,18400,CE,SELL,82.55,-0.3500000000000085,NIFTY
2022-11-11 09:28:25,18400,PE,SELL,151.75,-0.09999999999999432,NIFTY
2022-11-11 09:28:25,18350,CE,BUY,105.35,,NIFTY
2022-11-11 09:28:25,18350,PE,BUY,124.6,,NIFTY
2022-11-11 09:28:28,18350,CE,SELL,104.9,-0.44999999999998863,NIFTY
2022-11-11 09:28:28,18350,PE,SELL,124.3,-0.29999999999999716,NIFTY
2022-11-11 09:28:28,18400,CE,BUY,82.2,,NIFTY
2022-11-11 09:28:28,18400,PE,BUY,151.7,,NIFTY
2022-11-11 09:28:29,18400,CE,SELL,82.15,-0.04999999999999716,NIFTY
2022-11-11 09:28:29,18400,PE,SELL,152.1,0.4000000000000057,NIFTY
2022-11-11 09:28:29,18350,CE,BUY,104.7,,NIFTY
2022-11-11 09:28:29,18350,PE,BUY,124.9,,NIFTY
2022-11-11 09:30:05,18350,CE,SELL,106.4,1.7000000000000028,NIFTY
2022-11-11 09:30:05,18350,PE,SELL,123.2,-1.7000000000000028,NIFTY
2022-11-11 09:30:05,18400,CE,BUY,83.15,,NIFTY
2022-11-11 09:30:05,18400,PE,BUY,150.3,,NIFTY
2022-11-11 09:30:10,18400,CE,SELL,82.35,-0.8000000000000114,NIFTY
2022-11-11 09:30:10,18400,PE,SELL,151.0,0.6999999999999886,NIFTY
2022-11-11 09:30:10,18350,CE,BUY,105.4,,NIFTY
2022-11-11 09:30:10,18350,PE,BUY,123.45,,NIFTY
2022-11-11 09:30:11,18350,CE,SELL,105.85,0.44999999999998863,NIFTY
2022-11-11 09:30:11,18350,PE,SELL,123.5,0.04999999999999716,NIFTY
2022-11-11 09:30:11,18400,CE,BUY,82.55,,NIFTY
2022-11-11 09:30:11,18400,PE,BUY,150.85,,NIFTY
2022-11-11 09:30:12,18400,CE,SELL,82.4,-0.14999999999999147,NIFTY
2022-11-11 09:30:12,18400,PE,SELL,150.8,-0.04999999999998295,NIFTY
2022-11-11 09:30:12,18350,CE,BUY,105.55,,NIFTY
2022-11-11 09:30:12,18350,PE,BUY,123.5,,NIFTY
2022-11-11 09:30:13,18350,CE,SELL,105.5,-0.04999999999999716,NIFTY
2022-11-11 09:30:13,18350,PE,SELL,123.7,0.20000000000000284,NIFTY
2022-11-11 09:30:13,18400,CE,BUY,82.5,,NIFTY
2022-11-11 09:30:13,18400,PE,BUY,150.8,,NIFTY
2022-11-11 09:30:16,18400,CE,SELL,82.65,0.15000000000000568,NIFTY
2022-11-11 09:30:16,18400,PE,SELL,150.4,-0.4000000000000057,NIFTY
2022-11-11 09:30:16,18350,CE,BUY,105.9,,NIFTY
2022-11-11 09:30:16,18350,PE,BUY,123.45,,NIFTY
2022-11-11 09:30:17,18350,CE,SELL,106.05,0.14999999999999147,NIFTY
2022-11-11 09:30:17,18350,PE,SELL,123.3,-0.15000000000000568,NIFTY
2022-11-11 09:30:17,18400,CE,BUY,82.75,,NIFTY
2022-11-11 09:30:17,18400,PE,BUY,150.65,,NIFTY
2022-11-11 09:36:08,18400,CE,SELL,81.2,-1.5499999999999972,NIFTY
2022-11-11 09:36:08,18400,PE,SELL,149.7,-0.950000000000017,NIFTY
2022-11-11 09:36:08,18350,CE,BUY,104.35,,NIFTY
2022-11-11 09:36:08,18350,PE,BUY,122.8,,NIFTY
2022-11-11 09:36:09,18350,CE,SELL,104.0,-0.3499999999999943,NIFTY
2022-11-11 09:36:09,18350,PE,SELL,123.05,0.25,NIFTY
2022-11-11 09:36:09,18400,CE,BUY,80.95,,NIFTY
2022-11-11 09:36:09,18400,PE,BUY,149.8,,NIFTY
2022-11-11 09:36:11,18400,CE,SELL,80.85,-0.10000000000000853,NIFTY
2022-11-11 09:36:11,18400,PE,SELL,149.75,-0.05000000000001137,NIFTY
2022-11-11 09:36:11,18350,CE,BUY,104.0,,NIFTY
2022-11-11 09:36:11,18350,PE,BUY,122.95,,NIFTY
2022-11-11 09:36:12,18350,CE,SELL,104.55,0.5499999999999972,NIFTY
2022-11-11 09:36:12,18350,PE,SELL,122.7,-0.25,NIFTY
2022-11-11 09:36:12,18400,CE,BUY,81.4,,NIFTY
2022-11-11 09:36:12,18400,PE,BUY,149.35,,NIFTY
2022-11-11 09:40:52,18400,CE,SELL,81.1,-0.30000000000001137,NIFTY
2022-11-11 09:40:52,18400,PE,SELL,150.45,1.0999999999999943,NIFTY
2022-11-11 09:40:52,18350,CE,BUY,104.3,,NIFTY
2022-11-11 09:40:52,18350,PE,BUY,123.8,,NIFTY
2022-11-11 09:42:25,18350,CE,SELL,105.0,0.7000000000000028,NIFTY
2022-11-11 09:42:25,18350,PE,SELL,123.2,-0.5999999999999943,NIFTY
2022-11-11 09:42:25,18400,CE,BUY,81.5,,NIFTY
2022-11-11 09:42:25,18400,PE,BUY,150.1,,NIFTY
2022-11-11 09:42:33,18400,CE,SELL,81.65,0.15000000000000568,NIFTY
2022-11-11 09:42:33,18400,PE,SELL,150.25,0.15000000000000568,NIFTY
2022-11-11 09:42:33,18350,CE,BUY,104.8,,NIFTY
2022-11-11 09:42:33,18350,PE,BUY,123.45,,NIFTY
2022-11-11 09:42:36,18350,CE,SELL,104.5,-0.29999999999999716,NIFTY
2022-11-11 09:42:36,18350,PE,SELL,123.7,0.25,NIFTY
2022-11-11 09:42:36,18400,CE,BUY,81.9,,NIFTY
2022-11-11 09:42:36,18400,PE,BUY,150.6,,NIFTY
2022-11-11 09:42:38,18400,CE,SELL,81.75,-0.15000000000000568,NIFTY
2022-11-11 09:42:38,18400,PE,SELL,150.45,-0.15000000000000568,NIFTY
2022-11-11 09:42:38,18350,CE,BUY,104.8,,NIFTY
2022-11-11 09:42:38,18350,PE,BUY,123.75,,NIFTY
2022-11-11 09:42:39,18350,CE,SELL,105.6,0.7999999999999972,NIFTY
2022-11-11 09:42:39,18350,PE,SELL,123.15,-0.5999999999999943,NIFTY
2022-11-11 09:42:39,18400,CE,BUY,82.15,,NIFTY
2022-11-11 09:42:39,18400,PE,BUY,149.95,,NIFTY
2022-11-11 09:42:41,18400,CE,SELL,81.95,-0.20000000000000284,NIFTY
2022-11-11 09:42:41,18400,PE,SELL,150.1,0.15000000000000568,NIFTY
2022-11-11 09:42:41,18350,CE,BUY,105.35,,NIFTY
2022-11-11 09:42:41,18350,PE,BUY,122.9,,NIFTY
2022-11-11 09:42:43,18350,CE,SELL,105.7,0.3500000000000085,NIFTY
2022-11-11 09:42:43,18350,PE,SELL,122.7,-0.20000000000000284,NIFTY
2022-11-11 09:42:43,18400,CE,BUY,82.3,,NIFTY
2022-11-11 09:42:43,18400,PE,BUY,150.0,,NIFTY
2022-11-11 09:42:45,18400,CE,SELL,82.3,0.0,NIFTY
2022-11-11 09:42:45,18400,PE,SELL,149.6,-0.4000000000000057,NIFTY
2022-11-11 09:42:45,18350,CE,BUY,105.6,,NIFTY
2022-11-11 09:42:45,18350,PE,BUY,122.85,,NIFTY
2022-11-11 09:42:46,18350,CE,SELL,105.45,-0.14999999999999147,NIFTY
2022-11-11 09:42:46,18350,PE,SELL,123.0,0.15000000000000568,NIFTY
2022-11-11 09:42:46,18400,CE,BUY,82.25,,NIFTY
2022-11-11 09:42:46,18400,PE,BUY,149.85,,NIFTY
2022-11-11 09:42:52,18400,CE,SELL,82.15,-0.09999999999999432,NIFTY
2022-11-11 09:42:52,18400,PE,SELL,149.7,-0.15000000000000568,NIFTY
2022-11-11 09:42:52,18350,CE,BUY,105.55,,NIFTY
2022-11-11 09:42:52,18350,PE,BUY,122.8,,NIFTY
2022-11-11 09:42:53,18350,CE,SELL,105.55,0.0,NIFTY
2022-11-11 09:42:53,18350,PE,SELL,123.1,0.29999999999999716,NIFTY
2022-11-11 09:42:53,18400,CE,BUY,82.15,,NIFTY
2022-11-11 09:42:53,18400,PE,BUY,149.7,,NIFTY
2022-11-11 09:43:05,18400,CE,SELL,81.6,-0.5500000000000114,NIFTY
2022-11-11 09:43:05,18400,PE,SELL,150.15,0.45000000000001705,NIFTY
2022-11-11 09:43:05,18350,CE,BUY,104.9,,NIFTY
2022-11-11 09:43:05,18350,PE,BUY,123.5,,NIFTY
2022-11-11 09:43:06,18350,CE,SELL,105.45,0.5499999999999972,NIFTY
2022-11-11 09:43:06,18350,PE,SELL,122.85,-0.6500000000000057,NIFTY
2022-11-11 09:43:06,18400,CE,BUY,81.95,,NIFTY
2022-11-11 09:43:06,18400,PE,BUY,149.5,,NIFTY
2022-11-11 09:43:25,18400,CE,SELL,82.25,0.29999999999999716,NIFTY
2022-11-11 09:43:25,18400,PE,SELL,149.9,0.4000000000000057,NIFTY
2022-11-11 09:43:25,18350,CE,BUY,105.5,,NIFTY
2022-11-11 09:43:25,18350,PE,BUY,123.0,,NIFTY
2022-11-11 09:43:26,18350,CE,SELL,105.75,0.25,NIFTY
2022-11-11 09:43:26,18350,PE,SELL,122.6,-0.4000000000000057,NIFTY
2022-11-11 09:43:26,18400,CE,BUY,82.3,,NIFTY
2022-11-11 09:43:26,18400,PE,BUY,149.25,,NIFTY
2022-11-11 09:43:42,18400,CE,SELL,80.7,-1.5999999999999943,NIFTY
2022-11-11 09:43:42,18400,PE,SELL,150.2,0.9499999999999886,NIFTY
2022-11-11 09:43:42,18350,CE,BUY,103.95,,NIFTY
2022-11-11 09:43:42,18350,PE,BUY,123.35,,NIFTY
2022-11-11 09:45:24,18350,CE,SELL,104.8,0.8499999999999943,NIFTY
2022-11-11 09:45:24,18350,PE,SELL,122.0,-1.3499999999999943,NIFTY
2022-11-11 09:45:24,18400,CE,BUY,81.05,,NIFTY
2022-11-11 09:45:24,18400,PE,BUY,148.95,,NIFTY
2022-11-11 09:45:25,18400,CE,SELL,81.25,0.20000000000000284,NIFTY
2022-11-11 09:45:25,18400,PE,SELL,149.1,0.15000000000000568,NIFTY
2022-11-11 09:45:25,18350,CE,BUY,104.75,,NIFTY
2022-11-11 09:45:25,18350,PE,BUY,121.75,,NIFTY
2022-11-11 09:45:26,18350,CE,SELL,104.75,0.0,NIFTY
2022-11-11 09:45:26,18350,PE,SELL,122.0,0.25,NIFTY
2022-11-11 09:45:26,18400,CE,BUY,81.25,,NIFTY
2022-11-11 09:45:26,18400,PE,BUY,148.75,,NIFTY
2022-11-11 09:45:29,18400,CE,SELL,81.45,0.20000000000000284,NIFTY
2022-11-11 09:45:29,18400,PE,SELL,148.15,-0.5999999999999943,NIFTY
2022-11-11 09:45:29,18350,CE,BUY,105.05,,NIFTY
2022-11-11 09:45:29,18350,PE,BUY,121.55,,NIFTY
2022-11-11 09:45:30,18350,CE,SELL,105.15,0.10000000000000853,NIFTY
2022-11-11 09:45:30,18350,PE,SELL,121.6,0.04999999999999716,NIFTY
2022-11-11 09:45:30,18400,CE,BUY,81.35,,NIFTY
2022-11-11 09:45:30,18400,PE,BUY,148.4,,NIFTY
2022-11-11 09:45:55,18400,CE,SELL,80.35,-1.0,NIFTY
2022-11-11 09:45:55,18400,PE,SELL,150.0,1.5999999999999943,NIFTY
2022-11-11 09:45:55,18350,CE,BUY,103.9,,NIFTY
2022-11-11 09:45:55,18350,PE,BUY,123.4,,NIFTY
2022-11-11 09:45:56,18350,CE,SELL,104.5,0.5999999999999943,NIFTY
2022-11-11 09:45:56,18350,PE,SELL,122.15,-1.25,NIFTY
2022-11-11 09:45:56,18400,CE,BUY,80.9,,NIFTY
2022-11-11 09:45:56,18400,PE,BUY,149.25,,NIFTY
2022-11-11 09:46:01,18400,CE,SELL,80.45,-0.45000000000000284,NIFTY
2022-11-11 09:46:01,18400,PE,SELL,150.0,0.75,NIFTY
2022-11-11 09:46:01,18350,CE,BUY,103.85,,NIFTY
2022-11-11 09:46:01,18350,PE,BUY,123.1,,NIFTY
2022-11-11 09:46:02,18350,CE,SELL,103.45,-0.3999999999999915,NIFTY
2022-11-11 09:46:02,18350,PE,SELL,123.4,0.30000000000001137,NIFTY
2022-11-11 09:46:02,18400,CE,BUY,80.15,,NIFTY
2022-11-11 09:46:02,18400,PE,BUY,150.1,,NIFTY
2022-11-11 09:46:04,18400,CE,SELL,79.8,-0.3500000000000085,NIFTY
2022-11-11 09:46:04,18400,PE,SELL,150.35,0.25,NIFTY
2022-11-11 09:46:04,18350,CE,BUY,103.25,,NIFTY
2022-11-11 09:46:04,18350,PE,BUY,123.35,,NIFTY
2022-11-11 09:46:12,18350,CE,SELL,104.55,1.2999999999999972,NIFTY
2022-11-11 09:46:12,18350,PE,SELL,122.75,-0.5999999999999943,NIFTY
2022-11-11 09:46:12,18400,CE,BUY,81.0,,NIFTY
2022-11-11 09:46:12,18400,PE,BUY,149.5,,NIFTY
2022-11-11 09:46:17,18400,CE,SELL,80.75,-0.25,NIFTY
2022-11-11 09:46:17,18400,PE,SELL,149.65,0.15000000000000568,NIFTY
2022-11-11 09:46:17,18350,CE,BUY,104.4,,NIFTY
2022-11-11 09:46:17,18350,PE,BUY,122.85,,NIFTY
2022-11-11 09:49:28,18350,CE,SELL,103.9,-0.5,NIFTY
2022-11-11 09:49:28,18350,PE,SELL,118.8,-4.049999999999997,NIFTY
2022-11-11 09:49:28,18400,CE,BUY,79.8,,NIFTY
2022-11-11 09:49:28,18400,PE,BUY,146.6,,NIFTY
2022-11-11 09:55:55,18400,CE,SELL,79.5,-0.29999999999999716,NIFTY
2022-11-11 09:55:55,18400,PE,SELL,148.55,1.950000000000017,NIFTY
2022-11-11 09:55:55,18350,CE,BUY,102.75,,NIFTY
2022-11-11 09:55:55,18350,PE,BUY,121.45,,NIFTY
2022-11-11 09:55:56,18350,CE,SELL,102.75,0.0,NIFTY
2022-11-11 09:55:56,18350,PE,SELL,121.25,-0.20000000000000284,NIFTY
2022-11-11 09:55:56,18400,CE,BUY,79.5,,NIFTY
2022-11-11 09:55:56,18400,PE,BUY,147.8,,NIFTY
2022-11-11 09:55:59,18400,CE,SELL,79.65,0.15000000000000568,NIFTY
2022-11-11 09:55:59,18400,PE,SELL,147.9,0.09999999999999432,NIFTY
2022-11-11 09:55:59,18350,CE,BUY,102.95,,NIFTY
2022-11-11 09:55:59,18350,PE,BUY,121.15,,NIFTY
2022-11-11 09:56:00,18350,CE,SELL,102.85,-0.10000000000000853,NIFTY
2022-11-11 09:56:00,18350,PE,SELL,121.3,0.14999999999999147,NIFTY
2022-11-11 09:56:00,18400,CE,BUY,79.55,,NIFTY
2022-11-11 09:56:00,18400,PE,BUY,148.05,,NIFTY
2022-11-11 09:56:03,18400,CE,SELL,79.1,-0.45000000000000284,NIFTY
2022-11-11 09:56:03,18400,PE,SELL,148.85,0.799999999999983,NIFTY
2022-11-11 09:56:03,18350,CE,BUY,102.55,,NIFTY
2022-11-11 09:56:03,18350,PE,BUY,122.0,,NIFTY
2022-11-11 09:56:11,18350,CE,SELL,102.75,0.20000000000000284,NIFTY
2022-11-11 09:56:11,18350,PE,SELL,121.45,-0.5499999999999972,NIFTY
2022-11-11 09:56:11,18400,CE,BUY,79.35,,NIFTY
2022-11-11 09:56:11,18400,PE,BUY,148.1,,NIFTY
2022-11-11 09:56:13,18400,CE,SELL,79.0,-0.3499999999999943,NIFTY
2022-11-11 09:56:13,18400,PE,SELL,148.7,0.5999999999999943,NIFTY
2022-11-11 09:56:13,18350,CE,BUY,102.35,,NIFTY
2022-11-11 09:56:13,18350,PE,BUY,121.75,,NIFTY
2022-11-11 09:56:24,18350,CE,SELL,102.3,-0.04999999999999716,NIFTY
2022-11-11 09:56:24,18350,PE,SELL,122.25,0.5,NIFTY
2022-11-11 09:56:24,18400,CE,BUY,78.85,,NIFTY
2022-11-11 09:56:24,18400,PE,BUY,148.95,,NIFTY
2022-11-11 09:56:25,18400,CE,SELL,78.85,0.0,NIFTY
2022-11-11 09:56:25,18400,PE,SELL,148.9,-0.04999999999998295,NIFTY
2022-11-11 09:56:25,18350,CE,BUY,102.35,,NIFTY
2022-11-11 09:56:25,18350,PE,BUY,122.15,,NIFTY
2022-11-11 10:01:12,18350,CE,SELL,103.3,0.9500000000000028,NIFTY
2022-11-11 10:01:12,18350,PE,SELL,119.7,-2.450000000000003,NIFTY
2022-11-11 10:01:12,18400,CE,BUY,79.7,,NIFTY
2022-11-11 10:01:12,18400,PE,BUY,146.15,,NIFTY
2022-11-11 10:01:38,18400,CE,SELL,79.3,-0.4000000000000057,NIFTY
2022-11-11 10:01:38,18400,PE,SELL,146.8,0.6500000000000057,NIFTY
2022-11-11 10:01:38,18350,CE,BUY,102.75,,NIFTY
2022-11-11 10:01:38,18350,PE,BUY,119.9,,NIFTY
2022-11-11 10:01:39,18350,CE,SELL,102.9,0.15000000000000568,NIFTY
2022-11-11 10:01:39,18350,PE,SELL,120.0,0.09999999999999432,NIFTY
2022-11-11 10:01:39,18400,CE,BUY,79.4,,NIFTY
2022-11-11 10:01:39,18400,PE,BUY,146.85,,NIFTY
2022-11-11 10:01:44,18400,CE,SELL,78.75,-0.6500000000000057,NIFTY
2022-11-11 10:01:44,18400,PE,SELL,147.55,0.700000000000017,NIFTY
2022-11-11 10:01:44,18350,CE,BUY,102.0,,NIFTY
2022-11-11 10:01:44,18350,PE,BUY,120.6,,NIFTY
2022-11-11 10:01:46,18350,CE,SELL,102.35,0.3499999999999943,NIFTY
2022-11-11 10:01:46,18350,PE,SELL,120.4,-0.19999999999998863,NIFTY
2022-11-11 10:01:46,18400,CE,BUY,79.1,,NIFTY
2022-11-11 10:01:46,18400,PE,BUY,147.1,,NIFTY
2022-11-11 10:02:01,18400,CE,SELL,78.3,-0.7999999999999972,NIFTY
2022-11-11 10:02:01,18400,PE,SELL,148.15,1.0500000000000114,NIFTY
2022-11-11 10:02:01,18350,CE,BUY,101.7,,NIFTY
2022-11-11 10:02:01,18350,PE,BUY,121.45,,NIFTY
2022-11-11 10:02:03,18350,CE,SELL,101.55,-0.15000000000000568,NIFTY
2022-11-11 10:02:03,18350,PE,SELL,121.5,0.04999999999999716,NIFTY
2022-11-11 10:02:03,18400,CE,BUY,78.2,,NIFTY
2022-11-11 10:02:03,18400,PE,BUY,148.75,,NIFTY
2022-11-11 10:02:05,18400,CE,SELL,78.0,-0.20000000000000284,NIFTY
2022-11-11 10:02:05,18400,PE,SELL,148.9,0.15000000000000568,NIFTY
2022-11-11 10:02:05,18350,CE,BUY,101.1,,NIFTY
2022-11-11 10:02:05,18350,PE,BUY,122.0,,NIFTY
2022-11-11 10:06:16,18350,CE,SELL,102.85,1.75,NIFTY
2022-11-11 10:06:16,18350,PE,SELL,120.0,-2.0,NIFTY
2022-11-11 10:06:16,18400,CE,BUY,79.15,,NIFTY
2022-11-11 10:06:16,18400,PE,BUY,146.65,,NIFTY
2022-11-11 10:06:18,18400,CE,SELL,77.85,-1.3000000000000114,NIFTY
2022-11-11 10:06:18,18400,PE,SELL,148.25,1.5999999999999943,NIFTY
2022-11-11 10:06:18,18350,CE,BUY,101.15,,NIFTY
2022-11-11 10:06:18,18350,PE,BUY,121.65,,NIFTY
2022-11-11 10:06:19,18350,CE,SELL,101.45,0.29999999999999716,NIFTY
2022-11-11 10:06:19,18350,PE,SELL,121.35,-0.30000000000001137,NIFTY
2022-11-11 10:06:19,18400,CE,BUY,78.1,,NIFTY
2022-11-11 10:06:19,18400,PE,BUY,148.15,,NIFTY
2022-11-11 10:06:24,18400,CE,SELL,78.4,0.30000000000001137,NIFTY
2022-11-11 10:06:24,18400,PE,SELL,147.8,-0.3499999999999943,NIFTY
2022-11-11 10:06:24,18350,CE,BUY,102.0,,NIFTY
2022-11-11 10:06:24,18350,PE,BUY,120.95,,NIFTY
2022-11-11 10:06:28,18350,CE,SELL,101.6,-0.4000000000000057,NIFTY
2022-11-11 10:06:28,18350,PE,SELL,120.75,-0.20000000000000284,NIFTY
2022-11-11 10:06:28,18400,CE,BUY,78.3,,NIFTY
2022-11-11 10:06:28,18400,PE,BUY,147.7,,NIFTY
2022-11-11 10:06:29,18400,CE,SELL,78.15,-0.14999999999999147,NIFTY
2022-11-11 10:06:29,18400,PE,SELL,148.05,0.35000000000002274,NIFTY
2022-11-11 10:06:29,18350,CE,BUY,101.75,,NIFTY
2022-11-11 10:06:29,18350,PE,BUY,121.4,,NIFTY
2022-11-11 10:06:31,18350,CE,SELL,101.5,-0.25,NIFTY
2022-11-11 10:06:31,18350,PE,SELL,121.55,0.14999999999999147,NIFTY
2022-11-11 10:06:31,18400,CE,BUY,78.0,,NIFTY
2022-11-11 10:06:31,18400,PE,BUY,148.35,,NIFTY
2022-11-11 10:06:32,18400,CE,SELL,77.85,-0.15000000000000568,NIFTY
2022-11-11 10:06:32,18400,PE,SELL,148.45,0.09999999999999432,NIFTY
2022-11-11 10:06:32,18350,CE,BUY,101.25,,NIFTY
2022-11-11 10:06:32,18350,PE,BUY,121.55,,NIFTY
2022-11-11 10:06:35,18350,CE,SELL,101.3,0.04999999999999716,NIFTY
2022-11-11 10:06:35,18350,PE,SELL,121.5,-0.04999999999999716,NIFTY
2022-11-11 10:06:35,18400,CE,BUY,77.9,,NIFTY
2022-11-11 10:06:35,18400,PE,BUY,148.2,,NIFTY
2022-11-11 10:06:36,18400,CE,SELL,78.0,0.09999999999999432,NIFTY
2022-11-11 10:06:36,18400,PE,SELL,148.3,0.10000000000002274,NIFTY
2022-11-11 10:06:36,18350,CE,BUY,101.6,,NIFTY
2022-11-11 10:06:36,18350,PE,BUY,121.7,,NIFTY
2022-11-11 10:06:41,18350,CE,SELL,101.1,-0.5,NIFTY
2022-11-11 10:06:41,18350,PE,SELL,121.5,-0.20000000000000284,NIFTY
2022-11-11 10:06:41,18400,CE,BUY,77.85,,NIFTY
2022-11-11 10:06:41,18400,PE,BUY,148.7,,NIFTY
2022-11-11 10:06:52,18400,CE,SELL,78.7,0.8500000000000085,NIFTY
2022-11-11 10:06:52,18400,PE,SELL,147.35,-1.3499999999999943,NIFTY
2022-11-11 10:06:52,18350,CE,BUY,102.1,,NIFTY
2022-11-11 10:06:52,18350,PE,BUY,121.05,,NIFTY
2022-11-11 10:06:56,18350,CE,SELL,101.25,-0.8499999999999943,NIFTY
2022-11-11 10:06:56,18350,PE,SELL,121.5,0.45000000000000284,NIFTY
2022-11-11 10:06:56,18400,CE,BUY,77.9,,NIFTY
2022-11-11 10:06:56,18400,PE,BUY,148.4,,NIFTY
2022-11-11 10:06:57,18400,CE,SELL,77.4,-0.5,NIFTY
2022-11-11 10:06:57,18400,PE,SELL,148.75,0.3499999999999943,NIFTY
2022-11-11 10:06:57,18350,CE,BUY,100.65,,NIFTY
2022-11-11 10:06:57,18350,PE,BUY,121.65,,NIFTY
2022-11-11 10:07:06,18350,CE,SELL,101.2,0.5499999999999972,NIFTY
2022-11-11 10:07:06,18350,PE,SELL,121.75,0.09999999999999432,NIFTY
2022-11-11 10:07:06,18400,CE,BUY,77.95,,NIFTY
2022-11-11 10:07:06,18400,PE,BUY,148.45,,NIFTY
2022-11-11 10:07:10,18400,CE,SELL,77.25,-0.7000000000000028,NIFTY
2022-11-11 10:07:10,18400,PE,SELL,149.85,1.4000000000000057,NIFTY
2022-11-11 10:07:10,18350,CE,BUY,100.2,,NIFTY
2022-11-11 10:07:10,18350,PE,BUY,122.6,,NIFTY
2022-11-11 10:07:25,18350,CE,SELL,101.2,1.0,NIFTY
2022-11-11 10:07:25,18350,PE,SELL,121.7,-0.8999999999999915,NIFTY
2022-11-11 10:07:25,18400,CE,BUY,77.8,,NIFTY
2022-11-11 10:07:25,18400,PE,BUY,148.8,,NIFTY
2022-11-11 10:07:26,18400,CE,SELL,77.85,0.04999999999999716,NIFTY
2022-11-11 10:07:26,18400,PE,SELL,148.75,-0.05000000000001137,NIFTY
2022-11-11 10:07:26,18350,CE,BUY,100.95,,NIFTY
2022-11-11 10:07:26,18350,PE,BUY,122.0,,NIFTY
2022-11-11 10:10:57,18350,CE,SELL,101.65,0.7000000000000028,NIFTY
2022-11-11 10:10:57,18350,PE,SELL,121.5,-0.5,NIFTY
2022-11-11 10:10:57,18400,CE,BUY,78.35,,NIFTY
2022-11-11 10:10:57,18400,PE,BUY,148.3,,NIFTY
2022-11-11 10:11:02,18400,CE,SELL,77.9,-0.44999999999998863,NIFTY
2022-11-11 10:11:02,18400,PE,SELL,148.8,0.5,NIFTY
2022-11-11 10:11:02,18350,CE,BUY,101.15,,NIFTY
2022-11-11 10:11:02,18350,PE,BUY,122.05,,NIFTY
2022-11-11 10:11:03,18350,CE,SELL,101.15,0.0,NIFTY
2022-11-11 10:11:03,18350,PE,SELL,122.05,0.0,NIFTY
2022-11-11 10:11:03,18400,CE,BUY,77.8,,NIFTY
2022-11-11 10:11:03,18400,PE,BUY,149.2,,NIFTY
2022-11-11 10:11:05,18400,CE,SELL,78.05,0.25,NIFTY
2022-11-11 10:11:05,18400,PE,SELL,149.3,0.10000000000002274,NIFTY
2022-11-11 10:11:05,18350,CE,BUY,100.8,,NIFTY
2022-11-11 10:11:05,18350,PE,BUY,122.4,,NIFTY
2022-11-11 10:11:06,18350,CE,SELL,100.8,0.0,NIFTY
2022-11-11 10:11:06,18350,PE,SELL,121.9,-0.5,NIFTY
2022-11-11 10:11:06,18400,CE,BUY,78.05,,NIFTY
2022-11-11 10:11:06,18400,PE,BUY,148.95,,NIFTY
2022-11-11 10:11:07,18400,CE,SELL,78.05,0.0,NIFTY
2022-11-11 10:11:07,18400,PE,SELL,149.5,0.5500000000000114,NIFTY
2022-11-11 10:11:07,18350,CE,BUY,101.05,,NIFTY
2022-11-11 10:11:07,18350,PE,BUY,122.35,,NIFTY
2022-11-11 10:11:08,18350,CE,SELL,100.65,-0.3999999999999915,NIFTY
2022-11-11 10:11:08,18350,PE,SELL,122.35,0.0,NIFTY
2022-11-11 10:11:08,18400,CE,BUY,77.55,,NIFTY
2022-11-11 10:11:08,18400,PE,BUY,149.5,,NIFTY
2022-11-11 10:11:14,18400,CE,SELL,77.95,0.4000000000000057,NIFTY
2022-11-11 10:11:14,18400,PE,SELL,149.0,-0.5,NIFTY
2022-11-11 10:11:14,18350,CE,BUY,101.0,,NIFTY
2022-11-11 10:11:14,18350,PE,BUY,122.25,,NIFTY
2022-11-11 10:11:17,18350,CE,SELL,101.2,0.20000000000000284,NIFTY
2022-11-11 10:11:17,18350,PE,SELL,122.05,-0.20000000000000284,NIFTY
2022-11-11 10:11:17,18400,CE,BUY,78.0,,NIFTY
2022-11-11 10:11:17,18400,PE,BUY,148.95,,NIFTY
2022-11-11 10:11:20,18400,CE,SELL,78.1,0.09999999999999432,NIFTY
2022-11-11 10:11:20,18400,PE,SELL,148.9,-0.04999999999998295,NIFTY
2022-11-11 10:11:20,18350,CE,BUY,101.25,,NIFTY
2022-11-11 10:11:20,18350,PE,BUY,122.0,,NIFTY
2022-11-11 10:11:21,18350,CE,SELL,101.1,-0.15000000000000568,NIFTY
2022-11-11 10:11:21,18350,PE,SELL,122.0,0.0,NIFTY
2022-11-11 10:11:21,18400,CE,BUY,77.95,,NIFTY
2022-11-11 10:11:21,18400,PE,BUY,148.9,,NIFTY
2022-11-11 10:11:22,18400,CE,SELL,77.95,0.0,NIFTY
2022-11-11 10:11:22,18400,PE,SELL,148.9,0.0,NIFTY
2022-11-11 10:11:22,18350,CE,BUY,101.0,,NIFTY
2022-11-11 10:11:22,18350,PE,BUY,122.15,,NIFTY
2022-11-11 10:11:25,18350,CE,SELL,101.4,0.4000000000000057,NIFTY
2022-11-11 10:11:25,18350,PE,SELL,122.15,0.0,NIFTY
2022-11-11 10:11:25,18400,CE,BUY,77.95,,NIFTY
2022-11-11 10:11:25,18400,PE,BUY,148.85,,NIFTY
2022-11-11 10:11:32,18400,CE,SELL,78.2,0.25,NIFTY
2022-11-11 10:11:32,18400,PE,SELL,148.55,-0.29999999999998295,NIFTY
2022-11-11 10:11:32,18350,CE,BUY,101.55,,NIFTY
2022-11-11 10:11:32,18350,PE,BUY,121.65,,NIFTY
2022-11-11 10:11:33,18350,CE,SELL,101.55,0.0,NIFTY
2022-11-11 10:11:33,18350,PE,SELL,121.95,0.29999999999999716,NIFTY
2022-11-11 10:11:33,18400,CE,BUY,78.2,,NIFTY
2022-11-11 10:11:33,18400,PE,BUY,148.25,,NIFTY
2022-11-11 10:11:35,18400,CE,SELL,77.8,-0.4000000000000057,NIFTY
2022-11-11 10:11:35,18400,PE,SELL,149.3,1.0500000000000114,NIFTY
2022-11-11 10:11:35,18350,CE,BUY,101.5,,NIFTY
2022-11-11 10:11:35,18350,PE,BUY,122.1,,NIFTY
2022-11-11 10:11:48,18350,CE,SELL,101.55,0.04999999999999716,NIFTY
2022-11-11 10:11:48,18350,PE,SELL,121.75,-0.3499999999999943,NIFTY
2022-11-11 10:11:48,18400,CE,BUY,78.1,,NIFTY
2022-11-11 10:11:48,18400,PE,BUY,148.4,,NIFTY
2022-11-11 10:11:50,18400,CE,SELL,78.25,0.15000000000000568,NIFTY
2022-11-11 10:11:50,18400,PE,SELL,148.5,0.09999999999999432,NIFTY
2022-11-11 10:11:50,18350,CE,BUY,101.6,,NIFTY
2022-11-11 10:11:50,18350,PE,BUY,121.5,,NIFTY
2022-11-11 10:11:54,18350,CE,SELL,101.2,-0.3999999999999915,NIFTY
2022-11-11 10:11:54,18350,PE,SELL,122.3,0.7999999999999972,NIFTY
2022-11-11 10:11:54,18400,CE,BUY,77.85,,NIFTY
2022-11-11 10:11:54,18400,PE,BUY,149.0,,NIFTY
2022-11-11 10:11:56,18400,CE,SELL,78.0,0.15000000000000568,NIFTY
2022-11-11 10:11:56,18400,PE,SELL,149.0,0.0,NIFTY
2022-11-11 10:11:56,18350,CE,BUY,101.4,,NIFTY
2022-11-11 10:11:56,18350,PE,BUY,122.3,,NIFTY
2022-11-11 10:12:03,18350,CE,SELL,101.7,0.29999999999999716,NIFTY
2022-11-11 10:12:03,18350,PE,SELL,121.2,-1.0999999999999943,NIFTY
2022-11-11 10:12:03,18400,CE,BUY,78.5,,NIFTY
2022-11-11 10:12:03,18400,PE,BUY,148.2,,NIFTY
2022-11-11 10:21:25,18400,CE,SELL,77.05,-1.4500000000000028,NIFTY
2022-11-11 10:21:25,18400,PE,SELL,150.3,2.1000000000000227,NIFTY
2022-11-11 10:21:25,18350,CE,BUY,100.1,,NIFTY
2022-11-11 10:21:25,18350,PE,BUY,123.6,,NIFTY
2022-11-11 10:22:46,18350,CE,SELL,100.75,0.6500000000000057,NIFTY
2022-11-11 10:22:46,18350,PE,SELL,122.0,-1.5999999999999943,NIFTY
2022-11-11 10:22:46,18400,CE,BUY,77.5,,NIFTY
2022-11-11 10:22:46,18400,PE,BUY,148.85,,NIFTY
2022-11-11 10:23:49,18400,CE,SELL,77.9,0.4000000000000057,NIFTY
2022-11-11 10:23:49,18400,PE,SELL,148.65,-0.19999999999998863,NIFTY
2022-11-11 10:23:49,18350,CE,BUY,101.15,,NIFTY
2022-11-11 10:23:49,18350,PE,BUY,122.05,,NIFTY
2022-11-11 10:23:50,18350,CE,SELL,101.45,0.29999999999999716,NIFTY
2022-11-11 10:23:50,18350,PE,SELL,122.05,0.0,NIFTY
2022-11-11 10:23:50,18400,CE,BUY,77.95,,NIFTY
2022-11-11 10:23:50,18400,PE,BUY,149.05,,NIFTY
2022-11-11 10:24:03,18400,CE,SELL,78.2,0.25,NIFTY
2022-11-11 10:24:03,18400,PE,SELL,148.75,-0.30000000000001137,NIFTY
2022-11-11 10:24:03,18350,CE,BUY,101.45,,NIFTY
2022-11-11 10:24:03,18350,PE,BUY,121.9,,NIFTY
2022-11-11 10:24:04,18350,CE,SELL,101.5,0.04999999999999716,NIFTY
2022-11-11 10:24:04,18350,PE,SELL,122.2,0.29999999999999716,NIFTY
2022-11-11 10:24:04,18400,CE,BUY,78.2,,NIFTY
2022-11-11 10:24:04,18400,PE,BUY,149.1,,NIFTY
2022-11-11 10:24:17,18400,CE,SELL,77.9,-0.29999999999999716,NIFTY
2022-11-11 10:24:17,18400,PE,SELL,149.6,0.5,NIFTY
2022-11-11 10:24:17,18350,CE,BUY,101.0,,NIFTY
2022-11-11 10:24:17,18350,PE,BUY,122.8,,NIFTY
2022-11-11 10:24:19,18350,CE,SELL,100.85,-0.15000000000000568,NIFTY
2022-11-11 10:24:19,18350,PE,SELL,122.45,-0.3499999999999943,NIFTY
2022-11-11 10:24:19,18400,CE,BUY,77.5,,NIFTY
2022-11-11 10:24:19,18400,PE,BUY,149.45,,NIFTY
2022-11-11 10:24:22,18400,CE,SELL,77.4,-0.09999999999999432,NIFTY
2022-11-11 10:24:22,18400,PE,SELL,149.7,0.25,NIFTY
2022-11-11 10:24:22,18350,CE,BUY,100.7,,NIFTY
2022-11-11 10:24:22,18350,PE,BUY,122.4,,NIFTY
2022-11-11 10:24:25,18350,CE,SELL,100.9,0.20000000000000284,NIFTY
2022-11-11 10:24:25,18350,PE,SELL,122.0,-0.4000000000000057,NIFTY
2022-11-11 10:24:25,18400,CE,BUY,77.8,,NIFTY
2022-11-11 10:24:25,18400,PE,BUY,148.85,,NIFTY
2022-11-11 10:26:32,18400,CE,SELL,77.35,-0.45000000000000284,NIFTY
2022-11-11 10:26:32,18400,PE,SELL,149.5,0.6500000000000057,NIFTY
2022-11-11 10:26:32,18350,CE,BUY,100.75,,NIFTY
2022-11-11 10:26:32,18350,PE,BUY,122.55,,NIFTY
2022-11-11 10:26:36,18350,CE,SELL,99.85,-0.9000000000000057,NIFTY
2022-11-11 10:26:36,18350,PE,SELL,123.1,0.5499999999999972,NIFTY
2022-11-11 10:26:36,18400,CE,BUY,76.7,,NIFTY
2022-11-11 10:26:36,18400,PE,BUY,150.15,,NIFTY
2022-11-11 10:26:40,18400,CE,SELL,76.9,0.20000000000000284,NIFTY
2022-11-11 10:26:40,18400,PE,SELL,149.55,-0.5999999999999943,NIFTY
2022-11-11 10:26:40,18350,CE,BUY,99.95,,NIFTY
2022-11-11 10:26:40,18350,PE,BUY,123.0,,NIFTY
2022-11-11 10:56:23,18350,CE,SELL,97.5,-2.450000000000003,NIFTY
2022-11-11 10:56:23,18350,PE,SELL,119.65,-3.3499999999999943,NIFTY
2022-11-11 10:56:23,18400,CE,BUY,74.5,,NIFTY
2022-11-11 10:56:23,18400,PE,BUY,146.75,,NIFTY
2022-11-11 10:56:24,18400,CE,SELL,74.25,-0.25,NIFTY
2022-11-11 10:56:24,18400,PE,SELL,146.85,0.09999999999999432,NIFTY
2022-11-11 10:56:24,18350,CE,BUY,97.2,,NIFTY
2022-11-11 10:56:24,18350,PE,BUY,119.7,,NIFTY
2022-11-11 10:56:25,18350,CE,SELL,97.0,-0.20000000000000284,NIFTY
2022-11-11 10:56:25,18350,PE,SELL,120.15,0.45000000000000284,NIFTY
2022-11-11 10:56:25,18400,CE,BUY,74.0,,NIFTY
2022-11-11 10:56:25,18400,PE,BUY,147.5,,NIFTY
2022-11-11 10:56:26,18400,CE,SELL,73.8,-0.20000000000000284,NIFTY
2022-11-11 10:56:26,18400,PE,SELL,148.0,0.5,NIFTY
2022-11-11 10:56:26,18350,CE,BUY,96.85,,NIFTY
2022-11-11 10:56:26,18350,PE,BUY,120.5,,NIFTY
2022-11-11 10:57:02,18350,CE,SELL,97.6,0.75,NIFTY
2022-11-11 10:57:02,18350,PE,SELL,119.85,-0.6500000000000057,NIFTY
2022-11-11 10:57:02,18400,CE,BUY,74.75,,NIFTY
2022-11-11 10:57:02,18400,PE,BUY,147.1,,NIFTY
2022-11-11 10:57:05,18400,CE,SELL,74.5,-0.25,NIFTY
2022-11-11 10:57:05,18400,PE,SELL,147.65,0.5500000000000114,NIFTY
2022-11-11 10:57:05,18350,CE,BUY,97.2,,NIFTY
2022-11-11 10:57:05,18350,PE,BUY,120.45,,NIFTY
2022-11-11 10:59:39,18350,CE,SELL,97.45,0.25,NIFTY
2022-11-11 10:59:39,18350,PE,SELL,120.4,-0.04999999999999716,NIFTY
2022-11-11 10:59:39,18400,CE,BUY,74.5,,NIFTY
2022-11-11 10:59:39,18400,PE,BUY,147.3,,NIFTY
2022-11-11 10:59:41,18400,CE,SELL,74.15,-0.3499999999999943,NIFTY
2022-11-11 10:59:41,18400,PE,SELL,148.0,0.6999999999999886,NIFTY
2022-11-11 10:59:41,18350,CE,BUY,97.0,,NIFTY
2022-11-11 10:59:41,18350,PE,BUY,120.7,,NIFTY
2022-11-11 10:59:46,18350,CE,SELL,97.35,0.3499999999999943,NIFTY
2022-11-11 10:59:46,18350,PE,SELL,120.5,-0.20000000000000284,NIFTY
2022-11-11 10:59:46,18400,CE,BUY,74.45,,NIFTY
2022-11-11 10:59:46,18400,PE,BUY,147.35,,NIFTY
2022-11-11 10:59:48,18400,CE,SELL,74.45,0.0,NIFTY
2022-11-11 10:59:48,18400,PE,SELL,148.1,0.75,NIFTY
2022-11-11 10:59:48,18350,CE,BUY,97.45,,NIFTY
2022-11-11 10:59:48,18350,PE,BUY,120.85,,NIFTY
2022-11-11 10:59:49,18350,CE,SELL,97.9,0.45000000000000284,NIFTY
2022-11-11 10:59:49,18350,PE,SELL,120.4,-0.44999999999998863,NIFTY
2022-11-11 10:59:49,18400,CE,BUY,74.95,,NIFTY
2022-11-11 10:59:49,18400,PE,BUY,147.35,,NIFTY
2022-11-11 11:00:01,18400,CE,SELL,74.15,-0.7999999999999972,NIFTY
2022-11-11 11:00:01,18400,PE,SELL,147.9,0.5500000000000114,NIFTY
2022-11-11 11:00:01,18350,CE,BUY,96.95,,NIFTY
2022-11-11 11:00:01,18350,PE,BUY,120.8,,NIFTY
2022-11-11 11:00:02,18350,CE,SELL,97.45,0.5,NIFTY
2022-11-11 11:00:02,18350,PE,SELL,120.4,-0.3999999999999915,NIFTY
2022-11-11 11:00:02,18400,CE,BUY,74.55,,NIFTY
2022-11-11 11:00:02,18400,PE,BUY,147.15,,NIFTY
2022-11-11 11:00:04,18400,CE,SELL,74.55,0.0,NIFTY
2022-11-11 11:00:04,18400,PE,SELL,147.0,-0.15000000000000568,NIFTY
2022-11-11 11:00:04,18350,CE,BUY,97.35,,NIFTY
2022-11-11 11:00:04,18350,PE,BUY,120.35,,NIFTY
2022-11-11 11:00:05,18350,CE,SELL,97.45,0.10000000000000853,NIFTY
2022-11-11 11:00:05,18350,PE,SELL,120.1,-0.25,NIFTY
2022-11-11 11:00:05,18400,CE,BUY,74.3,,NIFTY
2022-11-11 11:00:05,18400,PE,BUY,147.1,,NIFTY
2022-11-11 11:00:08,18400,CE,SELL,74.15,-0.14999999999999147,NIFTY
2022-11-11 11:00:08,18400,PE,SELL,147.4,0.30000000000001137,NIFTY
2022-11-11 11:00:08,18350,CE,BUY,97.1,,NIFTY
2022-11-11 11:00:08,18350,PE,BUY,120.3,,NIFTY
2022-11-11 11:00:10,18350,CE,SELL,97.05,-0.04999999999999716,NIFTY
2022-11-11 11:00:10,18350,PE,SELL,120.6,0.29999999999999716,NIFTY
2022-11-11 11:00:10,18400,CE,BUY,74.1,,NIFTY
2022-11-11 11:00:10,18400,PE,BUY,147.6,,NIFTY
2022-11-11 11:00:11,18400,CE,SELL,73.75,-0.3499999999999943,NIFTY
2022-11-11 11:00:11,18400,PE,SELL,147.75,0.15000000000000568,NIFTY
2022-11-11 11:00:11,18350,CE,BUY,96.5,,NIFTY
2022-11-11 11:00:11,18350,PE,BUY,120.8,,NIFTY
2022-11-11 11:00:12,18350,CE,SELL,97.05,0.5499999999999972,NIFTY
2022-11-11 11:00:12,18350,PE,SELL,120.55,-0.25,NIFTY
2022-11-11 11:00:12,18400,CE,BUY,74.25,,NIFTY
2022-11-11 11:00:12,18400,PE,BUY,147.45,,NIFTY
2022-11-11 11:00:13,18400,CE,SELL,74.1,-0.15000000000000568,NIFTY
2022-11-11 11:00:13,18400,PE,SELL,147.95,0.5,NIFTY
2022-11-11 11:00:13,18350,CE,BUY,97.05,,NIFTY
2022-11-11 11:00:13,18350,PE,BUY,121.15,,NIFTY
2022-11-11 11:00:14,18350,CE,SELL,97.0,-0.04999999999999716,NIFTY
2022-11-11 11:00:14,18350,PE,SELL,120.7,-0.45000000000000284,NIFTY
2022-11-11 11:00:14,18400,CE,BUY,73.95,,NIFTY
2022-11-11 11:00:14,18400,PE,BUY,147.85,,NIFTY
2022-11-11 11:00:33,18400,CE,SELL,74.4,0.45000000000000284,NIFTY
2022-11-11 11:00:33,18400,PE,SELL,147.65,-0.19999999999998863,NIFTY
2022-11-11 11:00:33,18350,CE,BUY,97.35,,NIFTY
2022-11-11 11:00:33,18350,PE,BUY,120.55,,NIFTY
2022-11-11 11:00:36,18350,CE,SELL,97.5,0.15000000000000568,NIFTY
2022-11-11 11:00:36,18350,PE,SELL,120.8,0.25,NIFTY
2022-11-11 11:00:36,18400,CE,BUY,74.4,,NIFTY
2022-11-11 11:00:36,18400,PE,BUY,147.9,,NIFTY
2022-11-11 11:00:37,18400,CE,SELL,74.4,0.0,NIFTY
2022-11-11 11:00:37,18400,PE,SELL,147.8,-0.09999999999999432,NIFTY
2022-11-11 11:00:37,18350,CE,BUY,97.5,,NIFTY
2022-11-11 11:00:37,18350,PE,BUY,120.35,,NIFTY
2022-11-11 11:00:38,18350,CE,SELL,97.55,0.04999999999999716,NIFTY
2022-11-11 11:00:38,18350,PE,SELL,120.4,0.05000000000001137,NIFTY
2022-11-11 11:00:38,18400,CE,BUY,74.5,,NIFTY
2022-11-11 11:00:38,18400,PE,BUY,147.4,,NIFTY
2022-11-11 11:02:27,18400,CE,SELL,74.0,-0.5,NIFTY
2022-11-11 11:02:27,18400,PE,SELL,147.5,0.09999999999999432,NIFTY
2022-11-11 11:02:27,18350,CE,BUY,97.0,,NIFTY
2022-11-11 11:02:27,18350,PE,BUY,120.85,,NIFTY
2022-11-11 11:02:29,18350,CE,SELL,96.85,-0.15000000000000568,NIFTY
2022-11-11 11:02:29,18350,PE,SELL,121.1,0.25,NIFTY
2022-11-11 11:02:29,18400,CE,BUY,74.15,,NIFTY
2022-11-11 11:02:29,18400,PE,BUY,147.65,,NIFTY
2022-11-11 11:02:37,18400,CE,SELL,74.2,0.04999999999999716,NIFTY
2022-11-11 11:02:37,18400,PE,SELL,147.9,0.25,NIFTY
2022-11-11 11:02:37,18350,CE,BUY,97.0,,NIFTY
2022-11-11 11:02:37,18350,PE,BUY,121.0,,NIFTY
2022-11-11 11:02:38,18350,CE,SELL,96.7,-0.29999999999999716,NIFTY
2022-11-11 11:02:38,18350,PE,SELL,121.1,0.09999999999999432,NIFTY
2022-11-11 11:02:38,18400,CE,BUY,73.95,,NIFTY
2022-11-11 11:02:38,18400,PE,BUY,148.25,,NIFTY
2022-11-11 11:02:47,18400,CE,SELL,74.4,0.45000000000000284,NIFTY
2022-11-11 11:02:47,18400,PE,SELL,148.15,-0.09999999999999432,NIFTY
2022-11-11 11:02:47,18350,CE,BUY,97.2,,NIFTY
2022-11-11 11:02:47,18350,PE,BUY,121.2,,NIFTY
2022-11-11 11:02:48,18350,CE,SELL,97.15,-0.04999999999999716,NIFTY
2022-11-11 11:02:48,18350,PE,SELL,121.0,-0.20000000000000284,NIFTY
2022-11-11 11:02:48,18400,CE,BUY,74.15,,NIFTY
2022-11-11 11:02:48,18400,PE,BUY,147.95,,NIFTY
2022-11-11 11:02:49,18400,CE,SELL,74.15,0.0,NIFTY
2022-11-11 11:02:49,18400,PE,SELL,148.15,0.20000000000001705,NIFTY
2022-11-11 11:02:49,18350,CE,BUY,97.15,,NIFTY
2022-11-11 11:02:49,18350,PE,BUY,121.05,,NIFTY
2022-11-11 11:02:51,18350,CE,SELL,97.5,0.3499999999999943,NIFTY
2022-11-11 11:02:51,18350,PE,SELL,120.6,-0.45000000000000284,NIFTY
2022-11-11 11:02:51,18400,CE,BUY,74.6,,NIFTY
2022-11-11 11:02:51,18400,PE,BUY,147.35,,NIFTY
2022-11-11 11:02:53,18400,CE,SELL,74.25,-0.3499999999999943,NIFTY
2022-11-11 11:02:53,18400,PE,SELL,148.3,0.950000000000017,NIFTY
2022-11-11 11:02:53,18350,CE,BUY,97.35,,NIFTY
2022-11-11 11:02:53,18350,PE,BUY,121.1,,NIFTY
2022-11-11 11:02:54,18350,CE,SELL,97.15,-0.19999999999998863,NIFTY
2022-11-11 11:02:54,18350,PE,SELL,121.0,-0.09999999999999432,NIFTY
2022-11-11 11:02:54,18400,CE,BUY,74.15,,NIFTY
2022-11-11 11:02:54,18400,PE,BUY,147.85,,NIFTY
2022-11-11 11:03:08,18400,CE,SELL,74.3,0.14999999999999147,NIFTY
2022-11-11 11:03:08,18400,PE,SELL,148.1,0.25,NIFTY
2022-11-11 11:03:08,18350,CE,BUY,97.35,,NIFTY
2022-11-11 11:03:08,18350,PE,BUY,121.0,,NIFTY
2022-11-11 11:03:11,18350,CE,SELL,96.8,-0.5499999999999972,NIFTY
2022-11-11 11:03:11,18350,PE,SELL,121.15,0.15000000000000568,NIFTY
2022-11-11 11:03:11,18400,CE,BUY,74.05,,NIFTY
2022-11-11 11:03:11,18400,PE,BUY,148.2,,NIFTY
2022-11-11 11:03:18,18400,CE,SELL,73.95,-0.09999999999999432,NIFTY
2022-11-11 11:03:18,18400,PE,SELL,148.55,0.35000000000002274,NIFTY
2022-11-11 11:03:18,18350,CE,BUY,96.65,,NIFTY
2022-11-11 11:03:18,18350,PE,BUY,121.55,,NIFTY
2022-11-11 11:03:48,18350,CE,SELL,97.35,0.6999999999999886,NIFTY
2022-11-11 11:03:48,18350,PE,SELL,120.35,-1.2000000000000028,NIFTY
2022-11-11 11:03:48,18400,CE,BUY,74.4,,NIFTY
2022-11-11 11:03:48,18400,PE,BUY,147.1,,NIFTY
2022-11-11 11:03:52,18400,CE,SELL,73.5,-0.9000000000000057,NIFTY
2022-11-11 11:03:52,18400,PE,SELL,149.0,1.9000000000000057,NIFTY
2022-11-11 11:03:52,18350,CE,BUY,96.35,,NIFTY
2022-11-11 11:03:52,18350,PE,BUY,121.85,,NIFTY
2022-11-11 11:04:06,18350,CE,SELL,97.0,0.6500000000000057,NIFTY
2022-11-11 11:04:06,18350,PE,SELL,121.0,-0.8499999999999943,NIFTY
2022-11-11 11:04:06,18400,CE,BUY,73.8,,NIFTY
2022-11-11 11:04:06,18400,PE,BUY,148.3,,NIFTY
2022-11-11 11:04:10,18400,CE,SELL,73.6,-0.20000000000000284,NIFTY
2022-11-11 11:04:10,18400,PE,SELL,149.0,0.6999999999999886,NIFTY
2022-11-11 11:04:10,18350,CE,BUY,96.35,,NIFTY
2022-11-11 11:04:10,18350,PE,BUY,121.8,,NIFTY
2022-11-11 11:04:30,18350,CE,SELL,96.75,0.4000000000000057,NIFTY
2022-11-11 11:04:30,18350,PE,SELL,121.15,-0.6499999999999915,NIFTY
2022-11-11 11:04:30,18400,CE,BUY,73.85,,NIFTY
2022-11-11 11:04:30,18400,PE,BUY,148.35,,NIFTY
2022-11-11 11:04:43,18400,CE,SELL,74.35,0.5,NIFTY
2022-11-11 11:04:43,18400,PE,SELL,148.0,-0.3499999999999943,NIFTY
2022-11-11 11:04:43,18350,CE,BUY,97.15,,NIFTY
2022-11-11 11:04:43,18350,PE,BUY,120.9,,NIFTY
2022-11-11 11:04:45,18350,CE,SELL,97.25,0.09999999999999432,NIFTY
2022-11-11 11:04:45,18350,PE,SELL,120.5,-0.4000000000000057,NIFTY
2022-11-11 11:04:45,18400,CE,BUY,74.55,,NIFTY
2022-11-11 11:04:45,18400,PE,BUY,147.2,,NIFTY
2022-11-11 11:04:49,18400,CE,SELL,74.4,-0.14999999999999147,NIFTY
2022-11-11 11:04:49,18400,PE,SELL,147.85,0.6500000000000057,NIFTY
2022-11-11 11:04:49,18350,CE,BUY,97.2,,NIFTY
2022-11-11 11:04:49,18350,PE,BUY,120.6,,NIFTY
2022-11-11 11:04:52,18350,CE,SELL,97.7,0.5,NIFTY
2022-11-11 11:04:52,18350,PE,SELL,120.2,-0.3999999999999915,NIFTY
2022-11-11 11:04:52,18400,CE,BUY,74.55,,NIFTY
2022-11-11 11:04:52,18400,PE,BUY,147.25,,NIFTY
2022-11-11 11:05:59,18400,CE,SELL,73.7,-0.8499999999999943,NIFTY
2022-11-11 11:05:59,18400,PE,SELL,149.0,1.75,NIFTY
2022-11-11 11:05:59,18350,CE,BUY,96.45,,NIFTY
2022-11-11 11:05:59,18350,PE,BUY,121.95,,NIFTY
2022-11-11 11:06:00,18350,CE,SELL,96.6,0.14999999999999147,NIFTY
2022-11-11 11:06:00,18350,PE,SELL,121.85,-0.10000000000000853,NIFTY
2022-11-11 11:06:00,18400,CE,BUY,73.85,,NIFTY
2022-11-11 11:06:00,18400,PE,BUY,149.0,,NIFTY
2022-11-11 11:07:42,18400,CE,SELL,73.4,-0.44999999999998863,NIFTY
2022-11-11 11:07:42,18400,PE,SELL,149.35,0.3499999999999943,NIFTY
2022-11-11 11:07:42,18350,CE,BUY,96.15,,NIFTY
2022-11-11 11:07:42,18350,PE,BUY,122.5,,NIFTY
2022-11-11 11:08:14,18350,CE,SELL,97.6,1.4499999999999886,NIFTY
2022-11-11 11:08:14,18350,PE,SELL,121.1,-1.4000000000000057,NIFTY
2022-11-11 11:08:14,18400,CE,BUY,74.7,,NIFTY
2022-11-11 11:08:14,18400,PE,BUY,148.0,,NIFTY
2022-11-11 11:08:24,18400,CE,SELL,74.25,-0.45000000000000284,NIFTY
2022-11-11 11:08:24,18400,PE,SELL,148.7,0.6999999999999886,NIFTY
2022-11-11 11:08:24,18350,CE,BUY,96.85,,NIFTY
2022-11-11 11:08:24,18350,PE,BUY,121.45,,NIFTY
2022-11-11 11:08:26,18350,CE,SELL,97.1,0.25,NIFTY
2022-11-11 11:08:26,18350,PE,SELL,121.5,0.04999999999999716,NIFTY
2022-11-11 11:08:26,18400,CE,BUY,74.5,,NIFTY
2022-11-11 11:08:26,18400,PE,BUY,148.45,,NIFTY
2022-11-11 11:08:27,18400,CE,SELL,74.6,0.09999999999999432,NIFTY
2022-11-11 11:08:27,18400,PE,SELL,148.15,-0.29999999999998295,NIFTY
2022-11-11 11:08:27,18350,CE,BUY,97.1,,NIFTY
2022-11-11 11:08:27,18350,PE,BUY,121.25,,NIFTY
2022-11-11 11:08:29,18350,CE,SELL,97.4,0.30000000000001137,NIFTY
2022-11-11 11:08:29,18350,PE,SELL,120.95,-0.29999999999999716,NIFTY
2022-11-11 11:08:29,18400,CE,BUY,74.65,,NIFTY
2022-11-11 11:08:29,18400,PE,BUY,148.0,,NIFTY
2022-11-11 11:09:00,18400,CE,SELL,74.4,-0.25,NIFTY
2022-11-11 11:09:00,18400,PE,SELL,148.9,0.9000000000000057,NIFTY
2022-11-11 11:09:00,18350,CE,BUY,97.0,,NIFTY
2022-11-11 11:09:00,18350,PE,BUY,121.6,,NIFTY
2022-11-11 11:09:03,18350,CE,SELL,97.3,0.29999999999999716,NIFTY
2022-11-11 11:09:03,18350,PE,SELL,121.2,-0.3999999999999915,NIFTY
2022-11-11 11:09:03,18400,CE,BUY,74.55,,NIFTY
2022-11-11 11:09:03,18400,PE,BUY,148.15,,NIFTY
2022-11-11 11:09:21,18400,CE,SELL,73.75,-0.7999999999999972,NIFTY
2022-11-11 11:09:21,18400,PE,SELL,148.95,0.799999999999983,NIFTY
2022-11-11 11:09:21,18350,CE,BUY,96.35,,NIFTY
2022-11-11 11:09:21,18350,PE,BUY,122.1,,NIFTY
2022-11-11 11:09:28,18350,CE,SELL,96.75,0.4000000000000057,NIFTY
2022-11-11 11:09:28,18350,PE,SELL,121.45,-0.6499999999999915,NIFTY
2022-11-11 11:09:28,18400,CE,BUY,74.0,,NIFTY
2022-11-11 11:09:28,18400,PE,BUY,148.8,,NIFTY
2022-11-11 11:09:33,18400,CE,SELL,74.0,0.0,NIFTY
2022-11-11 11:09:33,18400,PE,SELL,149.5,0.6999999999999886,NIFTY
2022-11-11 11:09:33,18350,CE,BUY,96.8,,NIFTY
2022-11-11 11:09:33,18350,PE,BUY,121.95,,NIFTY
2022-11-11 11:09:35,18350,CE,SELL,96.8,0.0,NIFTY
2022-11-11 11:09:35,18350,PE,SELL,121.55,-0.4000000000000057,NIFTY
2022-11-11 11:09:35,18400,CE,BUY,74.0,,NIFTY
2022-11-11 11:09:35,18400,PE,BUY,148.55,,NIFTY
2022-11-11 11:09:36,18400,CE,SELL,74.1,0.09999999999999432,NIFTY
2022-11-11 11:09:36,18400,PE,SELL,148.75,0.19999999999998863,NIFTY
2022-11-11 11:09:36,18350,CE,BUY,96.8,,NIFTY
2022-11-11 11:09:36,18350,PE,BUY,121.6,,NIFTY
2022-11-11 11:09:45,18350,CE,SELL,96.65,-0.14999999999999147,NIFTY
2022-11-11 11:09:45,18350,PE,SELL,121.8,0.20000000000000284,NIFTY
2022-11-11 11:09:45,18400,CE,BUY,74.05,,NIFTY
2022-11-11 11:09:45,18400,PE,BUY,148.9,,NIFTY
2022-11-11 11:09:46,18400,CE,SELL,74.05,0.0,NIFTY
2022-11-11 11:09:46,18400,PE,SELL,148.8,-0.09999999999999432,NIFTY
2022-11-11 11:09:46,18350,CE,BUY,96.65,,NIFTY
2022-11-11 11:09:46,18350,PE,BUY,121.65,,NIFTY
2022-11-11 11:10:10,18350,CE,SELL,97.6,0.9499999999999886,NIFTY
2022-11-11 11:10:10,18350,PE,SELL,120.6,-1.0500000000000114,NIFTY
2022-11-11 11:10:10,18400,CE,BUY,74.75,,NIFTY
2022-11-11 11:10:10,18400,PE,BUY,147.75,,NIFTY
2022-11-11 11:10:11,18400,CE,SELL,74.35,-0.4000000000000057,NIFTY
2022-11-11 11:10:11,18400,PE,SELL,147.95,0.19999999999998863,NIFTY
2022-11-11 11:10:11,18350,CE,BUY,97.35,,NIFTY
2022-11-11 11:10:11,18350,PE,BUY,120.85,,NIFTY
2022-11-11 11:10:12,18350,CE,SELL,97.05,-0.29999999999999716,NIFTY
2022-11-11 11:10:12,18350,PE,SELL,120.85,0.0,NIFTY
2022-11-11 11:10:12,18400,CE,BUY,74.2,,NIFTY
2022-11-11 11:10:12,18400,PE,BUY,147.95,,NIFTY
2022-11-11 11:10:22,18400,CE,SELL,73.95,-0.25,NIFTY
2022-11-11 11:10:22,18400,PE,SELL,149.05,1.1000000000000227,NIFTY
2022-11-11 11:10:22,18350,CE,BUY,96.6,,NIFTY
2022-11-11 11:10:22,18350,PE,BUY,121.65,,NIFTY
2022-11-11 11:10:32,18350,CE,SELL,96.6,0.0,NIFTY
2022-11-11 11:10:32,18350,PE,SELL,121.5,-0.15000000000000568,NIFTY
2022-11-11 11:10:32,18400,CE,BUY,73.7,,NIFTY
2022-11-11 11:10:32,18400,PE,BUY,148.75,,NIFTY
2022-11-11 11:10:35,18400,CE,SELL,73.45,-0.25,NIFTY
2022-11-11 11:10:35,18400,PE,SELL,149.2,0.44999999999998863,NIFTY
2022-11-11 11:10:35,18350,CE,BUY,96.25,,NIFTY
2022-11-11 11:10:35,18350,PE,BUY,121.75,,NIFTY
2022-11-11 11:11:38,18350,CE,SELL,98.15,1.9000000000000057,NIFTY
2022-11-11 11:11:38,18350,PE,SELL,119.9,-1.8499999999999943,NIFTY
2022-11-11 11:11:38,18400,CE,BUY,75.05,,NIFTY
2022-11-11 11:11:38,18400,PE,BUY,146.95,,NIFTY
2022-11-11 11:12:06,18400,CE,SELL,74.2,-0.8499999999999943,NIFTY
2022-11-11 11:12:06,18400,PE,SELL,148.6,1.6500000000000057,NIFTY
2022-11-11 11:12:06,18350,CE,BUY,97.0,,NIFTY
2022-11-11 11:12:06,18350,PE,BUY,121.1,,NIFTY
2022-11-11 11:16:54,18350,CE,SELL,97.8,0.7999999999999972,NIFTY
2022-11-11 11:16:54,18350,PE,SELL,120.95,-0.14999999999999147,NIFTY
2022-11-11 11:16:54,18400,CE,BUY,74.8,,NIFTY
2022-11-11 11:16:54,18400,PE,BUY,148.15,,NIFTY
2022-11-11 11:16:55,18400,CE,SELL,74.8,0.0,NIFTY
2022-11-11 11:16:55,18400,PE,SELL,148.45,0.29999999999998295,NIFTY
2022-11-11 11:16:55,18350,CE,BUY,97.6,,NIFTY
2022-11-11 11:16:55,18350,PE,BUY,120.95,,NIFTY
2022-11-11 11:24:05,18350,CE,SELL,97.2,-0.3999999999999915,NIFTY
2022-11-11 11:24:05,18350,PE,SELL,120.8,-0.15000000000000568,NIFTY
2022-11-11 11:24:05,18400,CE,BUY,74.5,,NIFTY
2022-11-11 11:24:05,18400,PE,BUY,147.9,,NIFTY
2022-11-11 11:24:08,18400,CE,SELL,73.95,-0.5499999999999972,NIFTY
2022-11-11 11:24:08,18400,PE,SELL,148.5,0.5999999999999943,NIFTY
2022-11-11 11:24:08,18350,CE,BUY,96.75,,NIFTY
2022-11-11 11:24:08,18350,PE,BUY,121.4,,NIFTY
2022-11-11 11:29:09,18350,CE,SELL,96.65,-0.09999999999999432,NIFTY
2022-11-11 11:29:09,18350,PE,SELL,120.85,-0.5500000000000114,NIFTY
2022-11-11 11:29:09,18400,CE,BUY,73.7,,NIFTY
2022-11-11 11:29:09,18400,PE,BUY,148.2,,NIFTY
2022-11-11 11:29:11,18400,CE,SELL,73.35,-0.3500000000000085,NIFTY
2022-11-11 11:29:11,18400,PE,SELL,148.4,0.20000000000001705,NIFTY
2022-11-11 11:29:11,18350,CE,BUY,96.25,,NIFTY
2022-11-11 11:29:11,18350,PE,BUY,121.1,,NIFTY
2022-11-11 11:31:20,18350,CE,SELL,97.0,0.75,NIFTY
2022-11-11 11:31:20,18350,PE,SELL,120.1,-1.0,NIFTY
2022-11-11 11:31:20,18400,CE,BUY,74.3,,NIFTY
2022-11-11 11:31:20,18400,PE,BUY,147.2,,NIFTY
2022-11-11 11:31:38,18400,CE,SELL,73.9,-0.3999999999999915,NIFTY
2022-11-11 11:31:38,18400,PE,SELL,147.2,0.0,NIFTY
2022-11-11 11:31:38,18350,CE,BUY,96.85,,NIFTY
2022-11-11 11:31:38,18350,PE,BUY,120.15,,NIFTY
2022-11-11 11:31:40,18350,CE,SELL,96.8,-0.04999999999999716,NIFTY
2022-11-11 11:31:40,18350,PE,SELL,120.4,0.25,NIFTY
2022-11-11 11:31:40,18400,CE,BUY,74.15,,NIFTY
2022-11-11 11:31:40,18400,PE,BUY,147.25,,NIFTY
2022-11-11 11:31:50,18400,CE,SELL,73.8,-0.3500000000000085,NIFTY
2022-11-11 11:31:50,18400,PE,SELL,148.05,0.8000000000000114,NIFTY
2022-11-11 11:31:50,18350,CE,BUY,96.05,,NIFTY
2022-11-11 11:31:50,18350,PE,BUY,121.0,,NIFTY
2022-11-11 11:31:57,18350,CE,SELL,96.5,0.45000000000000284,NIFTY
2022-11-11 11:31:57,18350,PE,SELL,120.45,-0.5499999999999972,NIFTY
2022-11-11 11:31:57,18400,CE,BUY,73.95,,NIFTY
2022-11-11 11:31:57,18400,PE,BUY,147.2,,NIFTY
2022-11-11 11:32:03,18400,CE,SELL,73.75,-0.20000000000000284,NIFTY
2022-11-11 11:32:03,18400,PE,SELL,147.75,0.5500000000000114,NIFTY
2022-11-11 11:32:03,18350,CE,BUY,96.5,,NIFTY
2022-11-11 11:32:03,18350,PE,BUY,120.75,,NIFTY
2022-11-11 11:32:05,18350,CE,SELL,96.5,0.0,NIFTY
2022-11-11 11:32:05,18350,PE,SELL,120.45,-0.29999999999999716,NIFTY
2022-11-11 11:32:05,18400,CE,BUY,73.7,,NIFTY
2022-11-11 11:32:05,18400,PE,BUY,147.35,,NIFTY
2022-11-11 11:32:07,18400,CE,SELL,73.75,0.04999999999999716,NIFTY
2022-11-11 11:32:07,18400,PE,SELL,147.65,0.30000000000001137,NIFTY
2022-11-11 11:32:07,18350,CE,BUY,96.45,,NIFTY
2022-11-11 11:32:07,18350,PE,BUY,120.6,,NIFTY
2022-11-11 11:32:09,18350,CE,SELL,96.2,-0.25,NIFTY
2022-11-11 11:32:09,18350,PE,SELL,120.75,0.15000000000000568,NIFTY
2022-11-11 11:32:09,18400,CE,BUY,73.45,,NIFTY
2022-11-11 11:32:09,18400,PE,BUY,147.5,,NIFTY
2022-11-11 11:32:10,18400,CE,SELL,73.45,0.0,NIFTY
2022-11-11 11:32:10,18400,PE,SELL,147.8,0.30000000000001137,NIFTY
2022-11-11 11:32:10,18350,CE,BUY,96.2,,NIFTY
2022-11-11 11:32:10,18350,PE,BUY,120.75,,NIFTY
2022-11-11 11:32:48,18350,CE,SELL,95.95,-0.25,NIFTY
2022-11-11 11:32:48,18350,PE,SELL,121.0,0.25,NIFTY
2022-11-11 11:32:48,18400,CE,BUY,73.35,,NIFTY
2022-11-11 11:32:48,18400,PE,BUY,147.7,,NIFTY
2022-11-11 12:11:43,18400,CE,SELL,74.7,1.3500000000000085,NIFTY
2022-11-11 12:11:43,18400,PE,SELL,147.15,-0.549999999999983,NIFTY
2022-11-11 12:11:43,18350,CE,BUY,97.6,,NIFTY
2022-11-11 12:11:43,18350,PE,BUY,120.2,,NIFTY
2022-11-11 12:11:45,18350,CE,SELL,97.3,-0.29999999999999716,NIFTY
2022-11-11 12:11:45,18350,PE,SELL,120.05,-0.15000000000000568,NIFTY
2022-11-11 12:11:45,18400,CE,BUY,74.55,,NIFTY
2022-11-11 12:11:45,18400,PE,BUY,147.25,,NIFTY
2022-11-11 13:01:44,18400,CE,SELL,74.05,-0.5,NIFTY
2022-11-11 13:01:44,18400,PE,SELL,146.0,-1.25,NIFTY
2022-11-11 13:01:44,18350,CE,BUY,96.45,,NIFTY
2022-11-11 13:01:44,18350,PE,BUY,118.75,,NIFTY
2022-11-11 13:01:45,18350,CE,SELL,96.5,0.04999999999999716,NIFTY
2022-11-11 13:01:45,18350,PE,SELL,118.45,-0.29999999999999716,NIFTY
2022-11-11 13:01:45,18400,CE,BUY,74.1,,NIFTY
2022-11-11 13:01:45,18400,PE,BUY,145.65,,NIFTY
2022-11-11 13:01:47,18400,CE,SELL,72.85,-1.25,NIFTY
2022-11-11 13:01:47,18400,PE,SELL,146.3,0.6500000000000057,NIFTY
2022-11-11 13:01:47,18350,CE,BUY,95.35,,NIFTY
2022-11-11 13:01:47,18350,PE,BUY,119.0,,NIFTY
2022-11-11 13:01:57,18350,CE,SELL,94.75,-0.5999999999999943,NIFTY
2022-11-11 13:01:57,18350,PE,SELL,119.4,0.4000000000000057,NIFTY
2022-11-11 13:01:57,18400,CE,BUY,72.5,,NIFTY
2022-11-11 13:01:57,18400,PE,BUY,146.85,,NIFTY
2022-11-11 13:01:58,18400,CE,SELL,72.5,0.0,NIFTY
2022-11-11 13:01:58,18400,PE,SELL,146.65,-0.19999999999998863,NIFTY
2022-11-11 13:01:58,18350,CE,BUY,94.75,,NIFTY
2022-11-11 13:01:58,18350,PE,BUY,119.15,,NIFTY
2022-11-11 13:02:02,18350,CE,SELL,94.9,0.15000000000000568,NIFTY
2022-11-11 13:02:02,18350,PE,SELL,119.3,0.14999999999999147,NIFTY
2022-11-11 13:02:02,18400,CE,BUY,72.75,,NIFTY
2022-11-11 13:02:02,18400,PE,BUY,146.85,,NIFTY
2022-11-11 13:02:03,18400,CE,SELL,72.75,0.0,NIFTY
2022-11-11 13:02:03,18400,PE,SELL,146.45,-0.4000000000000057,NIFTY
2022-11-11 13:02:03,18350,CE,BUY,94.9,,NIFTY
2022-11-11 13:02:03,18350,PE,BUY,119.05,,NIFTY
2022-11-11 13:02:05,18350,CE,SELL,95.6,0.6999999999999886,NIFTY
2022-11-11 13:02:05,18350,PE,SELL,118.8,-0.25,NIFTY
2022-11-11 13:02:05,18400,CE,BUY,73.1,,NIFTY
2022-11-11 13:02:05,18400,PE,BUY,146.35,,NIFTY
2022-11-11 13:02:11,18400,CE,SELL,73.6,0.5,NIFTY
2022-11-11 13:02:11,18400,PE,SELL,145.9,-0.44999999999998863,NIFTY
2022-11-11 13:02:11,18350,CE,BUY,95.7,,NIFTY
2022-11-11 13:02:11,18350,PE,BUY,118.8,,NIFTY
2022-11-11 13:02:12,18350,CE,SELL,96.5,0.7999999999999972,NIFTY
2022-11-11 13:02:12,18350,PE,SELL,117.85,-0.9500000000000028,NIFTY
2022-11-11 13:02:12,18400,CE,BUY,73.6,,NIFTY
2022-11-11 13:02:12,18400,PE,BUY,145.2,,NIFTY
2022-11-11 13:02:27,18400,CE,SELL,72.85,-0.75,NIFTY
2022-11-11 13:02:27,18400,PE,SELL,146.6,1.4000000000000057,NIFTY
2022-11-11 13:02:27,18350,CE,BUY,95.5,,NIFTY
2022-11-11 13:02:27,18350,PE,BUY,119.15,,NIFTY
2022-11-11 13:02:33,18350,CE,SELL,96.0,0.5,NIFTY
2022-11-11 13:02:33,18350,PE,SELL,118.7,-0.45000000000000284,NIFTY
2022-11-11 13:02:33,18400,CE,BUY,73.45,,NIFTY
2022-11-11 13:02:33,18400,PE,BUY,146.2,,NIFTY
2022-11-11 13:03:02,18400,CE,SELL,72.7,-0.75,NIFTY
2022-11-11 13:03:02,18400,PE,SELL,146.7,0.5,NIFTY
2022-11-11 13:03:02,18350,CE,BUY,95.35,,NIFTY
2022-11-11 13:03:02,18350,PE,BUY,119.5,,NIFTY
2022-11-11 13:03:15,18350,CE,SELL,96.65,1.3000000000000114,NIFTY
2022-11-11 13:03:15,18350,PE,SELL,119.0,-0.5,NIFTY
2022-11-11 13:03:15,18400,CE,BUY,73.75,,NIFTY
2022-11-11 13:03:15,18400,PE,BUY,146.15,,NIFTY
2022-11-11 13:04:31,18400,CE,SELL,74.05,0.29999999999999716,NIFTY
2022-11-11 13:04:31,18400,PE,SELL,145.8,-0.3499999999999943,NIFTY
2022-11-11 13:04:31,18350,CE,BUY,96.65,,NIFTY
2022-11-11 13:04:31,18350,PE,BUY,118.5,,NIFTY
2022-11-11 13:04:32,18350,CE,SELL,97.25,0.5999999999999943,NIFTY
2022-11-11 13:04:32,18350,PE,SELL,117.9,-0.5999999999999943,NIFTY
2022-11-11 13:04:32,18400,CE,BUY,74.7,,NIFTY
2022-11-11 13:04:32,18400,PE,BUY,145.0,,NIFTY
2022-11-11 13:04:55,18400,CE,SELL,74.0,-0.7000000000000028,NIFTY
2022-11-11 13:04:55,18400,PE,SELL,145.75,0.75,NIFTY
2022-11-11 13:04:55,18350,CE,BUY,96.85,,NIFTY
2022-11-11 13:04:55,18350,PE,BUY,118.5,,NIFTY
2022-11-11 13:04:57,18350,CE,SELL,96.65,-0.19999999999998863,NIFTY
2022-11-11 13:04:57,18350,PE,SELL,118.45,-0.04999999999999716,NIFTY
2022-11-11 13:04:57,18400,CE,BUY,74.0,,NIFTY
2022-11-11 13:04:57,18400,PE,BUY,145.7,,NIFTY
2022-11-11 13:04:59,18400,CE,SELL,74.0,0.0,NIFTY
2022-11-11 13:04:59,18400,PE,SELL,145.95,0.25,NIFTY
2022-11-11 13:04:59,18350,CE,BUY,96.75,,NIFTY
2022-11-11 13:04:59,18350,PE,BUY,118.45,,NIFTY
2022-11-11 13:05:01,18350,CE,SELL,96.15,-0.5999999999999943,NIFTY
2022-11-11 13:05:01,18350,PE,SELL,118.9,0.45000000000000284,NIFTY
2022-11-11 13:05:01,18400,CE,BUY,73.55,,NIFTY
2022-11-11 13:05:01,18400,PE,BUY,146.6,,NIFTY
2022-11-11 13:05:02,18400,CE,SELL,74.0,0.45000000000000284,NIFTY
2022-11-11 13:05:02,18400,PE,SELL,146.15,-0.44999999999998863,NIFTY
2022-11-11 13:05:02,18350,CE,BUY,96.35,,NIFTY
2022-11-11 13:05:02,18350,PE,BUY,118.7,,NIFTY
2022-11-11 13:05:14,18350,CE,SELL,96.75,0.4000000000000057,NIFTY
2022-11-11 13:05:14,18350,PE,SELL,118.65,-0.04999999999999716,NIFTY
2022-11-11 13:05:14,18400,CE,BUY,74.05,,NIFTY
2022-11-11 13:05:14,18400,PE,BUY,145.8,,NIFTY
2022-11-11 13:05:15,18400,CE,SELL,74.0,-0.04999999999999716,NIFTY
2022-11-11 13:05:15,18400,PE,SELL,146.05,0.25,NIFTY
2022-11-11 13:05:15,18350,CE,BUY,96.8,,NIFTY
2022-11-11 13:05:15,18350,PE,BUY,118.55,,NIFTY
2022-11-11 13:05:17,18350,CE,SELL,96.5,-0.29999999999999716,NIFTY
2022-11-11 13:05:17,18350,PE,SELL,118.45,-0.09999999999999432,NIFTY
2022-11-11 13:05:17,18400,CE,BUY,73.9,,NIFTY
2022-11-11 13:05:17,18400,PE,BUY,145.8,,NIFTY
2022-11-11 13:05:36,18400,CE,SELL,74.0,0.09999999999999432,NIFTY
2022-11-11 13:05:36,18400,PE,SELL,145.6,-0.20000000000001705,NIFTY
2022-11-11 13:05:36,18350,CE,BUY,96.75,,NIFTY
2022-11-11 13:05:36,18350,PE,BUY,118.5,,NIFTY
2022-11-11 13:05:38,18350,CE,SELL,96.6,-0.15000000000000568,NIFTY
2022-11-11 13:05:38,18350,PE,SELL,118.3,-0.20000000000000284,NIFTY
2022-11-11 13:05:38,18400,CE,BUY,73.95,,NIFTY
2022-11-11 13:05:38,18400,PE,BUY,145.45,,NIFTY
2022-11-11 15:00:06,18400,CE,SELL,96.5,22.549999999999997,NIFTY
2022-11-11 15:00:06,18400,PE,SELL,115.75,-29.69999999999999,NIFTY
2022-11-11 15:00:06,18450,CE,BUY,73.05,,NIFTY
2022-11-11 15:00:06,18450,PE,BUY,142.7,,NIFTY
2022-11-11 15:00:12,18450,CE,SELL,71.45,-1.5999999999999943,NIFTY
2022-11-11 15:00:12,18450,PE,SELL,145.7,3.0,NIFTY
2022-11-11 15:00:12,18400,CE,BUY,94.6,,NIFTY
2022-11-11 15:00:12,18400,PE,BUY,118.75,,NIFTY
2022-11-11 15:22:38,18400,CE,SELL,94.55,-0.04999999999999716,NIFTY
2022-11-11 15:22:38,18400,PE,SELL,115.0,-3.75,NIFTY
2022-11-11 15:22:38,18450,CE,BUY,71.2,,NIFTY
2022-11-11 15:22:38,18450,PE,BUY,141.8,,NIFTY
2022-11-11 15:22:44,18450,CE,SELL,71.35,0.14999999999999147,NIFTY
2022-11-11 15:22:44,18450,PE,SELL,140.95,-0.8500000000000227,NIFTY
2022-11-11 15:22:44,18400,CE,BUY,94.45,,NIFTY
2022-11-11 15:22:44,18400,PE,BUY,114.45,,NIFTY
2022-11-11 15:22:45,18400,CE,SELL,94.6,0.14999999999999147,NIFTY
2022-11-11 15:22:45,18400,PE,SELL,114.4,-0.04999999999999716,NIFTY
2022-11-11 15:22:45,18450,CE,BUY,71.25,,NIFTY
2022-11-11 15:22:45,18450,PE,BUY,140.35,,NIFTY
2022-11-11 15:22:46,18450,CE,SELL,71.4,0.15000000000000568,NIFTY
2022-11-11 15:22:46,18450,PE,SELL,140.85,0.5,NIFTY
2022-11-11 15:22:46,18400,CE,BUY,94.5,,NIFTY
2022-11-11 15:22:46,18400,PE,BUY,114.4,,NIFTY
2022-11-11 15:22:47,18400,CE,SELL,94.4,-0.09999999999999432,NIFTY
2022-11-11 15:22:47,18400,PE,SELL,114.4,0.0,NIFTY
2022-11-11 15:22:47,18450,CE,BUY,71.25,,NIFTY
2022-11-11 15:22:47,18450,PE,BUY,140.85,,NIFTY
2022-11-11 15:23:01,18450,CE,SELL,71.25,0.0,NIFTY
2022-11-11 15:23:01,18450,PE,SELL,142.0,1.1500000000000057,NIFTY
2022-11-11 15:23:01,18400,CE,BUY,94.5,,NIFTY
2022-11-11 15:23:01,18400,PE,BUY,115.45,,NIFTY
2022-11-11 15:23:08,18400,CE,SELL,94.65,0.15000000000000568,NIFTY
2022-11-11 15:23:08,18400,PE,SELL,115.4,-0.04999999999999716,NIFTY
2022-11-11 15:23:08,18450,CE,BUY,71.25,,NIFTY
2022-11-11 15:23:08,18450,PE,BUY,142.25,,NIFTY
2022-11-11 15:23:09,18450,CE,SELL,71.45,0.20000000000000284,NIFTY
2022-11-11 15:23:09,18450,PE,SELL,142.0,-0.25,NIFTY
2022-11-11 15:23:09,18400,CE,BUY,94.65,,NIFTY
2022-11-11 15:23:09,18400,PE,BUY,115.5,,NIFTY
2022-11-11 15:23:18,18400,CE,SELL,94.6,-0.05000000000001137,NIFTY
2022-11-11 15:23:18,18400,PE,SELL,115.35,-0.15000000000000568,NIFTY
2022-11-11 15:23:18,18450,CE,BUY,71.45,,NIFTY
2022-11-11 15:23:18,18450,PE,BUY,142.35,,NIFTY
2022-11-11 15:23:19,18450,CE,SELL,71.5,0.04999999999999716,NIFTY
2022-11-11 15:23:19,18450,PE,SELL,141.65,-0.6999999999999886,NIFTY
2022-11-11 15:23:19,18400,CE,BUY,94.65,,NIFTY
2022-11-11 15:23:19,18400,PE,BUY,115.35,,NIFTY
2022-11-11 15:23:47,18400,CE,SELL,94.85,0.19999999999998863,NIFTY
2022-11-11 15:23:47,18400,PE,SELL,115.2,-0.14999999999999147,NIFTY
2022-11-11 15:23:47,18450,CE,BUY,71.5,,NIFTY
2022-11-11 15:23:47,18450,PE,BUY,141.9,,NIFTY
2022-11-11 15:24:00,18450,CE,SELL,71.45,-0.04999999999999716,NIFTY
2022-11-11 15:24:00,18450,PE,SELL,141.75,-0.15000000000000568,NIFTY
2022-11-11 15:24:00,18400,CE,BUY,94.85,,NIFTY
2022-11-11 15:24:00,18400,PE,BUY,115.6,,NIFTY
2022-11-11 15:24:07,18400,CE,SELL,94.85,0.0,NIFTY
2022-11-11 15:24:07,18400,PE,SELL,115.9,0.30000000000001137,NIFTY
2022-11-11 15:24:07,18450,CE,BUY,71.5,,NIFTY
2022-11-11 15:24:07,18450,PE,BUY,142.6,,NIFTY
2022-11-11 15:24:09,18450,CE,SELL,71.6,0.09999999999999432,NIFTY
2022-11-11 15:24:09,18450,PE,SELL,142.6,0.0,NIFTY
2022-11-11 15:24:09,18400,CE,BUY,94.85,,NIFTY
2022-11-11 15:24:09,18400,PE,BUY,115.95,,NIFTY
2022-11-11 15:24:18,18400,CE,SELL,95.0,0.15000000000000568,NIFTY
2022-11-11 15:24:18,18400,PE,SELL,116.2,0.25,NIFTY
2022-11-11 15:24:18,18450,CE,BUY,71.7,,NIFTY
2022-11-11 15:24:18,18450,PE,BUY,142.95,,NIFTY
2022-11-11 15:24:19,18450,CE,SELL,71.7,0.0,NIFTY
2022-11-11 15:24:19,18450,PE,SELL,142.95,0.0,NIFTY
2022-11-11 15:24:19,18400,CE,BUY,94.75,,NIFTY
2022-11-11 15:24:19,18400,PE,BUY,116.35,,NIFTY
2022-11-11 15:24:46,18400,CE,SELL,95.1,0.3499999999999943,NIFTY
2022-11-11 15:24:46,18400,PE,SELL,116.45,0.10000000000000853,NIFTY
2022-11-11 15:24:46,18450,CE,BUY,72.05,,NIFTY
2022-11-11 15:24:46,18450,PE,BUY,143.15,,NIFTY
2022-11-11 15:24:47,18450,CE,SELL,72.0,-0.04999999999999716,NIFTY
2022-11-11 15:24:47,18450,PE,SELL,143.2,0.04999999999998295,NIFTY
2022-11-11 15:24:47,18400,CE,BUY,95.05,,NIFTY
2022-11-11 15:24:47,18400,PE,BUY,116.55,,NIFTY
2022-11-11 15:24:53,18400,CE,SELL,95.15,0.10000000000000853,NIFTY
2022-11-11 15:24:53,18400,PE,SELL,116.2,-0.3499999999999943,NIFTY
2022-11-11 15:24:53,18450,CE,BUY,72.05,,NIFTY
2022-11-11 15:24:53,18450,PE,BUY,143.2,,NIFTY
2022-11-11 15:24:54,18450,CE,SELL,72.2,0.15000000000000568,NIFTY
2022-11-11 15:24:54,18450,PE,SELL,143.3,0.10000000000002274,NIFTY
2022-11-11 15:24:54,18400,CE,BUY,95.15,,NIFTY
2022-11-11 15:24:54,18400,PE,BUY,116.4,,NIFTY
2022-11-11 15:24:57,18400,CE,SELL,95.3,0.14999999999999147,NIFTY
2022-11-11 15:24:57,18400,PE,SELL,116.5,0.09999999999999432,NIFTY
2022-11-11 15:24:57,18450,CE,BUY,72.0,,NIFTY
2022-11-11 15:24:57,18450,PE,BUY,142.85,,NIFTY
2022-11-11 15:24:58,18450,CE,SELL,71.95,-0.04999999999999716,NIFTY
2022-11-11 15:24:58,18450,PE,SELL,142.85,0.0,NIFTY
2022-11-11 15:24:58,18400,CE,BUY,95.25,,NIFTY
2022-11-11 15:24:58,18400,PE,BUY,116.05,,NIFTY
2022-11-11 15:24:59,18400,CE,SELL,95.15,-0.09999999999999432,NIFTY
2022-11-11 15:24:59,18400,PE,SELL,116.0,-0.04999999999999716,NIFTY
2022-11-11 15:24:59,18450,CE,BUY,72.05,,NIFTY
2022-11-11 15:24:59,18450,PE,BUY,143.0,,NIFTY
2022-11-11 15:25:02,18450,CE,SELL,72.0,-0.04999999999999716,NIFTY
2022-11-11 15:25:02,18450,PE,SELL,143.0,0.0,NIFTY
2022-11-11 15:25:02,18400,CE,BUY,95.25,,NIFTY
2022-11-11 15:25:02,18400,PE,BUY,116.4,,NIFTY
2022-11-11 15:25:05,18400,CE,SELL,95.5,0.25,NIFTY
2022-11-11 15:25:05,18400,PE,SELL,116.0,-0.4000000000000057,NIFTY
2022-11-11 15:25:05,18450,CE,BUY,72.4,,NIFTY
2022-11-11 15:25:05,18450,PE,BUY,142.95,,NIFTY
2022-11-11 15:25:06,18450,CE,SELL,72.25,-0.15000000000000568,NIFTY
2022-11-11 15:25:06,18450,PE,SELL,143.0,0.05000000000001137,NIFTY
2022-11-11 15:25:06,18400,CE,BUY,95.5,,NIFTY
2022-11-11 15:25:06,18400,PE,BUY,116.2,,NIFTY
2022-11-11 15:25:08,18400,CE,SELL,95.8,0.29999999999999716,NIFTY
2022-11-11 15:25:08,18400,PE,SELL,116.05,-0.15000000000000568,NIFTY
2022-11-11 15:25:08,18450,CE,BUY,72.4,,NIFTY
2022-11-11 15:25:08,18450,PE,BUY,142.95,,NIFTY
2022-11-11 15:25:15,18450,CE,SELL,72.8,0.3999999999999915,NIFTY
2022-11-11 15:25:15,18450,PE,SELL,143.35,0.4000000000000057,NIFTY
2022-11-11 15:25:15,18400,CE,BUY,96.25,,NIFTY
2022-11-11 15:25:15,18400,PE,BUY,116.75,,NIFTY
2022-11-11 15:25:16,18400,CE,SELL,96.25,0.0,NIFTY
2022-11-11 15:25:16,18400,PE,SELL,116.8,0.04999999999999716,NIFTY
2022-11-11 15:25:16,18450,CE,BUY,72.8,,NIFTY
2022-11-11 15:25:16,18450,PE,BUY,143.5,,NIFTY
2022-11-11 15:25:23,18450,CE,SELL,72.75,-0.04999999999999716,NIFTY
2022-11-11 15:25:23,18450,PE,SELL,143.5,0.0,NIFTY
2022-11-11 15:25:23,18400,CE,BUY,95.75,,NIFTY
2022-11-11 15:25:23,18400,PE,BUY,116.6,,NIFTY
2022-11-11 15:25:26,18400,CE,SELL,96.1,0.3499999999999943,NIFTY
2022-11-11 15:25:26,18400,PE,SELL,116.7,0.10000000000000853,NIFTY
2022-11-11 15:25:26,18450,CE,BUY,72.9,,NIFTY
2022-11-11 15:25:26,18450,PE,BUY,143.4,,NIFTY
2022-11-11 15:25:27,18450,CE,SELL,73.0,0.09999999999999432,NIFTY
2022-11-11 15:25:27,18450,PE,SELL,143.55,0.15000000000000568,NIFTY
2022-11-11 15:25:27,18400,CE,BUY,95.95,,NIFTY
2022-11-11 15:25:27,18400,PE,BUY,116.6,,NIFTY
2022-11-11 15:25:29,18400,CE,SELL,96.35,0.3999999999999915,NIFTY
2022-11-11 15:25:29,18400,PE,SELL,116.7,0.10000000000000853,NIFTY
2022-11-11 15:25:29,18450,CE,BUY,73.25,,NIFTY
2022-11-11 15:25:29,18450,PE,BUY,143.85,,NIFTY
2022-11-11 15:25:32,18450,CE,SELL,73.45,0.20000000000000284,NIFTY
2022-11-11 15:25:32,18450,PE,SELL,143.5,-0.3499999999999943,NIFTY
2022-11-11 15:25:32,18400,CE,BUY,96.6,,NIFTY
2022-11-11 15:25:32,18400,PE,BUY,116.85,,NIFTY
2022-11-11 15:25:34,18400,CE,SELL,96.95,0.3500000000000085,NIFTY
2022-11-11 15:25:34,18400,PE,SELL,116.55,-0.29999999999999716,NIFTY
2022-11-11 15:25:34,18450,CE,BUY,73.75,,NIFTY
2022-11-11 15:25:34,18450,PE,BUY,143.25,,NIFTY
2022-11-11 15:25:35,18450,CE,SELL,73.65,-0.09999999999999432,NIFTY
2022-11-11 15:25:35,18450,PE,SELL,143.45,0.19999999999998863,NIFTY
2022-11-11 15:25:35,18400,CE,BUY,96.9,,NIFTY
2022-11-11 15:25:35,18400,PE,BUY,116.65,,NIFTY
2022-11-11 15:25:38,18400,CE,SELL,96.95,0.04999999999999716,NIFTY
2022-11-11 15:25:38,18400,PE,SELL,116.8,0.14999999999999147,NIFTY
2022-11-11 15:25:38,18450,CE,BUY,73.65,,NIFTY
2022-11-11 15:25:38,18450,PE,BUY,144.05,,NIFTY
2022-11-11 15:25:39,18450,CE,SELL,73.65,0.0,NIFTY
2022-11-11 15:25:39,18450,PE,SELL,143.0,-1.0500000000000114,NIFTY
2022-11-11 15:25:39,18400,CE,BUY,96.9,,NIFTY
2022-11-11 15:25:39,18400,PE,BUY,116.35,,NIFTY
2022-11-11 15:25:40,18400,CE,SELL,97.0,0.09999999999999432,NIFTY
2022-11-11 15:25:40,18400,PE,SELL,116.3,-0.04999999999999716,NIFTY
2022-11-11 15:25:40,18450,CE,BUY,73.65,,NIFTY
2022-11-11 15:25:40,18450,PE,BUY,143.1,,NIFTY
2022-11-11 15:25:41,18450,CE,SELL,73.8,0.14999999999999147,NIFTY
2022-11-11 15:25:41,18450,PE,SELL,143.25,0.15000000000000568,NIFTY
2022-11-11 15:25:41,18400,CE,BUY,97.0,,NIFTY
2022-11-11 15:25:41,18400,PE,BUY,115.8,,NIFTY
2022-11-11 15:25:42,18400,CE,SELL,96.95,-0.04999999999999716,NIFTY
2022-11-11 15:25:42,18400,PE,SELL,115.05,-0.75,NIFTY
2022-11-11 15:25:42,18450,CE,BUY,73.5,,NIFTY
2022-11-11 15:25:42,18450,PE,BUY,141.6,,NIFTY
2022-11-11 15:30:00,18450,CE,SELL,78.5,5.0,NIFTY
2022-11-11 15:30:00,18450,PE,SELL,130.0,-11.599999999999994,NIFTY
2022-11-14 09:15:00,18400,CE,BUY,102.0,,NIFTY
2022-11-14 09:15:00,18400,PE,BUY,100.15,,NIFTY
2022-11-14 09:15:01,18400,CE,SELL,96.2,-5.799999999999997,NIFTY
2022-11-14 09:15:01,18400,PE,SELL,101.4,1.25,NIFTY
2022-11-14 09:15:01,18450,CE,BUY,67.8,,NIFTY
2022-11-14 09:15:01,18450,PE,BUY,127.7,,NIFTY
2022-11-14 09:15:04,18450,CE,SELL,66.0,-1.7999999999999972,NIFTY
2022-11-14 09:15:04,18450,PE,SELL,133.65,5.950000000000003,NIFTY
2022-11-14 09:15:04,18400,CE,BUY,88.25,,NIFTY
2022-11-14 09:15:04,18400,PE,BUY,105.0,,NIFTY
2022-11-14 09:15:05,18400,CE,SELL,93.2,4.950000000000003,NIFTY
2022-11-14 09:15:05,18400,PE,SELL,105.0,0.0,NIFTY
2022-11-14 09:15:05,18450,CE,BUY,69.0,,NIFTY
2022-11-14 09:15:05,18450,PE,BUY,133.45,,NIFTY
2022-11-14 09:15:10,18450,CE,SELL,63.0,-6.0,NIFTY
2022-11-14 09:15:10,18450,PE,SELL,139.4,5.950000000000017,NIFTY
2022-11-14 09:15:10,18400,CE,BUY,85.0,,NIFTY
2022-11-14 09:15:10,18400,PE,BUY,111.8,,NIFTY
2022-11-14 09:18:31,18400,CE,SELL,86.05,1.0499999999999972,NIFTY
2022-11-14 09:18:31,18400,PE,SELL,105.55,-6.25,NIFTY
2022-11-14 09:18:31,18450,CE,BUY,63.0,,NIFTY
2022-11-14 09:18:31,18450,PE,BUY,132.2,,NIFTY
2022-11-14 09:18:32,18450,CE,SELL,61.75,-1.25,NIFTY
2022-11-14 09:18:32,18450,PE,SELL,134.9,2.700000000000017,NIFTY
2022-11-14 09:18:32,18400,CE,BUY,84.2,,NIFTY
2022-11-14 09:18:32,18400,PE,BUY,107.6,,NIFTY
2022-11-14 09:18:53,18400,CE,SELL,86.45,2.25,NIFTY
2022-11-14 09:18:53,18400,PE,SELL,105.4,-2.1999999999999886,NIFTY
2022-11-14 09:18:53,18450,CE,BUY,63.9,,NIFTY
2022-11-14 09:18:53,18450,PE,BUY,132.85,,NIFTY
2022-11-14 09:23:07,18450,CE,SELL,61.5,-2.3999999999999986,NIFTY
2022-11-14 09:23:07,18450,PE,SELL,131.85,-1.0,NIFTY
2022-11-14 09:23:07,18400,CE,BUY,84.3,,NIFTY
2022-11-14 09:23:07,18400,PE,BUY,104.8,,NIFTY
2022-11-14 09:23:10,18400,CE,SELL,85.2,0.9000000000000057,NIFTY
2022-11-14 09:23:10,18400,PE,SELL,104.2,-0.5999999999999943,NIFTY
2022-11-14 09:23:10,18450,CE,BUY,62.3,,NIFTY
2022-11-14 09:23:10,18450,PE,BUY,131.5,,NIFTY
2022-11-14 09:35:15,18450,CE,SELL,59.4,-2.8999999999999986,NIFTY
2022-11-14 09:35:15,18450,PE,SELL,131.0,-0.5,NIFTY
2022-11-14 09:35:15,18400,CE,BUY,82.05,,NIFTY
2022-11-14 09:35:15,18400,PE,BUY,103.55,,NIFTY
2022-11-14 09:35:41,18400,CE,SELL,84.0,1.9500000000000028,NIFTY
2022-11-14 09:35:41,18400,PE,SELL,102.8,-0.75,NIFTY
2022-11-14 09:35:41,18450,CE,BUY,61.2,,NIFTY
2022-11-14 09:35:41,18450,PE,BUY,130.45,,NIFTY
2022-11-14 09:49:40,18450,CE,SELL,59.6,-1.6000000000000014,NIFTY
2022-11-14 09:49:40,18450,PE,SELL,129.75,-0.6999999999999886,NIFTY
2022-11-14 09:49:40,18400,CE,BUY,82.35,,NIFTY
2022-11-14 09:49:40,18400,PE,BUY,102.95,,NIFTY
2022-11-14 09:49:41,18400,CE,SELL,82.65,0.30000000000001137,NIFTY
2022-11-14 09:49:41,18400,PE,SELL,102.6,-0.3500000000000085,NIFTY
2022-11-14 09:49:41,18450,CE,BUY,59.6,,NIFTY
2022-11-14 09:49:41,18450,PE,BUY,130.2,,NIFTY
2022-11-14 09:49:42,18450,CE,SELL,59.9,0.29999999999999716,NIFTY
2022-11-14 09:49:42,18450,PE,SELL,129.75,-0.44999999999998863,NIFTY
2022-11-14 09:49:42,18400,CE,BUY,82.65,,NIFTY
2022-11-14 09:49:42,18400,PE,BUY,102.6,,NIFTY
2022-11-14 09:49:52,18400,CE,SELL,82.35,-0.30000000000001137,NIFTY
2022-11-14 09:49:52,18400,PE,SELL,102.95,0.3500000000000085,NIFTY
2022-11-14 09:49:52,18450,CE,BUY,59.75,,NIFTY
2022-11-14 09:49:52,18450,PE,BUY,130.25,,NIFTY
2022-11-14 09:50:02,18450,CE,SELL,58.9,-0.8500000000000014,NIFTY
2022-11-14 09:50:02,18450,PE,SELL,130.2,-0.05000000000001137,NIFTY
2022-11-14 09:50:02,18400,CE,BUY,81.6,,NIFTY
2022-11-14 09:50:02,18400,PE,BUY,103.35,,NIFTY
2022-11-14 09:50:16,18400,CE,SELL,82.85,1.25,NIFTY
2022-11-14 09:50:16,18400,PE,SELL,101.75,-1.5999999999999943,NIFTY
2022-11-14 09:50:16,18450,CE,BUY,60.0,,NIFTY
2022-11-14 09:50:16,18450,PE,BUY,129.1,,NIFTY
2022-11-14 09:50:20,18450,CE,SELL,59.35,-0.6499999999999986,NIFTY
2022-11-14 09:50:20,18450,PE,SELL,129.85,0.75,NIFTY
2022-11-14 09:50:20,18400,CE,BUY,82.6,,NIFTY
2022-11-14 09:50:20,18400,PE,BUY,102.75,,NIFTY
2022-11-14 09:50:23,18400,CE,SELL,82.0,-0.5999999999999943,NIFTY
2022-11-14 09:50:23,18400,PE,SELL,102.9,0.15000000000000568,NIFTY
2022-11-14 09:50:23,18450,CE,BUY,59.0,,NIFTY
2022-11-14 09:50:23,18450,PE,BUY,130.05,,NIFTY
2022-11-14 09:50:24,18450,CE,SELL,59.55,0.5499999999999972,NIFTY
2022-11-14 09:50:24,18450,PE,SELL,130.35,0.29999999999998295,NIFTY
2022-11-14 09:50:24,18400,CE,BUY,82.5,,NIFTY
2022-11-14 09:50:24,18400,PE,BUY,103.0,,NIFTY
2022-11-14 09:50:26,18400,CE,SELL,82.45,-0.04999999999999716,NIFTY
2022-11-14 09:50:26,18400,PE,SELL,103.0,0.0,NIFTY
2022-11-14 09:50:26,18450,CE,BUY,59.75,,NIFTY
2022-11-14 09:50:26,18450,PE,BUY,130.15,,NIFTY
2022-11-14 09:50:27,18450,CE,SELL,59.2,-0.5499999999999972,NIFTY
2022-11-14 09:50:27,18450,PE,SELL,130.9,0.75,NIFTY
2022-11-14 09:50:27,18400,CE,BUY,82.65,,NIFTY
2022-11-14 09:50:27,18400,PE,BUY,103.7,,NIFTY
2022-11-14 13:30:07,18400,CE,SELL,77.0,-5.650000000000006,NIFTY
2022-11-14 13:30:07,18400,PE,SELL,97.8,-5.900000000000006,NIFTY
2022-11-14 13:30:07,18450,CE,BUY,54.85,,NIFTY
2022-11-14 13:30:07,18450,PE,BUY,125.25,,NIFTY
2022-11-14 13:30:08,18450,CE,SELL,54.7,-0.14999999999999858,NIFTY
2022-11-14 13:30:08,18450,PE,SELL,125.15,-0.09999999999999432,NIFTY
2022-11-14 13:30:08,18400,CE,BUY,77.0,,NIFTY
2022-11-14 13:30:08,18400,PE,BUY,97.5,,NIFTY
2022-11-14 13:30:09,18400,CE,SELL,77.0,0.0,NIFTY
2022-11-14 13:30:09,18400,PE,SELL,97.85,0.3499999999999943,NIFTY
2022-11-14 13:30:09,18450,CE,BUY,54.6,,NIFTY
2022-11-14 13:30:09,18450,PE,BUY,125.65,,NIFTY
2022-11-14 13:30:12,18450,CE,SELL,54.8,0.19999999999999574,NIFTY
2022-11-14 13:30:12,18450,PE,SELL,125.0,-0.6500000000000057,NIFTY
2022-11-14 13:30:12,18400,CE,BUY,77.15,,NIFTY
2022-11-14 13:30:12,18400,PE,BUY,97.5,,NIFTY
2022-11-14 13:30:14,18400,CE,SELL,78.45,1.2999999999999972,NIFTY
2022-11-14 13:30:14,18400,PE,SELL,95.9,-1.5999999999999943,NIFTY
2022-11-14 13:30:14,18450,CE,BUY,55.85,,NIFTY
2022-11-14 13:30:14,18450,PE,BUY,123.55,,NIFTY
2022-11-14 13:38:07,18450,CE,SELL,55.0,-0.8500000000000014,NIFTY
2022-11-14 13:38:07,18450,PE,SELL,124.7,1.1500000000000057,NIFTY
2022-11-14 13:38:07,18400,CE,BUY,77.6,,NIFTY
2022-11-14 13:38:07,18400,PE,BUY,97.2,,NIFTY
2022-11-14 13:38:09,18400,CE,SELL,77.65,0.05000000000001137,NIFTY
2022-11-14 13:38:09,18400,PE,SELL,97.25,0.04999999999999716,NIFTY
2022-11-14 13:38:09,18450,CE,BUY,54.85,,NIFTY
2022-11-14 13:38:09,18450,PE,BUY,124.75,,NIFTY
2022-11-14 13:38:18,18450,CE,SELL,55.0,0.14999999999999858,NIFTY
2022-11-14 13:38:18,18450,PE,SELL,124.6,-0.15000000000000568,NIFTY
2022-11-14 13:38:18,18400,CE,BUY,77.6,,NIFTY
2022-11-14 13:38:18,18400,PE,BUY,97.35,,NIFTY
2022-11-14 13:38:21,18400,CE,SELL,77.7,0.10000000000000853,NIFTY
2022-11-14 13:38:21,18400,PE,SELL,96.85,-0.5,NIFTY
2022-11-14 13:38:21,18450,CE,BUY,55.15,,NIFTY
2022-11-14 13:38:21,18450,PE,BUY,124.7,,NIFTY
2022-11-14 13:59:07,18450,CE,SELL,54.15,-1.0,NIFTY
2022-11-14 13:59:07,18450,PE,SELL,124.5,-0.20000000000000284,NIFTY
2022-11-14 13:59:07,18400,CE,BUY,76.6,,NIFTY
2022-11-14 13:59:07,18400,PE,BUY,96.85,,NIFTY
2022-11-14 13:59:40,18400,CE,SELL,77.4,0.8000000000000114,NIFTY
2022-11-14 13:59:40,18400,PE,SELL,96.35,-0.5,NIFTY
2022-11-14 13:59:40,18450,CE,BUY,55.2,,NIFTY
2022-11-14 13:59:40,18450,PE,BUY,123.65,,NIFTY
2022-11-14 13:59:41,18450,CE,SELL,55.0,-0.20000000000000284,NIFTY
2022-11-14 13:59:41,18450,PE,SELL,123.9,0.25,NIFTY
2022-11-14 13:59:41,18400,CE,BUY,77.6,,NIFTY
2022-11-14 13:59:41,18400,PE,BUY,96.5,,NIFTY
2022-11-14 14:00:00,18400,CE,SELL,77.5,-0.09999999999999432,NIFTY
2022-11-14 14:00:00,18400,PE,SELL,95.85,-0.6500000000000057,NIFTY
2022-11-14 14:00:00,18450,CE,BUY,54.8,,NIFTY
2022-11-14 14:00:00,18450,PE,BUY,123.25,,NIFTY
2022-11-14 14:00:02,18450,CE,SELL,54.75,-0.04999999999999716,NIFTY
2022-11-14 14:00:02,18450,PE,SELL,123.25,0.0,NIFTY
2022-11-14 14:00:02,18400,CE,BUY,77.4,,NIFTY
2022-11-14 14:00:02,18400,PE,BUY,95.95,,NIFTY
2022-11-14 14:00:05,18400,CE,SELL,77.45,0.04999999999999716,NIFTY
2022-11-14 14:00:05,18400,PE,SELL,95.85,-0.10000000000000853,NIFTY
2022-11-14 14:00:05,18450,CE,BUY,54.8,,NIFTY
2022-11-14 14:00:05,18450,PE,BUY,123.05,,NIFTY
2022-11-14 14:24:32,18450,CE,SELL,54.4,-0.3999999999999986,NIFTY
2022-11-14 14:24:32,18450,PE,SELL,122.7,-0.3499999999999943,NIFTY
2022-11-14 14:24:32,18400,CE,BUY,76.65,,NIFTY
2022-11-14 14:24:32,18400,PE,BUY,95.3,,NIFTY
2022-11-14 14:24:37,18400,CE,SELL,76.45,-0.20000000000000284,NIFTY
2022-11-14 14:24:37,18400,PE,SELL,95.8,0.5,NIFTY
2022-11-14 14:24:37,18450,CE,BUY,54.25,,NIFTY
2022-11-14 14:24:37,18450,PE,BUY,123.5,,NIFTY
2022-11-14 14:24:39,18450,CE,SELL,54.3,0.04999999999999716,NIFTY
2022-11-14 14:24:39,18450,PE,SELL,123.3,-0.20000000000000284,NIFTY
2022-11-14 14:24:39,18400,CE,BUY,76.55,,NIFTY
2022-11-14 14:24:39,18400,PE,BUY,95.55,,NIFTY
2022-11-14 14:25:19,18400,CE,SELL,77.0,0.45000000000000284,NIFTY
2022-11-14 14:25:19,18400,PE,SELL,95.4,-0.14999999999999147,NIFTY
2022-11-14 14:25:19,18450,CE,BUY,54.35,,NIFTY
2022-11-14 14:25:19,18450,PE,BUY,122.55,,NIFTY
2022-11-14 14:31:18,18450,CE,SELL,53.75,-0.6000000000000014,NIFTY
2022-11-14 14:31:18,18450,PE,SELL,125.0,2.450000000000003,NIFTY
2022-11-14 14:31:18,18400,CE,BUY,75.75,,NIFTY
2022-11-14 14:31:18,18400,PE,BUY,97.3,,NIFTY
2022-11-14 14:31:59,18400,CE,SELL,76.85,1.0999999999999943,NIFTY
2022-11-14 14:31:59,18400,PE,SELL,96.0,-1.2999999999999972,NIFTY
2022-11-14 14:31:59,18450,CE,BUY,55.0,,NIFTY
2022-11-14 14:31:59,18450,PE,BUY,123.7,,NIFTY
2022-11-14 14:32:03,18450,CE,SELL,54.5,-0.5,NIFTY
2022-11-14 14:32:03,18450,PE,SELL,124.4,0.7000000000000028,NIFTY
2022-11-14 14:32:03,18400,CE,BUY,76.4,,NIFTY
2022-11-14 14:32:03,18400,PE,BUY,96.9,,NIFTY
2022-11-14 14:32:04,18400,CE,SELL,76.9,0.5,NIFTY
2022-11-14 14:32:04,18400,PE,SELL,96.6,-0.30000000000001137,NIFTY
2022-11-14 14:32:04,18450,CE,BUY,54.95,,NIFTY
2022-11-14 14:32:04,18450,PE,BUY,123.9,,NIFTY
2022-11-14 14:32:09,18450,CE,SELL,53.95,-1.0,NIFTY
2022-11-14 14:32:09,18450,PE,SELL,125.45,1.5499999999999972,NIFTY
2022-11-14 14:32:09,18400,CE,BUY,75.95,,NIFTY
2022-11-14 14:32:09,18400,PE,BUY,97.35,,NIFTY
2022-11-14 14:32:39,18400,CE,SELL,76.75,0.7999999999999972,NIFTY
2022-11-14 14:32:39,18400,PE,SELL,96.4,-0.9499999999999886,NIFTY
2022-11-14 14:32:39,18450,CE,BUY,54.8,,NIFTY
2022-11-14 14:32:39,18450,PE,BUY,124.1,,NIFTY
2022-11-14 14:32:41,18450,CE,SELL,54.45,-0.3499999999999943,NIFTY
2022-11-14 14:32:41,18450,PE,SELL,124.6,0.5,NIFTY
2022-11-14 14:32:41,18400,CE,BUY,76.4,,NIFTY
2022-11-14 14:32:41,18400,PE,BUY,96.7,,NIFTY
2022-11-14 14:32:43,18400,CE,SELL,76.5,0.09999999999999432,NIFTY
2022-11-14 14:32:43,18400,PE,SELL,96.75,0.04999999999999716,NIFTY
2022-11-14 14:32:43,18450,CE,BUY,54.65,,NIFTY
2022-11-14 14:32:43,18450,PE,BUY,124.25,,NIFTY
2022-11-14 14:32:44,18450,CE,SELL,54.7,0.05000000000000426,NIFTY
2022-11-14 14:32:44,18450,PE,SELL,123.95,-0.29999999999999716,NIFTY
2022-11-14 14:32:44,18400,CE,BUY,76.6,,NIFTY
2022-11-14 14:32:44,18400,PE,BUY,96.45,,NIFTY
2022-11-14 14:32:46,18400,CE,SELL,77.2,0.6000000000000085,NIFTY
2022-11-14 14:32:46,18400,PE,SELL,96.1,-0.3500000000000085,NIFTY
2022-11-14 14:32:46,18450,CE,BUY,55.1,,NIFTY
2022-11-14 14:32:46,18450,PE,BUY,123.75,,NIFTY
2022-11-14 14:32:54,18450,CE,SELL,54.55,-0.5500000000000043,NIFTY
2022-11-14 14:32:54,18450,PE,SELL,124.3,0.5499999999999972,NIFTY
2022-11-14 14:32:54,18400,CE,BUY,76.4,,NIFTY
2022-11-14 14:32:54,18400,PE,BUY,96.7,,NIFTY
2022-11-14 14:32:57,18400,CE,SELL,76.65,0.25,NIFTY
2022-11-14 14:32:57,18400,PE,SELL,96.75,0.04999999999999716,NIFTY
2022-11-14 14:32:57,18450,CE,BUY,54.65,,NIFTY
2022-11-14 14:32:57,18450,PE,BUY,124.65,,NIFTY
2022-11-14 14:32:59,18450,CE,SELL,54.6,-0.04999999999999716,NIFTY
2022-11-14 14:32:59,18450,PE,SELL,124.5,-0.15000000000000568,NIFTY
2022-11-14 14:32:59,18400,CE,BUY,76.7,,NIFTY
2022-11-14 14:32:59,18400,PE,BUY,96.65,,NIFTY
2022-11-14 14:33:00,18400,CE,SELL,75.95,-0.75,NIFTY
2022-11-14 14:33:00,18400,PE,SELL,97.05,0.3999999999999915,NIFTY
2022-11-14 14:33:00,18450,CE,BUY,54.2,,NIFTY
2022-11-14 14:33:00,18450,PE,BUY,125.0,,NIFTY
2022-11-14 14:33:01,18450,CE,SELL,54.0,-0.20000000000000284,NIFTY
2022-11-14 14:33:01,18450,PE,SELL,124.95,-0.04999999999999716,NIFTY
2022-11-14 14:33:01,18400,CE,BUY,75.9,,NIFTY
2022-11-14 14:33:01,18400,PE,BUY,97.2,,NIFTY
2022-11-14 14:33:18,18400,CE,SELL,77.4,1.5,NIFTY
2022-11-14 14:33:18,18400,PE,SELL,96.0,-1.2000000000000028,NIFTY
2022-11-14 14:33:18,18450,CE,BUY,55.4,,NIFTY
2022-11-14 14:33:18,18450,PE,BUY,123.25,,NIFTY
2022-11-14 14:33:38,18450,CE,SELL,55.1,-0.29999999999999716,NIFTY
2022-11-14 14:33:38,18450,PE,SELL,123.1,-0.15000000000000568,NIFTY
2022-11-14 14:33:38,18400,CE,BUY,77.05,,NIFTY
2022-11-14 14:33:38,18400,PE,BUY,95.6,,NIFTY
2022-11-14 14:33:43,18400,CE,SELL,77.75,0.7000000000000028,NIFTY
2022-11-14 14:33:43,18400,PE,SELL,95.4,-0.19999999999998863,NIFTY
2022-11-14 14:33:43,18450,CE,BUY,55.55,,NIFTY
2022-11-14 14:33:43,18450,PE,BUY,123.45,,NIFTY
2022-11-14 14:34:15,18450,CE,SELL,54.7,-0.8499999999999943,NIFTY
2022-11-14 14:34:15,18450,PE,SELL,124.25,0.7999999999999972,NIFTY
2022-11-14 14:34:15,18400,CE,BUY,76.8,,NIFTY
2022-11-14 14:34:15,18400,PE,BUY,96.65,,NIFTY
2022-11-14 14:34:21,18400,CE,SELL,77.4,0.6000000000000085,NIFTY
2022-11-14 14:34:21,18400,PE,SELL,96.05,-0.6000000000000085,NIFTY
2022-11-14 14:34:21,18450,CE,BUY,55.15,,NIFTY
2022-11-14 14:34:21,18450,PE,BUY,123.8,,NIFTY
2022-11-14 14:34:25,18450,CE,SELL,55.5,0.3500000000000014,NIFTY
2022-11-14 14:34:25,18450,PE,SELL,123.7,-0.09999999999999432,NIFTY
2022-11-14 14:34:25,18400,CE,BUY,77.6,,NIFTY
2022-11-14 14:34:25,18400,PE,BUY,95.95,,NIFTY
2022-11-14 14:34:27,18400,CE,SELL,77.45,-0.14999999999999147,NIFTY
2022-11-14 14:34:27,18400,PE,SELL,95.7,-0.25,NIFTY
2022-11-14 14:34:27,18450,CE,BUY,55.5,,NIFTY
2022-11-14 14:34:27,18450,PE,BUY,123.05,,NIFTY
2022-11-14 14:34:31,18450,CE,SELL,55.3,-0.20000000000000284,NIFTY
2022-11-14 14:34:31,18450,PE,SELL,123.05,0.0,NIFTY
2022-11-14 14:34:31,18400,CE,BUY,77.6,,NIFTY
2022-11-14 14:34:31,18400,PE,BUY,95.8,,NIFTY
2022-11-14 14:34:36,18400,CE,SELL,77.6,0.0,NIFTY
2022-11-14 14:34:36,18400,PE,SELL,95.6,-0.20000000000000284,NIFTY
2022-11-14 14:34:36,18450,CE,BUY,55.35,,NIFTY
2022-11-14 14:34:36,18450,PE,BUY,123.4,,NIFTY
2022-11-14 14:34:43,18450,CE,SELL,54.45,-0.8999999999999986,NIFTY
2022-11-14 14:34:43,18450,PE,SELL,124.5,1.0999999999999943,NIFTY
2022-11-14 14:34:43,18400,CE,BUY,76.35,,NIFTY
2022-11-14 14:34:43,18400,PE,BUY,96.6,,NIFTY
2022-11-14 14:35:41,18400,CE,SELL,76.65,0.30000000000001137,NIFTY
2022-11-14 14:35:41,18400,PE,SELL,96.75,0.15000000000000568,NIFTY
2022-11-14 14:35:41,18450,CE,BUY,54.35,,NIFTY
2022-11-14 14:35:41,18450,PE,BUY,124.4,,NIFTY
2022-11-14 14:35:42,18450,CE,SELL,54.35,0.0,NIFTY
2022-11-14 14:35:42,18450,PE,SELL,124.4,0.0,NIFTY
2022-11-14 14:35:42,18400,CE,BUY,76.65,,NIFTY
2022-11-14 14:35:42,18400,PE,BUY,96.75,,NIFTY
2022-11-14 14:35:44,18400,CE,SELL,76.65,0.0,NIFTY
2022-11-14 14:35:44,18400,PE,SELL,96.45,-0.29999999999999716,NIFTY
2022-11-14 14:35:44,18450,CE,BUY,54.45,,NIFTY
2022-11-14 14:35:44,18450,PE,BUY,124.4,,NIFTY
2022-11-14 14:35:46,18450,CE,SELL,54.4,-0.05000000000000426,NIFTY
2022-11-14 14:35:46,18450,PE,SELL,124.35,-0.05000000000001137,NIFTY
2022-11-14 14:35:46,18400,CE,BUY,76.3,,NIFTY
2022-11-14 14:35:46,18400,PE,BUY,96.5,,NIFTY
2022-11-14 14:36:14,18400,CE,SELL,76.45,0.15000000000000568,NIFTY
2022-11-14 14:36:14,18400,PE,SELL,96.6,0.09999999999999432,NIFTY
2022-11-14 14:36:14,18450,CE,BUY,54.45,,NIFTY
2022-11-14 14:36:14,18450,PE,BUY,124.6,,NIFTY
2022-11-14 14:36:15,18450,CE,SELL,54.5,0.04999999999999716,NIFTY
2022-11-14 14:36:15,18450,PE,SELL,124.25,-0.3499999999999943,NIFTY
2022-11-14 14:36:15,18400,CE,BUY,76.4,,NIFTY
2022-11-14 14:36:15,18400,PE,BUY,96.6,,NIFTY
2022-11-14 14:36:23,18400,CE,SELL,76.9,0.5,NIFTY
2022-11-14 14:36:23,18400,PE,SELL,96.0,-0.5999999999999943,NIFTY
2022-11-14 14:36:23,18450,CE,BUY,54.65,,NIFTY
2022-11-14 14:36:23,18450,PE,BUY,123.65,,NIFTY
2022-11-14 14:36:25,18450,CE,SELL,54.5,-0.14999999999999858,NIFTY
2022-11-14 14:36:25,18450,PE,SELL,124.25,0.5999999999999943,NIFTY
2022-11-14 14:36:25,18400,CE,BUY,76.6,,NIFTY
2022-11-14 14:36:25,18400,PE,BUY,96.35,,NIFTY
2022-11-14 14:36:46,18400,CE,SELL,77.3,0.7000000000000028,NIFTY
2022-11-14 14:36:46,18400,PE,SELL,95.8,-0.5499999999999972,NIFTY
2022-11-14 14:36:46,18450,CE,BUY,54.9,,NIFTY
2022-11-14 14:36:46,18450,PE,BUY,123.15,,NIFTY
2022-11-14 14:36:49,18450,CE,SELL,55.0,0.10000000000000142,NIFTY
2022-11-14 14:36:49,18450,PE,SELL,123.2,0.04999999999999716,NIFTY
2022-11-14 14:36:49,18400,CE,BUY,77.15,,NIFTY
2022-11-14 14:36:49,18400,PE,BUY,95.55,,NIFTY
2022-11-14 14:36:55,18400,CE,SELL,76.5,-0.6500000000000057,NIFTY
2022-11-14 14:36:55,18400,PE,SELL,96.4,0.8500000000000085,NIFTY
2022-11-14 14:36:55,18450,CE,BUY,54.6,,NIFTY
2022-11-14 14:36:55,18450,PE,BUY,123.6,,NIFTY
2022-11-14 14:36:56,18450,CE,SELL,54.55,-0.05000000000000426,NIFTY
2022-11-14 14:36:56,18450,PE,SELL,124.05,0.45000000000000284,NIFTY
2022-11-14 14:36:56,18400,CE,BUY,76.5,,NIFTY
2022-11-14 14:36:56,18400,PE,BUY,96.5,,NIFTY
2022-11-14 15:05:04,18400,CE,SELL,58.9,-17.6,NIFTY
2022-11-14 15:05:04,18400,PE,SELL,122.95,26.450000000000003,NIFTY
2022-11-14 15:05:04,18350,CE,BUY,81.3,,NIFTY
2022-11-14 15:05:04,18350,PE,BUY,95.1,,NIFTY
2022-11-14 15:05:06,18350,CE,SELL,80.9,-0.3999999999999915,NIFTY
2022-11-14 15:05:06,18350,PE,SELL,94.95,-0.14999999999999147,NIFTY
2022-11-14 15:05:06,18400,CE,BUY,58.2,,NIFTY
2022-11-14 15:05:06,18400,PE,BUY,122.4,,NIFTY
2022-11-14 15:13:17,18400,CE,SELL,57.85,-0.3500000000000014,NIFTY
2022-11-14 15:13:17,18400,PE,SELL,125.85,3.4499999999999886,NIFTY
2022-11-14 15:13:17,18350,CE,BUY,80.35,,NIFTY
2022-11-14 15:13:17,18350,PE,BUY,98.2,,NIFTY
2022-11-14 15:13:19,18350,CE,SELL,80.1,-0.25,NIFTY
2022-11-14 15:13:19,18350,PE,SELL,97.9,-0.29999999999999716,NIFTY
2022-11-14 15:13:19,18400,CE,BUY,57.7,,NIFTY
2022-11-14 15:13:19,18400,PE,BUY,125.4,,NIFTY
2022-11-14 15:18:31,18400,CE,SELL,57.25,-0.45000000000000284,NIFTY
2022-11-14 15:18:31,18400,PE,SELL,125.75,0.3499999999999943,NIFTY
2022-11-14 15:18:31,18350,CE,BUY,79.5,,NIFTY
2022-11-14 15:18:31,18350,PE,BUY,97.85,,NIFTY
2022-11-14 15:18:39,18350,CE,SELL,80.35,0.8499999999999943,NIFTY
2022-11-14 15:18:39,18350,PE,SELL,96.55,-1.2999999999999972,NIFTY
2022-11-14 15:18:39,18400,CE,BUY,58.05,,NIFTY
2022-11-14 15:18:39,18400,PE,BUY,124.3,,NIFTY
2022-11-14 15:18:40,18400,CE,SELL,58.05,0.0,NIFTY
2022-11-14 15:18:40,18400,PE,SELL,124.65,0.3500000000000085,NIFTY
2022-11-14 15:18:40,18350,CE,BUY,80.35,,NIFTY
2022-11-14 15:18:40,18350,PE,BUY,97.0,,NIFTY
2022-11-14 15:18:42,18350,CE,SELL,80.7,0.3500000000000085,NIFTY
2022-11-14 15:18:42,18350,PE,SELL,96.75,-0.25,NIFTY
2022-11-14 15:18:42,18400,CE,BUY,58.05,,NIFTY
2022-11-14 15:18:42,18400,PE,BUY,124.35,,NIFTY
2022-11-14 15:18:49,18400,CE,SELL,57.85,-0.19999999999999574,NIFTY
2022-11-14 15:18:49,18400,PE,SELL,124.9,0.5500000000000114,NIFTY
2022-11-14 15:18:49,18350,CE,BUY,80.2,,NIFTY
2022-11-14 15:18:49,18350,PE,BUY,97.1,,NIFTY
2022-11-14 15:19:06,18350,CE,SELL,79.2,-1.0,NIFTY
2022-11-14 15:19:06,18350,PE,SELL,97.75,0.6500000000000057,NIFTY
2022-11-14 15:19:06,18400,CE,BUY,57.2,,NIFTY
2022-11-14 15:19:06,18400,PE,BUY,125.45,,NIFTY
2022-11-14 15:19:08,18400,CE,SELL,57.15,-0.05000000000000426,NIFTY
2022-11-14 15:19:08,18400,PE,SELL,125.85,0.3999999999999915,NIFTY
2022-11-14 15:19:08,18350,CE,BUY,79.35,,NIFTY
2022-11-14 15:19:08,18350,PE,BUY,97.8,,NIFTY
2022-11-14 15:25:37,18350,CE,SELL,81.2,1.8500000000000085,NIFTY
2022-11-14 15:25:37,18350,PE,SELL,98.05,0.25,NIFTY
2022-11-14 15:25:37,18400,CE,BUY,58.35,,NIFTY
2022-11-14 15:25:37,18400,PE,BUY,125.55,,NIFTY
2022-11-14 15:25:40,18400,CE,SELL,58.35,0.0,NIFTY
2022-11-14 15:25:40,18400,PE,SELL,125.65,0.10000000000000853,NIFTY
2022-11-14 15:25:40,18350,CE,BUY,81.3,,NIFTY
2022-11-14 15:25:40,18350,PE,BUY,98.3,,NIFTY
2022-11-14 15:25:41,18350,CE,SELL,81.45,0.15000000000000568,NIFTY
2022-11-14 15:25:41,18350,PE,SELL,98.2,-0.09999999999999432,NIFTY
2022-11-14 15:25:41,18400,CE,BUY,58.25,,NIFTY
2022-11-14 15:25:41,18400,PE,BUY,125.3,,NIFTY
2022-11-14 15:25:43,18400,CE,SELL,57.1,-1.1499999999999986,NIFTY
2022-11-14 15:25:43,18400,PE,SELL,125.75,0.45000000000000284,NIFTY
2022-11-14 15:25:43,18350,CE,BUY,80.0,,NIFTY
2022-11-14 15:25:43,18350,PE,BUY,98.55,,NIFTY
2022-11-14 15:25:48,18350,CE,SELL,80.4,0.4000000000000057,NIFTY
2022-11-14 15:25:48,18350,PE,SELL,99.2,0.6500000000000057,NIFTY
2022-11-14 15:25:48,18400,CE,BUY,57.6,,NIFTY
2022-11-14 15:25:48,18400,PE,BUY,126.4,,NIFTY
2022-11-14 15:25:49,18400,CE,SELL,58.0,0.3999999999999986,NIFTY
2022-11-14 15:25:49,18400,PE,SELL,126.9,0.5,NIFTY
2022-11-14 15:25:49,18350,CE,BUY,80.55,,NIFTY
2022-11-14 15:25:49,18350,PE,BUY,99.6,,NIFTY
2022-11-14 15:30:00,18350,CE,SELL,76.2,-4.349999999999994,NIFTY
2022-11-14 15:30:00,18350,PE,SELL,100.0,0.4000000000000057,NIFTY
2022-11-15 09:15:00,18400,CE,BUY,73.0,,NIFTY
2022-11-15 09:15:00,18400,PE,BUY,94.3,,NIFTY
2022-11-15 09:16:07,18400,CE,SELL,67.2,-5.799999999999997,NIFTY
2022-11-15 09:16:07,18400,PE,SELL,86.35,-7.950000000000003,NIFTY
2022-11-15 09:16:07,18450,CE,BUY,45.25,,NIFTY
2022-11-15 09:16:07,18450,PE,BUY,115.0,,NIFTY
2022-11-15 09:16:13,18450,CE,SELL,45.75,0.5,NIFTY
2022-11-15 09:16:13,18450,PE,SELL,113.2,-1.7999999999999972,NIFTY
2022-11-15 09:16:13,18400,CE,BUY,67.75,,NIFTY
2022-11-15 09:16:13,18400,PE,BUY,85.0,,NIFTY
2022-11-15 09:18:09,18400,CE,SELL,66.7,-1.0499999999999972,NIFTY
2022-11-15 09:18:09,18400,PE,SELL,86.05,1.0499999999999972,NIFTY
2022-11-15 09:18:09,18450,CE,BUY,45.55,,NIFTY
2022-11-15 09:18:09,18450,PE,BUY,114.85,,NIFTY
2022-11-15 09:18:12,18450,CE,SELL,45.25,-0.29999999999999716,NIFTY
2022-11-15 09:18:12,18450,PE,SELL,115.85,1.0,NIFTY
2022-11-15 09:18:12,18400,CE,BUY,66.15,,NIFTY
2022-11-15 09:18:12,18400,PE,BUY,86.95,,NIFTY
2022-11-15 09:20:22,18400,CE,SELL,65.9,-0.25,NIFTY
2022-11-15 09:20:22,18400,PE,SELL,83.5,-3.450000000000003,NIFTY
2022-11-15 09:20:22,18450,CE,BUY,44.45,,NIFTY
2022-11-15 09:20:22,18450,PE,BUY,112.3,,NIFTY
2022-11-15 09:20:24,18450,CE,SELL,44.0,-0.45000000000000284,NIFTY
2022-11-15 09:20:24,18450,PE,SELL,113.85,1.5499999999999972,NIFTY
2022-11-15 09:20:24,18400,CE,BUY,65.0,,NIFTY
2022-11-15 09:20:24,18400,PE,BUY,85.2,,NIFTY
2022-11-15 09:46:59,18400,CE,SELL,46.85,-18.15,NIFTY
2022-11-15 09:46:59,18400,PE,SELL,118.0,32.8,NIFTY
2022-11-15 09:46:59,18350,CE,BUY,68.5,,NIFTY
2022-11-15 09:46:59,18350,PE,BUY,89.3,,NIFTY
2022-11-15 11:40:13,18350,CE,SELL,64.35,-4.150000000000006,NIFTY
2022-11-15 11:40:13,18350,PE,SELL,89.65,0.3500000000000085,NIFTY
2022-11-15 11:40:13,18400,CE,BUY,43.0,,NIFTY
2022-11-15 11:40:13,18400,PE,BUY,118.6,,NIFTY
2022-11-15 11:41:11,18400,CE,SELL,43.95,0.9500000000000028,NIFTY
2022-11-15 11:41:11,18400,PE,SELL,118.5,-0.09999999999999432,NIFTY
2022-11-15 11:41:11,18350,CE,BUY,65.4,,NIFTY
2022-11-15 11:41:11,18350,PE,BUY,89.65,,NIFTY
2022-11-15 12:25:47,18350,CE,SELL,64.45,-0.9500000000000028,NIFTY
2022-11-15 12:25:47,18350,PE,SELL,86.35,-3.3000000000000114,NIFTY
2022-11-15 12:25:47,18400,CE,BUY,42.85,,NIFTY
2022-11-15 12:25:47,18400,PE,BUY,114.9,,NIFTY
2022-11-15 14:15:55,18400,CE,SELL,39.7,-3.1499999999999986,NIFTY
2022-11-15 14:15:55,18400,PE,SELL,113.25,-1.6500000000000057,NIFTY
2022-11-15 14:15:55,18350,CE,BUY,60.8,,NIFTY
2022-11-15 14:15:55,18350,PE,BUY,84.4,,NIFTY
2022-11-15 14:15:56,18350,CE,SELL,60.75,-0.04999999999999716,NIFTY
2022-11-15 14:15:56,18350,PE,SELL,84.5,0.09999999999999432,NIFTY
2022-11-15 14:15:56,18400,CE,BUY,39.55,,NIFTY
2022-11-15 14:15:56,18400,PE,BUY,113.25,,NIFTY
2022-11-15 14:15:58,18400,CE,SELL,39.75,0.20000000000000284,NIFTY
2022-11-15 14:15:58,18400,PE,SELL,113.05,-0.20000000000000284,NIFTY
2022-11-15 14:15:58,18350,CE,BUY,60.9,,NIFTY
2022-11-15 14:15:58,18350,PE,BUY,84.35,,NIFTY
2022-11-15 14:16:05,18350,CE,SELL,60.6,-0.29999999999999716,NIFTY
2022-11-15 14:16:05,18350,PE,SELL,84.45,0.10000000000000853,NIFTY
2022-11-15 14:16:05,18400,CE,BUY,39.45,,NIFTY
2022-11-15 14:16:05,18400,PE,BUY,113.55,,NIFTY
2022-11-15 14:16:07,18400,CE,SELL,39.4,-0.05000000000000426,NIFTY
2022-11-15 14:16:07,18400,PE,SELL,113.3,-0.25,NIFTY
2022-11-15 14:16:07,18350,CE,BUY,60.75,,NIFTY
2022-11-15 14:16:07,18350,PE,BUY,84.25,,NIFTY
2022-11-15 14:16:11,18350,CE,SELL,61.3,0.5499999999999972,NIFTY
2022-11-15 14:16:11,18350,PE,SELL,83.75,-0.5,NIFTY
2022-11-15 14:16:11,18400,CE,BUY,39.9,,NIFTY
2022-11-15 14:16:11,18400,PE,BUY,112.4,,NIFTY
2022-11-15 14:16:15,18400,CE,SELL,39.8,-0.10000000000000142,NIFTY
2022-11-15 14:16:15,18400,PE,SELL,112.95,0.5499999999999972,NIFTY
2022-11-15 14:16:15,18350,CE,BUY,61.05,,NIFTY
2022-11-15 14:16:15,18350,PE,BUY,83.9,,NIFTY
2022-11-15 14:16:19,18350,CE,SELL,61.0,-0.04999999999999716,NIFTY
2022-11-15 14:16:19,18350,PE,SELL,84.1,0.19999999999998863,NIFTY
2022-11-15 14:16:19,18400,CE,BUY,39.75,,NIFTY
2022-11-15 14:16:19,18400,PE,BUY,113.1,,NIFTY
2022-11-15 14:16:29,18400,CE,SELL,39.5,-0.25,NIFTY
2022-11-15 14:16:29,18400,PE,SELL,113.55,0.45000000000000284,NIFTY
2022-11-15 14:16:29,18350,CE,BUY,60.85,,NIFTY
2022-11-15 14:16:29,18350,PE,BUY,84.5,,NIFTY
2022-11-15 14:16:30,18350,CE,SELL,60.55,-0.30000000000000426,NIFTY
2022-11-15 14:16:30,18350,PE,SELL,84.45,-0.04999999999999716,NIFTY
2022-11-15 14:16:30,18400,CE,BUY,39.45,,NIFTY
2022-11-15 14:16:30,18400,PE,BUY,113.55,,NIFTY
2022-11-15 14:16:32,18400,CE,SELL,39.45,0.0,NIFTY
2022-11-15 14:16:32,18400,PE,SELL,113.55,0.0,NIFTY
2022-11-15 14:16:32,18350,CE,BUY,60.65,,NIFTY
2022-11-15 14:16:32,18350,PE,BUY,84.6,,NIFTY
2022-11-15 14:16:37,18350,CE,SELL,61.0,0.3500000000000014,NIFTY
2022-11-15 14:16:37,18350,PE,SELL,84.05,-0.5499999999999972,NIFTY
2022-11-15 14:16:37,18400,CE,BUY,39.65,,NIFTY
2022-11-15 14:16:37,18400,PE,BUY,113.0,,NIFTY
2022-11-15 14:16:43,18400,CE,SELL,39.6,-0.04999999999999716,NIFTY
2022-11-15 14:16:43,18400,PE,SELL,112.9,-0.09999999999999432,NIFTY
2022-11-15 14:16:43,18350,CE,BUY,60.85,,NIFTY
2022-11-15 14:16:43,18350,PE,BUY,84.05,,NIFTY
2022-11-15 14:16:46,18350,CE,SELL,61.0,0.14999999999999858,NIFTY
2022-11-15 14:16:46,18350,PE,SELL,84.1,0.04999999999999716,NIFTY
2022-11-15 14:16:46,18400,CE,BUY,39.8,,NIFTY
2022-11-15 14:16:46,18400,PE,BUY,113.0,,NIFTY
2022-11-15 14:16:47,18400,CE,SELL,39.75,-0.04999999999999716,NIFTY
2022-11-15 14:16:47,18400,PE,SELL,112.75,-0.25,NIFTY
2022-11-15 14:16:47,18350,CE,BUY,60.9,,NIFTY
2022-11-15 14:16:47,18350,PE,BUY,83.9,,NIFTY
2022-11-15 14:16:48,18350,CE,SELL,61.2,0.30000000000000426,NIFTY
2022-11-15 14:16:48,18350,PE,SELL,83.7,-0.20000000000000284,NIFTY
2022-11-15 14:16:48,18400,CE,BUY,39.8,,NIFTY
2022-11-15 14:16:48,18400,PE,BUY,112.65,,NIFTY
2022-11-15 14:16:52,18400,CE,SELL,39.55,-0.25,NIFTY
2022-11-15 14:16:52,18400,PE,SELL,112.8,0.14999999999999147,NIFTY
2022-11-15 14:16:52,18350,CE,BUY,60.9,,NIFTY
2022-11-15 14:16:52,18350,PE,BUY,83.9,,NIFTY
2022-11-15 14:16:53,18350,CE,SELL,60.7,-0.19999999999999574,NIFTY
2022-11-15 14:16:53,18350,PE,SELL,84.25,0.3499999999999943,NIFTY
2022-11-15 14:16:53,18400,CE,BUY,39.4,,NIFTY
2022-11-15 14:16:53,18400,PE,BUY,113.1,,NIFTY
2022-11-15 14:16:55,18400,CE,SELL,39.75,0.3500000000000014,NIFTY
2022-11-15 14:16:55,18400,PE,SELL,113.0,-0.09999999999999432,NIFTY
2022-11-15 14:16:55,18350,CE,BUY,61.0,,NIFTY
2022-11-15 14:16:55,18350,PE,BUY,84.2,,NIFTY
2022-11-15 14:16:58,18350,CE,SELL,60.9,-0.10000000000000142,NIFTY
2022-11-15 14:16:58,18350,PE,SELL,84.15,-0.04999999999999716,NIFTY
2022-11-15 14:16:58,18400,CE,BUY,39.6,,NIFTY
2022-11-15 14:16:58,18400,PE,BUY,113.15,,NIFTY
2022-11-15 14:16:59,18400,CE,SELL,39.6,0.0,NIFTY
2022-11-15 14:16:59,18400,PE,SELL,113.3,0.14999999999999147,NIFTY
2022-11-15 14:16:59,18350,CE,BUY,60.9,,NIFTY
2022-11-15 14:16:59,18350,PE,BUY,84.15,,NIFTY
2022-11-15 14:17:01,18350,CE,SELL,61.3,0.3999999999999986,NIFTY
2022-11-15 14:17:01,18350,PE,SELL,83.75,-0.4000000000000057,NIFTY
2022-11-15 14:17:01,18400,CE,BUY,39.85,,NIFTY
2022-11-15 14:17:01,18400,PE,BUY,112.75,,NIFTY
2022-11-15 14:17:08,18400,CE,SELL,39.5,-0.3500000000000014,NIFTY
2022-11-15 14:17:08,18400,PE,SELL,114.15,1.4000000000000057,NIFTY
2022-11-15 14:17:08,18350,CE,BUY,60.6,,NIFTY
2022-11-15 14:17:08,18350,PE,BUY,85.0,,NIFTY
2022-11-15 14:17:10,18350,CE,SELL,60.15,-0.45000000000000284,NIFTY
2022-11-15 14:17:10,18350,PE,SELL,85.25,0.25,NIFTY
2022-11-15 14:17:10,18400,CE,BUY,39.0,,NIFTY
2022-11-15 14:17:10,18400,PE,BUY,114.45,,NIFTY
2022-11-15 14:17:11,18400,CE,SELL,39.4,0.3999999999999986,NIFTY
2022-11-15 14:17:11,18400,PE,SELL,113.9,-0.5499999999999972,NIFTY
2022-11-15 14:17:11,18350,CE,BUY,60.35,,NIFTY
2022-11-15 14:17:11,18350,PE,BUY,85.05,,NIFTY
2022-11-15 14:19:00,18350,CE,SELL,60.0,-0.3500000000000014,NIFTY
2022-11-15 14:19:00,18350,PE,SELL,84.0,-1.0499999999999972,NIFTY
2022-11-15 14:19:00,18400,CE,BUY,38.85,,NIFTY
2022-11-15 14:19:00,18400,PE,BUY,113.1,,NIFTY
2022-11-15 14:19:01,18400,CE,SELL,39.05,0.19999999999999574,NIFTY
2022-11-15 14:19:01,18400,PE,SELL,112.65,-0.44999999999998863,NIFTY
2022-11-15 14:19:01,18350,CE,BUY,60.3,,NIFTY
2022-11-15 14:19:01,18350,PE,BUY,83.85,,NIFTY
2022-11-15 14:19:04,18350,CE,SELL,60.6,0.30000000000000426,NIFTY
2022-11-15 14:19:04,18350,PE,SELL,83.35,-0.5,NIFTY
2022-11-15 14:19:04,18400,CE,BUY,39.1,,NIFTY
2022-11-15 14:19:04,18400,PE,BUY,112.0,,NIFTY
2022-11-15 14:59:59,18400,CE,SELL,58.5,19.4,NIFTY
2022-11-15 14:59:59,18400,PE,SELL,78.9,-33.099999999999994,NIFTY
2022-11-15 14:59:59,18450,CE,BUY,37.45,,NIFTY
2022-11-15 14:59:59,18450,PE,BUY,109.0,,NIFTY
2022-11-15 15:19:00,18450,CE,SELL,58.95,21.5,NIFTY
2022-11-15 15:19:00,18450,PE,SELL,76.7,-32.3,NIFTY
2022-11-15 15:19:00,18500,CE,BUY,37.55,,NIFTY
2022-11-15 15:19:00,18500,PE,BUY,105.4,,NIFTY
2022-11-15 15:19:13,18500,CE,SELL,37.4,-0.14999999999999858,NIFTY
2022-11-15 15:19:13,18500,PE,SELL,105.3,-0.10000000000000853,NIFTY
2022-11-15 15:19:13,18450,CE,BUY,58.7,,NIFTY
2022-11-15 15:19:13,18450,PE,BUY,77.0,,NIFTY
2022-11-15 15:19:14,18450,CE,SELL,58.45,-0.25,NIFTY
2022-11-15 15:19:14,18450,PE,SELL,77.05,0.04999999999999716,NIFTY
2022-11-15 15:19:14,18500,CE,BUY,37.25,,NIFTY
2022-11-15 15:19:14,18500,PE,BUY,106.0,,NIFTY
2022-11-15 15:19:16,18500,CE,SELL,37.15,-0.10000000000000142,NIFTY
2022-11-15 15:19:16,18500,PE,SELL,105.55,-0.45000000000000284,NIFTY
2022-11-15 15:19:16,18450,CE,BUY,58.55,,NIFTY
2022-11-15 15:19:16,18450,PE,BUY,76.85,,NIFTY
2022-11-15 15:19:17,18450,CE,SELL,58.6,0.05000000000000426,NIFTY
2022-11-15 15:19:17,18450,PE,SELL,76.8,-0.04999999999999716,NIFTY
2022-11-15 15:19:17,18500,CE,BUY,37.15,,NIFTY
2022-11-15 15:19:17,18500,PE,BUY,105.55,,NIFTY
2022-11-15 15:19:22,18500,CE,SELL,37.4,0.25,NIFTY
2022-11-15 15:19:22,18500,PE,SELL,105.15,-0.3999999999999915,NIFTY
2022-11-15 15:19:22,18450,CE,BUY,58.85,,NIFTY
2022-11-15 15:19:22,18450,PE,BUY,76.6,,NIFTY
2022-11-15 15:19:23,18450,CE,SELL,58.65,-0.20000000000000284,NIFTY
2022-11-15 15:19:23,18450,PE,SELL,76.85,0.25,NIFTY
2022-11-15 15:19:23,18500,CE,BUY,37.25,,NIFTY
2022-11-15 15:19:23,18500,PE,BUY,105.75,,NIFTY
2022-11-15 15:19:26,18500,CE,SELL,36.95,-0.29999999999999716,NIFTY
2022-11-15 15:19:26,18500,PE,SELL,105.8,0.04999999999999716,NIFTY
2022-11-15 15:19:26,18450,CE,BUY,58.2,,NIFTY
2022-11-15 15:19:26,18450,PE,BUY,77.4,,NIFTY
2022-11-15 15:19:27,18450,CE,SELL,58.05,-0.15000000000000568,NIFTY
2022-11-15 15:19:27,18450,PE,SELL,77.5,0.09999999999999432,NIFTY
2022-11-15 15:19:27,18500,CE,BUY,36.85,,NIFTY
2022-11-15 15:19:27,18500,PE,BUY,106.15,,NIFTY
2022-11-15 15:19:31,18500,CE,SELL,36.8,-0.05000000000000426,NIFTY
2022-11-15 15:19:31,18500,PE,SELL,106.35,0.19999999999998863,NIFTY
2022-11-15 15:19:31,18450,CE,BUY,58.0,,NIFTY
2022-11-15 15:19:31,18450,PE,BUY,77.8,,NIFTY
2022-11-15 15:19:32,18450,CE,SELL,58.1,0.10000000000000142,NIFTY
2022-11-15 15:19:32,18450,PE,SELL,77.7,-0.09999999999999432,NIFTY
2022-11-15 15:19:32,18500,CE,BUY,36.9,,NIFTY
2022-11-15 15:19:32,18500,PE,BUY,106.35,,NIFTY
2022-11-15 15:19:38,18500,CE,SELL,37.25,0.3500000000000014,NIFTY
2022-11-15 15:19:38,18500,PE,SELL,106.55,0.20000000000000284,NIFTY
2022-11-15 15:19:38,18450,CE,BUY,58.65,,NIFTY
2022-11-15 15:19:38,18450,PE,BUY,77.6,,NIFTY
2022-11-15 15:19:41,18450,CE,SELL,58.35,-0.29999999999999716,NIFTY
2022-11-15 15:19:41,18450,PE,SELL,77.65,0.05000000000001137,NIFTY
2022-11-15 15:19:41,18500,CE,BUY,37.1,,NIFTY
2022-11-15 15:19:41,18500,PE,BUY,106.95,,NIFTY
2022-11-15 15:19:42,18500,CE,SELL,37.2,0.10000000000000142,NIFTY
2022-11-15 15:19:42,18500,PE,SELL,106.6,-0.3500000000000085,NIFTY
2022-11-15 15:19:42,18450,CE,BUY,58.45,,NIFTY
2022-11-15 15:19:42,18450,PE,BUY,77.75,,NIFTY
2022-11-15 15:19:43,18450,CE,SELL,58.7,0.25,NIFTY
2022-11-15 15:19:43,18450,PE,SELL,77.9,0.15000000000000568,NIFTY
2022-11-15 15:19:43,18500,CE,BUY,37.4,,NIFTY
2022-11-15 15:19:43,18500,PE,BUY,106.65,,NIFTY
2022-11-15 15:19:44,18500,CE,SELL,37.4,0.0,NIFTY
2022-11-15 15:19:44,18500,PE,SELL,106.8,0.14999999999999147,NIFTY
2022-11-15 15:19:44,18450,CE,BUY,58.55,,NIFTY
2022-11-15 15:19:44,18450,PE,BUY,78.2,,NIFTY
2022-11-15 15:19:49,18450,CE,SELL,58.8,0.25,NIFTY
2022-11-15 15:19:49,18450,PE,SELL,78.15,-0.04999999999999716,NIFTY
2022-11-15 15:19:49,18500,CE,BUY,37.5,,NIFTY
2022-11-15 15:19:49,18500,PE,BUY,106.85,,NIFTY
2022-11-15 15:19:50,18500,CE,SELL,37.5,0.0,NIFTY
2022-11-15 15:19:50,18500,PE,SELL,106.7,-0.14999999999999147,NIFTY
2022-11-15 15:19:50,18450,CE,BUY,58.6,,NIFTY
2022-11-15 15:19:50,18450,PE,BUY,78.1,,NIFTY
2022-11-15 15:19:56,18450,CE,SELL,59.3,0.6999999999999957,NIFTY
2022-11-15 15:19:56,18450,PE,SELL,78.05,-0.04999999999999716,NIFTY
2022-11-15 15:19:56,18500,CE,BUY,37.9,,NIFTY
2022-11-15 15:19:56,18500,PE,BUY,106.95,,NIFTY
2022-11-15 15:20:00,18500,CE,SELL,38.2,0.30000000000000426,NIFTY
2022-11-15 15:20:00,18500,PE,SELL,106.7,-0.25,NIFTY
2022-11-15 15:20:00,18450,CE,BUY,59.6,,NIFTY
2022-11-15 15:20:00,18450,PE,BUY,78.25,,NIFTY
2022-11-15 15:20:01,18450,CE,SELL,59.75,0.14999999999999858,NIFTY
2022-11-15 15:20:01,18450,PE,SELL,78.55,0.29999999999999716,NIFTY
2022-11-15 15:20:01,18500,CE,BUY,38.35,,NIFTY
2022-11-15 15:20:01,18500,PE,BUY,107.25,,NIFTY
2022-11-15 15:20:03,18500,CE,SELL,38.3,-0.05000000000000426,NIFTY
2022-11-15 15:20:03,18500,PE,SELL,107.6,0.3499999999999943,NIFTY
2022-11-15 15:20:03,18450,CE,BUY,59.85,,NIFTY
2022-11-15 15:20:03,18450,PE,BUY,78.9,,NIFTY
2022-11-15 15:20:05,18450,CE,SELL,59.45,-0.3999999999999986,NIFTY
2022-11-15 15:20:05,18450,PE,SELL,79.25,0.3499999999999943,NIFTY
2022-11-15 15:20:05,18500,CE,BUY,38.15,,NIFTY
2022-11-15 15:20:05,18500,PE,BUY,108.0,,NIFTY
2022-11-15 15:20:06,18500,CE,SELL,38.0,-0.14999999999999858,NIFTY
2022-11-15 15:20:06,18500,PE,SELL,107.8,-0.20000000000000284,NIFTY
2022-11-15 15:20:06,18450,CE,BUY,59.2,,NIFTY
2022-11-15 15:20:06,18450,PE,BUY,79.05,,NIFTY
2022-11-15 15:20:10,18450,CE,SELL,58.5,-0.7000000000000028,NIFTY
2022-11-15 15:20:10,18450,PE,SELL,79.6,0.5499999999999972,NIFTY
2022-11-15 15:20:10,18500,CE,BUY,37.3,,NIFTY
2022-11-15 15:20:10,18500,PE,BUY,108.5,,NIFTY
2022-11-15 15:20:11,18500,CE,SELL,37.35,0.05000000000000426,NIFTY
2022-11-15 15:20:11,18500,PE,SELL,108.55,0.04999999999999716,NIFTY
2022-11-15 15:20:11,18450,CE,BUY,58.45,,NIFTY
2022-11-15 15:20:11,18450,PE,BUY,79.75,,NIFTY
2022-11-15 15:20:50,18450,CE,SELL,59.5,1.0499999999999972,NIFTY
2022-11-15 15:20:50,18450,PE,SELL,77.55,-2.200000000000003,NIFTY
2022-11-15 15:20:50,18500,CE,BUY,38.1,,NIFTY
2022-11-15 15:20:50,18500,PE,BUY,105.9,,NIFTY
2022-11-15 15:20:52,18500,CE,SELL,37.6,-0.5,NIFTY
2022-11-15 15:20:52,18500,PE,SELL,107.1,1.1999999999999886,NIFTY
2022-11-15 15:20:52,18450,CE,BUY,58.95,,NIFTY
2022-11-15 15:20:52,18450,PE,BUY,78.4,,NIFTY
2022-11-15 15:21:39,18450,CE,SELL,59.95,1.0,NIFTY
2022-11-15 15:21:39,18450,PE,SELL,77.45,-0.9500000000000028,NIFTY
2022-11-15 15:21:39,18500,CE,BUY,38.2,,NIFTY
2022-11-15 15:21:39,18500,PE,BUY,106.0,,NIFTY
2022-11-15 15:21:41,18500,CE,SELL,38.0,-0.20000000000000284,NIFTY
2022-11-15 15:21:41,18500,PE,SELL,106.0,0.0,NIFTY
2022-11-15 15:21:41,18450,CE,BUY,59.7,,NIFTY
2022-11-15 15:21:41,18450,PE,BUY,77.6,,NIFTY
2022-11-15 15:21:44,18450,CE,SELL,59.4,-0.30000000000000426,NIFTY
2022-11-15 15:21:44,18450,PE,SELL,78.1,0.5,NIFTY
2022-11-15 15:21:44,18500,CE,BUY,37.85,,NIFTY
2022-11-15 15:21:44,18500,PE,BUY,106.3,,NIFTY
2022-11-15 15:21:45,18500,CE,SELL,38.05,0.19999999999999574,NIFTY
2022-11-15 15:21:45,18500,PE,SELL,106.1,-0.20000000000000284,NIFTY
2022-11-15 15:21:45,18450,CE,BUY,59.4,,NIFTY
2022-11-15 15:21:45,18450,PE,BUY,77.9,,NIFTY
2022-11-15 15:21:46,18450,CE,SELL,59.55,0.14999999999999858,NIFTY
2022-11-15 15:21:46,18450,PE,SELL,77.85,-0.05000000000001137,NIFTY
2022-11-15 15:21:46,18500,CE,BUY,38.05,,NIFTY
2022-11-15 15:21:46,18500,PE,BUY,106.35,,NIFTY
2022-11-15 15:21:47,18500,CE,SELL,37.95,-0.09999999999999432,NIFTY
2022-11-15 15:21:47,18500,PE,SELL,106.4,0.05000000000001137,NIFTY
2022-11-15 15:21:47,18450,CE,BUY,59.65,,NIFTY
2022-11-15 15:21:47,18450,PE,BUY,77.95,,NIFTY
2022-11-15 15:22:04,18450,CE,SELL,60.0,0.3500000000000014,NIFTY
2022-11-15 15:22:04,18450,PE,SELL,77.8,-0.15000000000000568,NIFTY
2022-11-15 15:22:04,18500,CE,BUY,38.3,,NIFTY
2022-11-15 15:22:04,18500,PE,BUY,106.15,,NIFTY
2022-11-15 15:22:07,18500,CE,SELL,38.35,0.05000000000000426,NIFTY
2022-11-15 15:22:07,18500,PE,SELL,106.2,0.04999999999999716,NIFTY
2022-11-15 15:22:07,18450,CE,BUY,60.1,,NIFTY
2022-11-15 15:22:07,18450,PE,BUY,77.75,,NIFTY
2022-11-15 15:22:12,18450,CE,SELL,59.55,-0.5500000000000043,NIFTY
2022-11-15 15:22:12,18450,PE,SELL,78.0,0.25,NIFTY
2022-11-15 15:22:12,18500,CE,BUY,38.1,,NIFTY
2022-11-15 15:22:12,18500,PE,BUY,106.3,,NIFTY
2022-11-15 15:22:13,18500,CE,SELL,37.65,-0.45000000000000284,NIFTY
2022-11-15 15:22:13,18500,PE,SELL,106.9,0.6000000000000085,NIFTY
2022-11-15 15:22:13,18450,CE,BUY,59.25,,NIFTY
2022-11-15 15:22:13,18450,PE,BUY,78.5,,NIFTY
2022-11-15 15:22:14,18450,CE,SELL,59.55,0.29999999999999716,NIFTY
2022-11-15 15:22:14,18450,PE,SELL,78.25,-0.25,NIFTY
2022-11-15 15:22:14,18500,CE,BUY,37.9,,NIFTY
2022-11-15 15:22:14,18500,PE,BUY,106.5,,NIFTY
2022-11-15 15:22:20,18500,CE,SELL,38.25,0.3500000000000014,NIFTY
2022-11-15 15:22:20,18500,PE,SELL,106.45,-0.04999999999999716,NIFTY
2022-11-15 15:22:20,18450,CE,BUY,60.0,,NIFTY
2022-11-15 15:22:20,18450,PE,BUY,78.05,,NIFTY
2022-11-15 15:22:22,18450,CE,SELL,60.0,0.0,NIFTY
2022-11-15 15:22:22,18450,PE,SELL,77.8,-0.25,NIFTY
2022-11-15 15:22:22,18500,CE,BUY,38.25,,NIFTY
2022-11-15 15:22:22,18500,PE,BUY,106.3,,NIFTY
2022-11-15 15:30:00,18500,CE,SELL,39.4,1.1499999999999986,NIFTY
2022-11-15 15:30:00,18500,PE,SELL,99.5,-6.799999999999997,NIFTY
2022-11-16 09:15:00,18450,CE,BUY,42.25,,NIFTY
2022-11-16 09:15:00,18450,PE,BUY,75.75,,NIFTY
2022-11-16 09:17:06,18450,CE,SELL,32.8,-9.450000000000003,NIFTY
2022-11-16 09:17:06,18450,PE,SELL,104.6,28.849999999999994,NIFTY
2022-11-16 09:17:06,18400,CE,BUY,53.45,,NIFTY
2022-11-16 09:17:06,18400,PE,BUY,75.0,,NIFTY
2022-11-16 09:17:20,18400,CE,SELL,55.65,2.1999999999999957,NIFTY
2022-11-16 09:17:20,18400,PE,SELL,72.5,-2.5,NIFTY
2022-11-16 09:17:20,18450,CE,BUY,34.5,,NIFTY
2022-11-16 09:17:20,18450,PE,BUY,101.75,,NIFTY
2022-11-16 09:22:16,18450,CE,SELL,32.2,-2.299999999999997,NIFTY
2022-11-16 09:22:16,18450,PE,SELL,104.4,2.6500000000000057,NIFTY
2022-11-16 09:22:16,18400,CE,BUY,52.5,,NIFTY
2022-11-16 09:22:16,18400,PE,BUY,74.6,,NIFTY
2022-11-16 09:22:17,18400,CE,SELL,52.5,0.0,NIFTY
2022-11-16 09:22:17,18400,PE,SELL,74.6,0.0,NIFTY
2022-11-16 09:22:17,18450,CE,BUY,32.05,,NIFTY
2022-11-16 09:22:17,18450,PE,BUY,104.15,,NIFTY
2022-11-16 09:22:23,18450,CE,SELL,32.1,0.05000000000000426,NIFTY
2022-11-16 09:22:23,18450,PE,SELL,104.1,-0.05000000000001137,NIFTY
2022-11-16 09:22:23,18400,CE,BUY,52.7,,NIFTY
2022-11-16 09:22:23,18400,PE,BUY,74.1,,NIFTY
2022-11-16 09:22:24,18400,CE,SELL,52.7,0.0,NIFTY
2022-11-16 09:22:24,18400,PE,SELL,74.1,0.0,NIFTY
2022-11-16 09:22:24,18450,CE,BUY,31.85,,NIFTY
2022-11-16 09:22:24,18450,PE,BUY,104.1,,NIFTY
2022-11-16 09:22:25,18450,CE,SELL,31.3,-0.5500000000000007,NIFTY
2022-11-16 09:22:25,18450,PE,SELL,104.45,0.3500000000000085,NIFTY
2022-11-16 09:22:25,18400,CE,BUY,51.35,,NIFTY
2022-11-16 09:22:25,18400,PE,BUY,74.85,,NIFTY
2022-11-16 09:22:38,18400,CE,SELL,52.1,0.75,NIFTY
2022-11-16 09:22:38,18400,PE,SELL,73.8,-1.0499999999999972,NIFTY
2022-11-16 09:22:38,18450,CE,BUY,31.9,,NIFTY
2022-11-16 09:22:38,18450,PE,BUY,103.9,,NIFTY
2022-11-16 09:22:39,18450,CE,SELL,31.65,-0.25,NIFTY
2022-11-16 09:22:39,18450,PE,SELL,103.9,0.0,NIFTY
2022-11-16 09:22:39,18400,CE,BUY,52.0,,NIFTY
2022-11-16 09:22:39,18400,PE,BUY,73.65,,NIFTY
2022-11-16 09:22:40,18400,CE,SELL,52.5,0.5,NIFTY
2022-11-16 09:22:40,18400,PE,SELL,73.9,0.25,NIFTY
2022-11-16 09:22:40,18450,CE,BUY,32.05,,NIFTY
2022-11-16 09:22:40,18450,PE,BUY,103.5,,NIFTY
2022-11-16 09:22:48,18450,CE,SELL,31.2,-0.8499999999999979,NIFTY
2022-11-16 09:22:48,18450,PE,SELL,104.9,1.4000000000000057,NIFTY
2022-11-16 09:22:48,18400,CE,BUY,51.45,,NIFTY
2022-11-16 09:22:48,18400,PE,BUY,74.85,,NIFTY
2022-11-16 09:23:14,18400,CE,SELL,51.95,0.5,NIFTY
2022-11-16 09:23:14,18400,PE,SELL,74.25,-0.5999999999999943,NIFTY
2022-11-16 09:23:14,18450,CE,BUY,31.6,,NIFTY
2022-11-16 09:23:14,18450,PE,BUY,104.15,,NIFTY
2022-11-16 09:23:15,18450,CE,SELL,31.9,0.29999999999999716,NIFTY
2022-11-16 09:23:15,18450,PE,SELL,103.75,-0.4000000000000057,NIFTY
2022-11-16 09:23:15,18400,CE,BUY,52.35,,NIFTY
2022-11-16 09:23:15,18400,PE,BUY,74.35,,NIFTY
2022-11-16 09:23:17,18400,CE,SELL,53.0,0.6499999999999986,NIFTY
2022-11-16 09:23:17,18400,PE,SELL,72.55,-1.7999999999999972,NIFTY
2022-11-16 09:23:17,18450,CE,BUY,32.3,,NIFTY
2022-11-16 09:23:17,18450,PE,BUY,101.9,,NIFTY
2022-11-16 09:23:54,18450,CE,SELL,31.45,-0.8499999999999979,NIFTY
2022-11-16 09:23:54,18450,PE,SELL,105.35,3.4499999999999886,NIFTY
2022-11-16 09:23:54,18400,CE,BUY,51.55,,NIFTY
2022-11-16 09:23:54,18400,PE,BUY,75.4,,NIFTY
2022-11-16 09:23:56,18400,CE,SELL,51.35,-0.19999999999999574,NIFTY
2022-11-16 09:23:56,18400,PE,SELL,75.25,-0.15000000000000568,NIFTY
2022-11-16 09:23:56,18450,CE,BUY,31.3,,NIFTY
2022-11-16 09:23:56,18450,PE,BUY,105.45,,NIFTY
2022-11-16 09:23:58,18450,CE,SELL,31.6,0.3000000000000007,NIFTY
2022-11-16 09:23:58,18450,PE,SELL,105.0,-0.45000000000000284,NIFTY
2022-11-16 09:23:58,18400,CE,BUY,51.55,,NIFTY
2022-11-16 09:23:58,18400,PE,BUY,75.0,,NIFTY
2022-11-16 09:24:01,18400,CE,SELL,51.7,0.15000000000000568,NIFTY
2022-11-16 09:24:01,18400,PE,SELL,74.55,-0.45000000000000284,NIFTY
2022-11-16 09:24:01,18450,CE,BUY,31.6,,NIFTY
2022-11-16 09:24:01,18450,PE,BUY,104.65,,NIFTY
2022-11-16 09:24:02,18450,CE,SELL,31.6,0.0,NIFTY
2022-11-16 09:24:02,18450,PE,SELL,104.5,-0.15000000000000568,NIFTY
2022-11-16 09:24:02,18400,CE,BUY,51.8,,NIFTY
2022-11-16 09:24:02,18400,PE,BUY,74.6,,NIFTY
2022-11-16 09:24:04,18400,CE,SELL,51.8,0.0,NIFTY
2022-11-16 09:24:04,18400,PE,SELL,74.05,-0.5499999999999972,NIFTY
2022-11-16 09:24:04,18450,CE,BUY,31.6,,NIFTY
2022-11-16 09:24:04,18450,PE,BUY,104.05,,NIFTY
2022-11-16 09:25:22,18450,CE,SELL,31.5,-0.10000000000000142,NIFTY
2022-11-16 09:25:22,18450,PE,SELL,104.9,0.8500000000000085,NIFTY
2022-11-16 09:25:22,18400,CE,BUY,51.7,,NIFTY
2022-11-16 09:25:22,18400,PE,BUY,74.75,,NIFTY
2022-11-16 09:25:24,18400,CE,SELL,51.85,0.14999999999999858,NIFTY
2022-11-16 09:25:24,18400,PE,SELL,74.6,-0.15000000000000568,NIFTY
2022-11-16 09:25:24,18450,CE,BUY,31.7,,NIFTY
2022-11-16 09:25:24,18450,PE,BUY,104.15,,NIFTY
2022-11-16 09:25:29,18450,CE,SELL,31.85,0.15000000000000213,NIFTY
2022-11-16 09:25:29,18450,PE,SELL,104.6,0.44999999999998863,NIFTY
2022-11-16 09:25:29,18400,CE,BUY,51.9,,NIFTY
2022-11-16 09:25:29,18400,PE,BUY,74.65,,NIFTY
2022-11-16 09:25:33,18400,CE,SELL,52.1,0.20000000000000284,NIFTY
2022-11-16 09:25:33,18400,PE,SELL,74.4,-0.25,NIFTY
2022-11-16 09:25:33,18450,CE,BUY,32.0,,NIFTY
2022-11-16 09:25:33,18450,PE,BUY,104.25,,NIFTY
2022-11-16 09:25:36,18450,CE,SELL,31.55,-0.4499999999999993,NIFTY
2022-11-16 09:25:36,18450,PE,SELL,104.75,0.5,NIFTY
2022-11-16 09:25:36,18400,CE,BUY,51.7,,NIFTY
2022-11-16 09:25:36,18400,PE,BUY,75.0,,NIFTY
2022-11-16 09:25:38,18400,CE,SELL,52.2,0.5,NIFTY
2022-11-16 09:25:38,18400,PE,SELL,74.35,-0.6500000000000057,NIFTY
2022-11-16 09:25:38,18450,CE,BUY,31.95,,NIFTY
2022-11-16 09:25:38,18450,PE,BUY,104.4,,NIFTY
2022-11-16 09:25:39,18450,CE,SELL,31.8,-0.14999999999999858,NIFTY
2022-11-16 09:25:39,18450,PE,SELL,104.7,0.29999999999999716,NIFTY
2022-11-16 09:25:39,18400,CE,BUY,52.15,,NIFTY
2022-11-16 09:25:39,18400,PE,BUY,74.7,,NIFTY
2022-11-16 09:25:41,18400,CE,SELL,52.05,-0.10000000000000142,NIFTY
2022-11-16 09:25:41,18400,PE,SELL,74.65,-0.04999999999999716,NIFTY
2022-11-16 09:25:41,18450,CE,BUY,31.8,,NIFTY
2022-11-16 09:25:41,18450,PE,BUY,104.9,,NIFTY
2022-11-16 09:25:42,18450,CE,SELL,31.8,0.0,NIFTY
2022-11-16 09:25:42,18450,PE,SELL,105.45,0.5499999999999972,NIFTY
2022-11-16 09:25:42,18400,CE,BUY,52.05,,NIFTY
2022-11-16 09:25:42,18400,PE,BUY,75.05,,NIFTY
2022-11-16 09:26:06,18400,CE,SELL,52.15,0.10000000000000142,NIFTY
2022-11-16 09:26:06,18400,PE,SELL,75.0,-0.04999999999999716,NIFTY
2022-11-16 09:26:06,18450,CE,BUY,32.0,,NIFTY
2022-11-16 09:26:06,18450,PE,BUY,105.05,,NIFTY
2022-11-16 09:26:07,18450,CE,SELL,32.0,0.0,NIFTY
2022-11-16 09:26:07,18450,PE,SELL,104.6,-0.45000000000000284,NIFTY
2022-11-16 09:26:07,18400,CE,BUY,52.3,,NIFTY
2022-11-16 09:26:07,18400,PE,BUY,74.8,,NIFTY
2022-11-16 09:26:14,18400,CE,SELL,52.55,0.25,NIFTY
2022-11-16 09:26:14,18400,PE,SELL,74.7,-0.09999999999999432,NIFTY
2022-11-16 09:26:14,18450,CE,BUY,32.25,,NIFTY
2022-11-16 09:26:14,18450,PE,BUY,104.45,,NIFTY
2022-11-16 09:26:15,18450,CE,SELL,32.4,0.14999999999999858,NIFTY
2022-11-16 09:26:15,18450,PE,SELL,104.0,-0.45000000000000284,NIFTY
2022-11-16 09:26:15,18400,CE,BUY,52.65,,NIFTY
2022-11-16 09:26:15,18400,PE,BUY,74.35,,NIFTY
2022-11-16 09:26:16,18400,CE,SELL,52.85,0.20000000000000284,NIFTY
2022-11-16 09:26:16,18400,PE,SELL,73.9,-0.44999999999998863,NIFTY
2022-11-16 09:26:16,18450,CE,BUY,32.4,,NIFTY
2022-11-16 09:26:16,18450,PE,BUY,103.2,,NIFTY
2022-11-16 09:28:04,18450,CE,SELL,31.25,-1.1499999999999986,NIFTY
2022-11-16 09:28:04,18450,PE,SELL,105.65,2.450000000000003,NIFTY
2022-11-16 09:28:04,18400,CE,BUY,51.35,,NIFTY
2022-11-16 09:28:04,18400,PE,BUY,75.45,,NIFTY
2022-11-16 09:28:11,18400,CE,SELL,52.3,0.9499999999999957,NIFTY
2022-11-16 09:28:11,18400,PE,SELL,73.85,-1.6000000000000085,NIFTY
2022-11-16 09:28:11,18450,CE,BUY,32.05,,NIFTY
2022-11-16 09:28:11,18450,PE,BUY,103.5,,NIFTY
2022-11-16 09:28:18,18450,CE,SELL,31.7,-0.34999999999999787,NIFTY
2022-11-16 09:28:18,18450,PE,SELL,103.75,0.25,NIFTY
2022-11-16 09:28:18,18400,CE,BUY,52.0,,NIFTY
2022-11-16 09:28:18,18400,PE,BUY,73.95,,NIFTY
2022-11-16 09:28:20,18400,CE,SELL,52.0,0.0,NIFTY
2022-11-16 09:28:20,18400,PE,SELL,74.35,0.3999999999999915,NIFTY
2022-11-16 09:28:20,18450,CE,BUY,31.8,,NIFTY
2022-11-16 09:28:20,18450,PE,BUY,104.25,,NIFTY
2022-11-16 09:28:30,18450,CE,SELL,30.85,-0.9499999999999993,NIFTY
2022-11-16 09:28:30,18450,PE,SELL,105.1,0.8499999999999943,NIFTY
2022-11-16 09:28:30,18400,CE,BUY,50.7,,NIFTY
2022-11-16 09:28:30,18400,PE,BUY,75.0,,NIFTY
2022-11-16 09:38:26,18400,CE,SELL,51.8,1.0999999999999943,NIFTY
2022-11-16 09:38:26,18400,PE,SELL,74.45,-0.5499999999999972,NIFTY
2022-11-16 09:38:26,18450,CE,BUY,31.55,,NIFTY
2022-11-16 09:38:26,18450,PE,BUY,104.3,,NIFTY
2022-11-16 09:38:27,18450,CE,SELL,31.45,-0.10000000000000142,NIFTY
2022-11-16 09:38:27,18450,PE,SELL,104.3,0.0,NIFTY
2022-11-16 09:38:27,18400,CE,BUY,51.6,,NIFTY
2022-11-16 09:38:27,18400,PE,BUY,74.95,,NIFTY
2022-11-16 09:38:29,18400,CE,SELL,51.9,0.29999999999999716,NIFTY
2022-11-16 09:38:29,18400,PE,SELL,74.8,-0.15000000000000568,NIFTY
2022-11-16 09:38:29,18450,CE,BUY,31.75,,NIFTY
2022-11-16 09:38:29,18450,PE,BUY,104.7,,NIFTY
2022-11-16 09:38:31,18450,CE,SELL,31.6,-0.14999999999999858,NIFTY
2022-11-16 09:38:31,18450,PE,SELL,104.4,-0.29999999999999716,NIFTY
2022-11-16 09:38:31,18400,CE,BUY,51.75,,NIFTY
2022-11-16 09:38:31,18400,PE,BUY,74.5,,NIFTY
2022-11-16 09:38:32,18400,CE,SELL,51.75,0.0,NIFTY
2022-11-16 09:38:32,18400,PE,SELL,74.5,0.0,NIFTY
2022-11-16 09:38:32,18450,CE,BUY,31.65,,NIFTY
2022-11-16 09:38:32,18450,PE,BUY,104.2,,NIFTY
2022-11-16 09:38:33,18450,CE,SELL,31.55,-0.09999999999999787,NIFTY
2022-11-16 09:38:33,18450,PE,SELL,105.1,0.8999999999999915,NIFTY
2022-11-16 09:38:33,18400,CE,BUY,51.7,,NIFTY
2022-11-16 09:38:33,18400,PE,BUY,75.0,,NIFTY
2022-11-16 09:38:39,18400,CE,SELL,51.9,0.19999999999999574,NIFTY
2022-11-16 09:38:39,18400,PE,SELL,74.85,-0.15000000000000568,NIFTY
2022-11-16 09:38:39,18450,CE,BUY,31.75,,NIFTY
2022-11-16 09:38:39,18450,PE,BUY,104.3,,NIFTY
2022-11-16 09:39:15,18450,CE,SELL,31.9,0.14999999999999858,NIFTY
2022-11-16 09:39:15,18450,PE,SELL,104.15,-0.14999999999999147,NIFTY
2022-11-16 09:39:15,18400,CE,BUY,52.1,,NIFTY
2022-11-16 09:39:15,18400,PE,BUY,74.5,,NIFTY
2022-11-16 09:39:16,18400,CE,SELL,51.9,-0.20000000000000284,NIFTY
2022-11-16 09:39:16,18400,PE,SELL,74.4,-0.09999999999999432,NIFTY
2022-11-16 09:39:16,18450,CE,BUY,31.8,,NIFTY
2022-11-16 09:39:16,18450,PE,BUY,104.3,,NIFTY
2022-11-16 09:39:18,18450,CE,SELL,31.9,0.09999999999999787,NIFTY
2022-11-16 09:39:18,18450,PE,SELL,104.4,0.10000000000000853,NIFTY
2022-11-16 09:39:18,18400,CE,BUY,52.05,,NIFTY
2022-11-16 09:39:18,18400,PE,BUY,74.35,,NIFTY
2022-11-16 09:39:22,18400,CE,SELL,52.3,0.25,NIFTY
2022-11-16 09:39:22,18400,PE,SELL,74.5,0.15000000000000568,NIFTY
2022-11-16 09:39:22,18450,CE,BUY,32.05,,NIFTY
2022-11-16 09:39:22,18450,PE,BUY,104.35,,NIFTY
2022-11-16 09:39:24,18450,CE,SELL,31.9,-0.14999999999999858,NIFTY
2022-11-16 09:39:24,18450,PE,SELL,104.7,0.3500000000000085,NIFTY
2022-11-16 09:39:24,18400,CE,BUY,52.3,,NIFTY
2022-11-16 09:39:24,18400,PE,BUY,74.95,,NIFTY
2022-11-16 09:39:44,18400,CE,SELL,52.5,0.20000000000000284,NIFTY
2022-11-16 09:39:44,18400,PE,SELL,74.45,-0.5,NIFTY
2022-11-16 09:39:44,18450,CE,BUY,32.0,,NIFTY
2022-11-16 09:39:44,18450,PE,BUY,104.3,,NIFTY
2022-11-16 09:40:02,18450,CE,SELL,32.0,0.0,NIFTY
2022-11-16 09:40:02,18450,PE,SELL,104.0,-0.29999999999999716,NIFTY
2022-11-16 09:40:02,18400,CE,BUY,52.2,,NIFTY
2022-11-16 09:40:02,18400,PE,BUY,74.65,,NIFTY
2022-11-16 09:40:33,18400,CE,SELL,53.2,1.0,NIFTY
2022-11-16 09:40:33,18400,PE,SELL,74.55,-0.10000000000000853,NIFTY
2022-11-16 09:40:33,18450,CE,BUY,32.6,,NIFTY
2022-11-16 09:40:33,18450,PE,BUY,104.1,,NIFTY
2022-11-16 09:40:35,18450,CE,SELL,32.5,-0.10000000000000142,NIFTY
2022-11-16 09:40:35,18450,PE,SELL,105.5,1.4000000000000057,NIFTY
2022-11-16 09:40:35,18400,CE,BUY,52.75,,NIFTY
2022-11-16 09:40:35,18400,PE,BUY,75.7,,NIFTY
2022-11-16 09:41:03,18400,CE,SELL,53.6,0.8500000000000014,NIFTY
2022-11-16 09:41:03,18400,PE,SELL,75.5,-0.20000000000000284,NIFTY
2022-11-16 09:41:03,18450,CE,BUY,33.0,,NIFTY
2022-11-16 09:41:03,18450,PE,BUY,104.75,,NIFTY
2022-11-16 09:41:04,18450,CE,SELL,33.2,0.20000000000000284,NIFTY
2022-11-16 09:41:04,18450,PE,SELL,104.55,-0.20000000000000284,NIFTY
2022-11-16 09:41:04,18400,CE,BUY,53.65,,NIFTY
2022-11-16 09:41:04,18400,PE,BUY,75.15,,NIFTY
2022-11-16 09:41:05,18400,CE,SELL,54.0,0.3500000000000014,NIFTY
2022-11-16 09:41:05,18400,PE,SELL,74.5,-0.6500000000000057,NIFTY
2022-11-16 09:41:05,18450,CE,BUY,33.3,,NIFTY
2022-11-16 09:41:05,18450,PE,BUY,104.55,,NIFTY
2022-11-16 09:41:06,18450,CE,SELL,33.6,0.30000000000000426,NIFTY
2022-11-16 09:41:06,18450,PE,SELL,103.95,-0.5999999999999943,NIFTY
2022-11-16 09:41:06,18400,CE,BUY,54.35,,NIFTY
2022-11-16 09:41:06,18400,PE,BUY,74.8,,NIFTY
2022-11-16 09:41:10,18400,CE,SELL,53.95,-0.3999999999999986,NIFTY
2022-11-16 09:41:10,18400,PE,SELL,75.2,0.4000000000000057,NIFTY
2022-11-16 09:41:10,18450,CE,BUY,33.45,,NIFTY
2022-11-16 09:41:10,18450,PE,BUY,104.7,,NIFTY
2022-11-16 09:41:11,18450,CE,SELL,32.95,-0.5,NIFTY
2022-11-16 09:41:11,18450,PE,SELL,104.65,-0.04999999999999716,NIFTY
2022-11-16 09:41:11,18400,CE,BUY,53.55,,NIFTY
2022-11-16 09:41:11,18400,PE,BUY,75.2,,NIFTY
2022-11-16 09:41:16,18400,CE,SELL,53.65,0.10000000000000142,NIFTY
2022-11-16 09:41:16,18400,PE,SELL,75.0,-0.20000000000000284,NIFTY
2022-11-16 09:41:16,18450,CE,BUY,33.0,,NIFTY
2022-11-16 09:41:16,18450,PE,BUY,104.55,,NIFTY
2022-11-16 09:41:17,18450,CE,SELL,32.8,-0.20000000000000284,NIFTY
2022-11-16 09:41:17,18450,PE,SELL,104.8,0.25,NIFTY
2022-11-16 09:41:17,18400,CE,BUY,53.35,,NIFTY
2022-11-16 09:41:17,18400,PE,BUY,75.25,,NIFTY
2022-11-16 09:41:20,18400,CE,SELL,53.65,0.29999999999999716,NIFTY
2022-11-16 09:41:20,18400,PE,SELL,74.35,-0.9000000000000057,NIFTY
2022-11-16 09:41:20,18450,CE,BUY,33.05,,NIFTY
2022-11-16 09:41:20,18450,PE,BUY,104.0,,NIFTY
2022-11-16 09:41:22,18450,CE,SELL,32.85,-0.19999999999999574,NIFTY
2022-11-16 09:41:22,18450,PE,SELL,103.95,-0.04999999999999716,NIFTY
2022-11-16 09:41:22,18400,CE,BUY,53.6,,NIFTY
2022-11-16 09:41:22,18400,PE,BUY,74.6,,NIFTY
2022-11-16 09:41:28,18400,CE,SELL,53.5,-0.10000000000000142,NIFTY
2022-11-16 09:41:28,18400,PE,SELL,74.5,-0.09999999999999432,NIFTY
2022-11-16 09:41:28,18450,CE,BUY,32.8,,NIFTY
2022-11-16 09:41:28,18450,PE,BUY,104.0,,NIFTY
2022-11-16 09:41:29,18450,CE,SELL,32.8,0.0,NIFTY
2022-11-16 09:41:29,18450,PE,SELL,104.1,0.09999999999999432,NIFTY
2022-11-16 09:41:29,18400,CE,BUY,53.4,,NIFTY
2022-11-16 09:41:29,18400,PE,BUY,74.55,,NIFTY
2022-11-16 09:41:30,18400,CE,SELL,53.8,0.3999999999999986,NIFTY
2022-11-16 09:41:30,18400,PE,SELL,74.55,0.0,NIFTY
2022-11-16 09:41:30,18450,CE,BUY,32.8,,NIFTY
2022-11-16 09:41:30,18450,PE,BUY,103.15,,NIFTY
2022-11-16 09:41:43,18450,CE,SELL,32.75,-0.04999999999999716,NIFTY
2022-11-16 09:41:43,18450,PE,SELL,103.75,0.5999999999999943,NIFTY
2022-11-16 09:41:43,18400,CE,BUY,53.45,,NIFTY
2022-11-16 09:41:43,18400,PE,BUY,74.35,,NIFTY
2022-11-16 09:41:45,18400,CE,SELL,53.35,-0.10000000000000142,NIFTY
2022-11-16 09:41:45,18400,PE,SELL,74.5,0.15000000000000568,NIFTY
2022-11-16 09:41:45,18450,CE,BUY,32.8,,NIFTY
2022-11-16 09:41:45,18450,PE,BUY,103.9,,NIFTY
2022-11-16 09:41:55,18450,CE,SELL,32.25,-0.5499999999999972,NIFTY
2022-11-16 09:41:55,18450,PE,SELL,104.35,0.44999999999998863,NIFTY
2022-11-16 09:41:55,18400,CE,BUY,52.65,,NIFTY
2022-11-16 09:41:55,18400,PE,BUY,74.65,,NIFTY
2022-11-16 09:42:08,18400,CE,SELL,52.95,0.30000000000000426,NIFTY
2022-11-16 09:42:08,18400,PE,SELL,74.0,-0.6500000000000057,NIFTY
2022-11-16 09:42:08,18450,CE,BUY,32.3,,NIFTY
2022-11-16 09:42:08,18450,PE,BUY,103.45,,NIFTY
2022-11-16 09:42:11,18450,CE,SELL,32.2,-0.09999999999999432,NIFTY
2022-11-16 09:42:11,18450,PE,SELL,104.05,0.5999999999999943,NIFTY
2022-11-16 09:42:11,18400,CE,BUY,52.75,,NIFTY
2022-11-16 09:42:11,18400,PE,BUY,74.4,,NIFTY
2022-11-16 09:42:13,18400,CE,SELL,52.8,0.04999999999999716,NIFTY
2022-11-16 09:42:13,18400,PE,SELL,74.3,-0.10000000000000853,NIFTY
2022-11-16 09:42:13,18450,CE,BUY,32.2,,NIFTY
2022-11-16 09:42:13,18450,PE,BUY,103.9,,NIFTY
2022-11-16 09:42:14,18450,CE,SELL,32.15,-0.05000000000000426,NIFTY
2022-11-16 09:42:14,18450,PE,SELL,104.05,0.14999999999999147,NIFTY
2022-11-16 09:42:14,18400,CE,BUY,52.65,,NIFTY
2022-11-16 09:42:14,18400,PE,BUY,74.6,,NIFTY
2022-11-16 09:42:17,18400,CE,SELL,52.45,-0.19999999999999574,NIFTY
2022-11-16 09:42:17,18400,PE,SELL,74.7,0.10000000000000853,NIFTY
2022-11-16 09:42:17,18450,CE,BUY,32.0,,NIFTY
2022-11-16 09:42:17,18450,PE,BUY,104.25,,NIFTY
2022-11-16 09:42:19,18450,CE,SELL,32.0,0.0,NIFTY
2022-11-16 09:42:19,18450,PE,SELL,104.5,0.25,NIFTY
2022-11-16 09:42:19,18400,CE,BUY,52.2,,NIFTY
2022-11-16 09:42:19,18400,PE,BUY,74.75,,NIFTY
2022-11-16 09:42:20,18400,CE,SELL,52.6,0.3999999999999986,NIFTY
2022-11-16 09:42:20,18400,PE,SELL,74.65,-0.09999999999999432,NIFTY
2022-11-16 09:42:20,18450,CE,BUY,32.0,,NIFTY
2022-11-16 09:42:20,18450,PE,BUY,104.1,,NIFTY
2022-11-16 09:42:21,18450,CE,SELL,32.1,0.10000000000000142,NIFTY
2022-11-16 09:42:21,18450,PE,SELL,104.3,0.20000000000000284,NIFTY
2022-11-16 09:42:21,18400,CE,BUY,52.6,,NIFTY
2022-11-16 09:42:21,18400,PE,BUY,74.7,,NIFTY
2022-11-16 10:01:08,18400,CE,SELL,53.25,0.6499999999999986,NIFTY
2022-11-16 10:01:08,18400,PE,SELL,71.7,-3.0,NIFTY
2022-11-16 10:01:08,18450,CE,BUY,32.45,,NIFTY
2022-11-16 10:01:08,18450,PE,BUY,100.75,,NIFTY
2022-11-16 10:02:03,18450,CE,SELL,32.4,-0.05000000000000426,NIFTY
2022-11-16 10:02:03,18450,PE,SELL,102.95,2.200000000000003,NIFTY
2022-11-16 10:02:03,18400,CE,BUY,52.65,,NIFTY
2022-11-16 10:02:03,18400,PE,BUY,73.4,,NIFTY
2022-11-16 10:05:59,18400,CE,SELL,54.25,1.6000000000000014,NIFTY
2022-11-16 10:05:59,18400,PE,SELL,72.2,-1.2000000000000028,NIFTY
2022-11-16 10:05:59,18450,CE,BUY,33.4,,NIFTY
2022-11-16 10:05:59,18450,PE,BUY,101.05,,NIFTY
2022-11-16 10:06:04,18450,CE,SELL,33.0,-0.3999999999999986,NIFTY
2022-11-16 10:06:04,18450,PE,SELL,101.5,0.45000000000000284,NIFTY
2022-11-16 10:06:04,18400,CE,BUY,54.15,,NIFTY
2022-11-16 10:06:04,18400,PE,BUY,72.65,,NIFTY
2022-11-16 10:06:06,18400,CE,SELL,54.35,0.20000000000000284,NIFTY
2022-11-16 10:06:06,18400,PE,SELL,72.15,-0.5,NIFTY
2022-11-16 10:06:06,18450,CE,BUY,33.3,,NIFTY
2022-11-16 10:06:06,18450,PE,BUY,101.15,,NIFTY
2022-11-16 10:51:52,18450,CE,SELL,57.7,24.400000000000006,NIFTY
2022-11-16 10:51:52,18450,PE,SELL,73.75,-27.400000000000006,NIFTY
2022-11-16 10:51:52,18500,CE,BUY,35.65,,NIFTY
2022-11-16 10:51:52,18500,PE,BUY,101.8,,NIFTY
2022-11-16 10:51:53,18500,CE,SELL,35.65,0.0,NIFTY
2022-11-16 10:51:53,18500,PE,SELL,102.4,0.6000000000000085,NIFTY
2022-11-16 10:51:53,18450,CE,BUY,57.4,,NIFTY
2022-11-16 10:51:53,18450,PE,BUY,73.95,,NIFTY
2022-11-16 10:51:54,18450,CE,SELL,57.35,-0.04999999999999716,NIFTY
2022-11-16 10:51:54,18450,PE,SELL,73.9,-0.04999999999999716,NIFTY
2022-11-16 10:51:54,18500,CE,BUY,35.7,,NIFTY
2022-11-16 10:51:54,18500,PE,BUY,102.55,,NIFTY
2022-11-16 10:51:58,18500,CE,SELL,35.65,-0.05000000000000426,NIFTY
2022-11-16 10:51:58,18500,PE,SELL,103.0,0.45000000000000284,NIFTY
2022-11-16 10:51:58,18450,CE,BUY,57.2,,NIFTY
2022-11-16 10:51:58,18450,PE,BUY,74.35,,NIFTY
2022-11-16 10:51:59,18450,CE,SELL,57.0,-0.20000000000000284,NIFTY
2022-11-16 10:51:59,18450,PE,SELL,74.3,-0.04999999999999716,NIFTY
2022-11-16 10:51:59,18500,CE,BUY,35.55,,NIFTY
2022-11-16 10:51:59,18500,PE,BUY,102.5,,NIFTY
2022-11-16 10:52:00,18500,CE,SELL,35.6,0.05000000000000426,NIFTY
2022-11-16 10:52:00,18500,PE,SELL,102.75,0.25,NIFTY
2022-11-16 10:52:00,18450,CE,BUY,57.25,,NIFTY
2022-11-16 10:52:00,18450,PE,BUY,74.05,,NIFTY
2022-11-16 10:55:53,18450,CE,SELL,57.9,0.6499999999999986,NIFTY
2022-11-16 10:55:53,18450,PE,SELL,73.2,-0.8499999999999943,NIFTY
2022-11-16 10:55:53,18500,CE,BUY,36.0,,NIFTY
2022-11-16 10:55:53,18500,PE,BUY,101.4,,NIFTY
2022-11-16 10:55:56,18500,CE,SELL,35.75,-0.25,NIFTY
2022-11-16 10:55:56,18500,PE,SELL,101.1,-0.30000000000001137,NIFTY
2022-11-16 10:55:56,18450,CE,BUY,57.55,,NIFTY
2022-11-16 10:55:56,18450,PE,BUY,73.05,,NIFTY
2022-11-16 10:55:57,18450,CE,SELL,57.75,0.20000000000000284,NIFTY
2022-11-16 10:55:57,18450,PE,SELL,73.15,0.10000000000000853,NIFTY
2022-11-16 10:55:57,18500,CE,BUY,35.8,,NIFTY
2022-11-16 10:55:57,18500,PE,BUY,101.15,,NIFTY
2022-11-16 10:56:01,18500,CE,SELL,35.65,-0.14999999999999858,NIFTY
2022-11-16 10:56:01,18500,PE,SELL,101.3,0.14999999999999147,NIFTY
2022-11-16 10:56:01,18450,CE,BUY,57.35,,NIFTY
2022-11-16 10:56:01,18450,PE,BUY,73.25,,NIFTY
2022-11-16 10:56:21,18450,CE,SELL,56.7,-0.6499999999999986,NIFTY
2022-11-16 10:56:21,18450,PE,SELL,73.8,0.5499999999999972,NIFTY
2022-11-16 10:56:21,18500,CE,BUY,35.0,,NIFTY
2022-11-16 10:56:21,18500,PE,BUY,102.2,,NIFTY
2022-11-16 10:56:23,18500,CE,SELL,34.8,-0.20000000000000284,NIFTY
2022-11-16 10:56:23,18500,PE,SELL,102.3,0.09999999999999432,NIFTY
2022-11-16 10:56:23,18450,CE,BUY,56.4,,NIFTY
2022-11-16 10:56:23,18450,PE,BUY,73.75,,NIFTY
2022-11-16 10:56:25,18450,CE,SELL,56.4,0.0,NIFTY
2022-11-16 10:56:25,18450,PE,SELL,73.65,-0.09999999999999432,NIFTY
2022-11-16 10:56:25,18500,CE,BUY,34.7,,NIFTY
2022-11-16 10:56:25,18500,PE,BUY,102.15,,NIFTY
2022-11-16 10:56:26,18500,CE,SELL,34.65,-0.05000000000000426,NIFTY
2022-11-16 10:56:26,18500,PE,SELL,102.45,0.29999999999999716,NIFTY
2022-11-16 10:56:26,18450,CE,BUY,56.25,,NIFTY
2022-11-16 10:56:26,18450,PE,BUY,73.9,,NIFTY
2022-11-16 10:58:11,18450,CE,SELL,59.75,3.5,NIFTY
2022-11-16 10:58:11,18450,PE,SELL,71.25,-2.6500000000000057,NIFTY
2022-11-16 10:58:11,18500,CE,BUY,37.2,,NIFTY
2022-11-16 10:58:11,18500,PE,BUY,98.4,,NIFTY
2022-11-16 11:00:50,18500,CE,SELL,35.8,-1.4000000000000057,NIFTY
2022-11-16 11:00:50,18500,PE,SELL,99.4,1.0,NIFTY
2022-11-16 11:00:50,18450,CE,BUY,57.9,,NIFTY
2022-11-16 11:00:50,18450,PE,BUY,71.35,,NIFTY
2022-11-16 11:00:51,18450,CE,SELL,57.7,-0.19999999999999574,NIFTY
2022-11-16 11:00:51,18450,PE,SELL,71.6,0.25,NIFTY
2022-11-16 11:00:51,18500,CE,BUY,35.8,,NIFTY
2022-11-16 11:00:51,18500,PE,BUY,99.7,,NIFTY
2022-11-16 11:00:53,18500,CE,SELL,35.4,-0.3999999999999986,NIFTY
2022-11-16 11:00:53,18500,PE,SELL,100.15,0.45000000000000284,NIFTY
2022-11-16 11:00:53,18450,CE,BUY,57.25,,NIFTY
2022-11-16 11:00:53,18450,PE,BUY,71.75,,NIFTY
2022-11-16 11:33:06,18450,CE,SELL,56.5,-0.75,NIFTY
2022-11-16 11:33:06,18450,PE,SELL,71.6,-0.15000000000000568,NIFTY
2022-11-16 11:33:06,18500,CE,BUY,34.8,,NIFTY
2022-11-16 11:33:06,18500,PE,BUY,100.0,,NIFTY
2022-11-16 11:40:02,18500,CE,SELL,33.15,-1.6499999999999986,NIFTY
2022-11-16 11:40:02,18500,PE,SELL,100.65,0.6500000000000057,NIFTY
2022-11-16 11:40:02,18450,CE,BUY,54.55,,NIFTY
2022-11-16 11:40:02,18450,PE,BUY,71.6,,NIFTY
2022-11-16 11:40:06,18450,CE,SELL,54.55,0.0,NIFTY
2022-11-16 11:40:06,18450,PE,SELL,71.7,0.10000000000000853,NIFTY
2022-11-16 11:40:06,18500,CE,BUY,33.35,,NIFTY
2022-11-16 11:40:06,18500,PE,BUY,100.35,,NIFTY
2022-11-16 11:40:10,18500,CE,SELL,32.8,-0.5500000000000043,NIFTY
2022-11-16 11:40:10,18500,PE,SELL,101.15,0.8000000000000114,NIFTY
2022-11-16 11:40:10,18450,CE,BUY,53.95,,NIFTY
2022-11-16 11:40:10,18450,PE,BUY,72.2,,NIFTY
2022-11-16 13:25:43,18450,CE,SELL,48.95,-5.0,NIFTY
2022-11-16 13:25:43,18450,PE,SELL,71.4,-0.7999999999999972,NIFTY
2022-11-16 13:25:43,18500,CE,BUY,29.6,,NIFTY
2022-11-16 13:25:43,18500,PE,BUY,102.0,,NIFTY
2022-11-16 13:25:47,18500,CE,SELL,29.5,-0.10000000000000142,NIFTY
2022-11-16 13:25:47,18500,PE,SELL,101.55,-0.45000000000000284,NIFTY
2022-11-16 13:25:47,18450,CE,BUY,48.9,,NIFTY
2022-11-16 13:25:47,18450,PE,BUY,71.3,,NIFTY
2022-11-16 13:26:16,18450,CE,SELL,49.2,0.30000000000000426,NIFTY
2022-11-16 13:26:16,18450,PE,SELL,70.9,-0.3999999999999915,NIFTY
2022-11-16 13:26:16,18500,CE,BUY,29.8,,NIFTY
2022-11-16 13:26:16,18500,PE,BUY,101.55,,NIFTY
2022-11-16 13:26:20,18500,CE,SELL,29.95,0.14999999999999858,NIFTY
2022-11-16 13:26:20,18500,PE,SELL,101.3,-0.25,NIFTY
2022-11-16 13:26:20,18450,CE,BUY,49.2,,NIFTY
2022-11-16 13:26:20,18450,PE,BUY,70.7,,NIFTY
2022-11-16 13:26:22,18450,CE,SELL,49.2,0.0,NIFTY
2022-11-16 13:26:22,18450,PE,SELL,71.1,0.3999999999999915,NIFTY
2022-11-16 13:26:22,18500,CE,BUY,29.85,,NIFTY
2022-11-16 13:26:22,18500,PE,BUY,101.55,,NIFTY
2022-11-16 13:26:25,18500,CE,SELL,30.35,0.5,NIFTY
2022-11-16 13:26:25,18500,PE,SELL,101.15,-0.3999999999999915,NIFTY
2022-11-16 13:26:25,18450,CE,BUY,49.8,,NIFTY
2022-11-16 13:26:25,18450,PE,BUY,70.8,,NIFTY
2022-11-16 13:26:27,18450,CE,SELL,49.95,0.15000000000000568,NIFTY
2022-11-16 13:26:27,18450,PE,SELL,69.75,-1.0499999999999972,NIFTY
2022-11-16 13:26:27,18500,CE,BUY,30.4,,NIFTY
2022-11-16 13:26:27,18500,PE,BUY,99.85,,NIFTY
2022-11-16 13:27:24,18500,CE,SELL,29.9,-0.5,NIFTY
2022-11-16 13:27:24,18500,PE,SELL,100.85,1.0,NIFTY
2022-11-16 13:27:24,18450,CE,BUY,49.45,,NIFTY
2022-11-16 13:27:24,18450,PE,BUY,70.35,,NIFTY
2022-11-16 13:27:33,18450,CE,SELL,50.65,1.1999999999999957,NIFTY
2022-11-16 13:27:33,18450,PE,SELL,69.25,-1.0999999999999943,NIFTY
2022-11-16 13:27:33,18500,CE,BUY,30.75,,NIFTY
2022-11-16 13:27:33,18500,PE,BUY,99.4,,NIFTY
2022-11-16 13:29:41,18500,CE,SELL,30.05,-0.6999999999999993,NIFTY
2022-11-16 13:29:41,18500,PE,SELL,100.45,1.0499999999999972,NIFTY
2022-11-16 13:29:41,18450,CE,BUY,49.75,,NIFTY
2022-11-16 13:29:41,18450,PE,BUY,70.4,,NIFTY
2022-11-16 13:36:09,18450,CE,SELL,49.45,-0.29999999999999716,NIFTY
2022-11-16 13:36:09,18450,PE,SELL,69.75,-0.6500000000000057,NIFTY
2022-11-16 13:36:09,18500,CE,BUY,29.65,,NIFTY
2022-11-16 13:36:09,18500,PE,BUY,99.6,,NIFTY
2022-11-16 14:00:55,18500,CE,SELL,28.45,-1.1999999999999993,NIFTY
2022-11-16 14:00:55,18500,PE,SELL,101.95,2.3500000000000085,NIFTY
2022-11-16 14:00:55,18450,CE,BUY,47.6,,NIFTY
2022-11-16 14:00:55,18450,PE,BUY,71.1,,NIFTY
2022-11-16 14:02:51,18450,CE,SELL,47.3,-0.30000000000000426,NIFTY
2022-11-16 14:02:51,18450,PE,SELL,69.0,-2.0999999999999943,NIFTY
2022-11-16 14:02:51,18500,CE,BUY,27.65,,NIFTY
2022-11-16 14:02:51,18500,PE,BUY,99.4,,NIFTY
2022-11-16 14:02:53,18500,CE,SELL,27.9,0.25,NIFTY
2022-11-16 14:02:53,18500,PE,SELL,99.0,-0.4000000000000057,NIFTY
2022-11-16 14:02:53,18450,CE,BUY,47.75,,NIFTY
2022-11-16 14:02:53,18450,PE,BUY,68.75,,NIFTY
2022-11-16 14:02:56,18450,CE,SELL,47.3,-0.45000000000000284,NIFTY
2022-11-16 14:02:56,18450,PE,SELL,69.2,0.45000000000000284,NIFTY
2022-11-16 14:02:56,18500,CE,BUY,27.75,,NIFTY
2022-11-16 14:02:56,18500,PE,BUY,99.45,,NIFTY
2022-11-16 14:02:57,18500,CE,SELL,27.75,0.0,NIFTY
2022-11-16 14:02:57,18500,PE,SELL,99.85,0.3999999999999915,NIFTY
2022-11-16 14:02:57,18450,CE,BUY,47.4,,NIFTY
2022-11-16 14:02:57,18450,PE,BUY,69.3,,NIFTY
2022-11-16 14:20:28,18450,CE,SELL,27.95,-19.45,NIFTY
2022-11-16 14:20:28,18450,PE,SELL,98.2,28.900000000000006,NIFTY
2022-11-16 14:20:28,18400,CE,BUY,47.3,,NIFTY
2022-11-16 14:20:28,18400,PE,BUY,67.55,,NIFTY
2022-11-16 14:20:36,18400,CE,SELL,48.3,1.0,NIFTY
2022-11-16 14:20:36,18400,PE,SELL,66.05,-1.5,NIFTY
2022-11-16 14:20:36,18450,CE,BUY,28.7,,NIFTY
2022-11-16 14:20:36,18450,PE,BUY,96.5,,NIFTY
2022-11-16 14:20:37,18450,CE,SELL,28.35,-0.34999999999999787,NIFTY
2022-11-16 14:20:37,18450,PE,SELL,96.5,0.0,NIFTY
2022-11-16 14:20:37,18400,CE,BUY,48.1,,NIFTY
2022-11-16 14:20:37,18400,PE,BUY,66.35,,NIFTY
2022-11-16 14:20:38,18400,CE,SELL,48.1,0.0,NIFTY
2022-11-16 14:20:38,18400,PE,SELL,66.4,0.05000000000001137,NIFTY
2022-11-16 14:20:38,18450,CE,BUY,28.3,,NIFTY
2022-11-16 14:20:38,18450,PE,BUY,97.0,,NIFTY
2022-11-16 14:20:40,18450,CE,SELL,28.2,-0.10000000000000142,NIFTY
2022-11-16 14:20:40,18450,PE,SELL,96.85,-0.15000000000000568,NIFTY
2022-11-16 14:20:40,18400,CE,BUY,47.75,,NIFTY
2022-11-16 14:20:40,18400,PE,BUY,66.55,,NIFTY
2022-11-16 14:20:42,18400,CE,SELL,47.4,-0.3500000000000014,NIFTY
2022-11-16 14:20:42,18400,PE,SELL,67.05,0.5,NIFTY
2022-11-16 14:20:42,18450,CE,BUY,28.05,,NIFTY
2022-11-16 14:20:42,18450,PE,BUY,97.75,,NIFTY
2022-11-16 14:20:43,18450,CE,SELL,28.05,0.0,NIFTY
2022-11-16 14:20:43,18450,PE,SELL,97.15,-0.5999999999999943,NIFTY
2022-11-16 14:20:43,18400,CE,BUY,47.5,,NIFTY
2022-11-16 14:20:43,18400,PE,BUY,66.55,,NIFTY
2022-11-16 14:20:44,18400,CE,SELL,47.9,0.3999999999999986,NIFTY
2022-11-16 14:20:44,18400,PE,SELL,66.85,0.29999999999999716,NIFTY
2022-11-16 14:20:44,18450,CE,BUY,28.25,,NIFTY
2022-11-16 14:20:44,18450,PE,BUY,97.45,,NIFTY
2022-11-16 14:20:46,18450,CE,SELL,28.25,0.0,NIFTY
2022-11-16 14:20:46,18450,PE,SELL,96.55,-0.9000000000000057,NIFTY
2022-11-16 14:20:46,18400,CE,BUY,47.95,,NIFTY
2022-11-16 14:20:46,18400,PE,BUY,66.65,,NIFTY
2022-11-16 14:20:48,18400,CE,SELL,47.9,-0.05000000000000426,NIFTY
2022-11-16 14:20:48,18400,PE,SELL,66.65,0.0,NIFTY
2022-11-16 14:20:48,18450,CE,BUY,28.1,,NIFTY
2022-11-16 14:20:48,18450,PE,BUY,97.15,,NIFTY
2022-11-16 14:20:59,18450,CE,SELL,27.8,-0.3000000000000007,NIFTY
2022-11-16 14:20:59,18450,PE,SELL,97.2,0.04999999999999716,NIFTY
2022-11-16 14:20:59,18400,CE,BUY,47.4,,NIFTY
2022-11-16 14:20:59,18400,PE,BUY,66.95,,NIFTY
2022-11-16 14:25:26,18400,CE,SELL,48.55,1.1499999999999986,NIFTY
2022-11-16 14:25:26,18400,PE,SELL,66.0,-0.9500000000000028,NIFTY
2022-11-16 14:25:26,18450,CE,BUY,28.55,,NIFTY
2022-11-16 14:25:26,18450,PE,BUY,96.2,,NIFTY
2022-11-16 14:25:35,18450,CE,SELL,28.4,-0.15000000000000213,NIFTY
2022-11-16 14:25:35,18450,PE,SELL,96.75,0.5499999999999972,NIFTY
2022-11-16 14:25:35,18400,CE,BUY,47.8,,NIFTY
2022-11-16 14:25:35,18400,PE,BUY,66.85,,NIFTY
2022-11-16 14:25:36,18400,CE,SELL,47.8,0.0,NIFTY
2022-11-16 14:25:36,18400,PE,SELL,66.6,-0.25,NIFTY
2022-11-16 14:25:36,18450,CE,BUY,28.15,,NIFTY
2022-11-16 14:25:36,18450,PE,BUY,96.8,,NIFTY
2022-11-16 14:25:42,18450,CE,SELL,27.95,-0.1999999999999993,NIFTY
2022-11-16 14:25:42,18450,PE,SELL,97.45,0.6500000000000057,NIFTY
2022-11-16 14:25:42,18400,CE,BUY,47.45,,NIFTY
2022-11-16 14:25:42,18400,PE,BUY,67.35,,NIFTY
2022-11-16 14:25:54,18400,CE,SELL,47.2,-0.25,NIFTY
2022-11-16 14:25:54,18400,PE,SELL,67.9,0.5500000000000114,NIFTY
2022-11-16 14:25:54,18450,CE,BUY,27.75,,NIFTY
2022-11-16 14:25:54,18450,PE,BUY,98.2,,NIFTY
2022-11-16 14:25:55,18450,CE,SELL,27.75,0.0,NIFTY
2022-11-16 14:25:55,18450,PE,SELL,98.45,0.25,NIFTY
2022-11-16 14:25:55,18400,CE,BUY,47.2,,NIFTY
2022-11-16 14:25:55,18400,PE,BUY,67.95,,NIFTY
2022-11-16 14:25:57,18400,CE,SELL,47.85,0.6499999999999986,NIFTY
2022-11-16 14:25:57,18400,PE,SELL,67.35,-0.6000000000000085,NIFTY
2022-11-16 14:25:57,18450,CE,BUY,28.2,,NIFTY
2022-11-16 14:25:57,18450,PE,BUY,97.8,,NIFTY
2022-11-16 14:27:12,18450,CE,SELL,27.85,-0.34999999999999787,NIFTY
2022-11-16 14:27:12,18450,PE,SELL,98.65,0.8500000000000085,NIFTY
2022-11-16 14:27:12,18400,CE,BUY,47.2,,NIFTY
2022-11-16 14:27:12,18400,PE,BUY,68.3,,NIFTY
2022-11-16 14:27:17,18400,CE,SELL,47.85,0.6499999999999986,NIFTY
2022-11-16 14:27:17,18400,PE,SELL,67.1,-1.2000000000000028,NIFTY
2022-11-16 14:27:17,18450,CE,BUY,28.3,,NIFTY
2022-11-16 14:27:17,18450,PE,BUY,97.1,,NIFTY
2022-11-16 14:28:08,18450,CE,SELL,27.75,-0.5500000000000007,NIFTY
2022-11-16 14:28:08,18450,PE,SELL,99.45,2.3500000000000085,NIFTY
2022-11-16 14:28:08,18400,CE,BUY,47.1,,NIFTY
2022-11-16 14:28:08,18400,PE,BUY,69.1,,NIFTY
2022-11-16 14:28:13,18400,CE,SELL,47.5,0.3999999999999986,NIFTY
2022-11-16 14:28:13,18400,PE,SELL,68.5,-0.5999999999999943,NIFTY
2022-11-16 14:28:13,18450,CE,BUY,28.1,,NIFTY
2022-11-16 14:28:13,18450,PE,BUY,98.9,,NIFTY
2022-11-16 14:31:37,18450,CE,SELL,28.35,0.25,NIFTY
2022-11-16 14:31:37,18450,PE,SELL,98.6,-0.30000000000001137,NIFTY
2022-11-16 14:31:37,18400,CE,BUY,47.9,,NIFTY
2022-11-16 14:31:37,18400,PE,BUY,68.5,,NIFTY
2022-11-16 14:31:40,18400,CE,SELL,47.7,-0.19999999999999574,NIFTY
2022-11-16 14:31:40,18400,PE,SELL,68.55,0.04999999999999716,NIFTY
2022-11-16 14:31:40,18450,CE,BUY,28.2,,NIFTY
2022-11-16 14:31:40,18450,PE,BUY,98.7,,NIFTY
2022-11-16 14:31:41,18450,CE,SELL,28.05,-0.14999999999999858,NIFTY
2022-11-16 14:31:41,18450,PE,SELL,98.65,-0.04999999999999716,NIFTY
2022-11-16 14:31:41,18400,CE,BUY,47.55,,NIFTY
2022-11-16 14:31:41,18400,PE,BUY,68.5,,NIFTY
2022-11-16 14:31:43,18400,CE,SELL,47.25,-0.29999999999999716,NIFTY
2022-11-16 14:31:43,18400,PE,SELL,68.35,-0.15000000000000568,NIFTY
2022-11-16 14:31:43,18450,CE,BUY,27.95,,NIFTY
2022-11-16 14:31:43,18450,PE,BUY,98.65,,NIFTY
2022-11-16 14:31:47,18450,CE,SELL,28.1,0.15000000000000213,NIFTY
2022-11-16 14:31:47,18450,PE,SELL,98.45,-0.20000000000000284,NIFTY
2022-11-16 14:31:47,18400,CE,BUY,47.5,,NIFTY
2022-11-16 14:31:47,18400,PE,BUY,68.4,,NIFTY
2022-11-16 14:31:49,18400,CE,SELL,47.55,0.04999999999999716,NIFTY
2022-11-16 14:31:49,18400,PE,SELL,68.45,0.04999999999999716,NIFTY
2022-11-16 14:31:49,18450,CE,BUY,28.0,,NIFTY
2022-11-16 14:31:49,18450,PE,BUY,98.85,,NIFTY
2022-11-16 14:31:50,18450,CE,SELL,28.2,0.1999999999999993,NIFTY
2022-11-16 14:31:50,18450,PE,SELL,98.6,-0.25,NIFTY
2022-11-16 14:31:50,18400,CE,BUY,47.7,,NIFTY
2022-11-16 14:31:50,18400,PE,BUY,68.4,,NIFTY
2022-11-16 14:32:41,18400,CE,SELL,48.65,0.9499999999999957,NIFTY
2022-11-16 14:32:41,18400,PE,SELL,67.0,-1.4000000000000057,NIFTY
2022-11-16 14:32:41,18450,CE,BUY,28.95,,NIFTY
2022-11-16 14:32:41,18450,PE,BUY,96.9,,NIFTY
2022-11-16 14:33:22,18450,CE,SELL,28.85,-0.09999999999999787,NIFTY
2022-11-16 14:33:22,18450,PE,SELL,97.5,0.5999999999999943,NIFTY
2022-11-16 14:33:22,18400,CE,BUY,48.55,,NIFTY
2022-11-16 14:33:22,18400,PE,BUY,67.4,,NIFTY
2022-11-16 14:33:24,18400,CE,SELL,48.4,-0.14999999999999858,NIFTY
2022-11-16 14:33:24,18400,PE,SELL,67.95,0.5499999999999972,NIFTY
2022-11-16 14:33:24,18450,CE,BUY,28.7,,NIFTY
2022-11-16 14:33:24,18450,PE,BUY,98.15,,NIFTY
2022-11-16 14:33:25,18450,CE,SELL,28.6,-0.09999999999999787,NIFTY
2022-11-16 14:33:25,18450,PE,SELL,97.8,-0.3500000000000085,NIFTY
2022-11-16 14:33:25,18400,CE,BUY,48.35,,NIFTY
2022-11-16 14:33:25,18400,PE,BUY,68.0,,NIFTY
2022-11-16 14:33:26,18400,CE,SELL,48.35,0.0,NIFTY
2022-11-16 14:33:26,18400,PE,SELL,68.2,0.20000000000000284,NIFTY
2022-11-16 14:33:26,18450,CE,BUY,28.7,,NIFTY
2022-11-16 14:33:26,18450,PE,BUY,98.5,,NIFTY
2022-11-16 14:33:28,18450,CE,SELL,28.7,0.0,NIFTY
2022-11-16 14:33:28,18450,PE,SELL,97.6,-0.9000000000000057,NIFTY
2022-11-16 14:33:28,18400,CE,BUY,48.45,,NIFTY
2022-11-16 14:33:28,18400,PE,BUY,67.8,,NIFTY
2022-11-16 14:33:31,18400,CE,SELL,49.1,0.6499999999999986,NIFTY
2022-11-16 14:33:31,18400,PE,SELL,66.9,-0.8999999999999915,NIFTY
2022-11-16 14:33:31,18450,CE,BUY,29.2,,NIFTY
2022-11-16 14:33:31,18450,PE,BUY,96.55,,NIFTY
2022-11-16 14:33:47,18450,CE,SELL,29.1,-0.09999999999999787,NIFTY
2022-11-16 14:33:47,18450,PE,SELL,97.25,0.7000000000000028,NIFTY
2022-11-16 14:33:47,18400,CE,BUY,49.0,,NIFTY
2022-11-16 14:33:47,18400,PE,BUY,67.25,,NIFTY
2022-11-16 14:33:48,18400,CE,SELL,48.8,-0.20000000000000284,NIFTY
2022-11-16 14:33:48,18400,PE,SELL,67.6,0.3499999999999943,NIFTY
2022-11-16 14:33:48,18450,CE,BUY,29.0,,NIFTY
2022-11-16 14:33:48,18450,PE,BUY,96.8,,NIFTY
2022-11-16 14:33:49,18450,CE,SELL,29.05,0.05000000000000071,NIFTY
2022-11-16 14:33:49,18450,PE,SELL,97.5,0.7000000000000028,NIFTY
2022-11-16 14:33:49,18400,CE,BUY,48.85,,NIFTY
2022-11-16 14:33:49,18400,PE,BUY,67.4,,NIFTY
2022-11-16 14:33:51,18400,CE,SELL,47.95,-0.8999999999999986,NIFTY
2022-11-16 14:33:51,18400,PE,SELL,68.5,1.0999999999999943,NIFTY
2022-11-16 14:33:51,18450,CE,BUY,28.45,,NIFTY
2022-11-16 14:33:51,18450,PE,BUY,98.7,,NIFTY
2022-11-16 14:33:52,18450,CE,SELL,28.25,-0.1999999999999993,NIFTY
2022-11-16 14:33:52,18450,PE,SELL,98.85,0.14999999999999147,NIFTY
2022-11-16 14:33:52,18400,CE,BUY,47.85,,NIFTY
2022-11-16 14:33:52,18400,PE,BUY,68.65,,NIFTY
2022-11-16 14:37:06,18400,CE,SELL,48.3,0.44999999999999574,NIFTY
2022-11-16 14:37:06,18400,PE,SELL,66.9,-1.75,NIFTY
2022-11-16 14:37:06,18450,CE,BUY,28.55,,NIFTY
2022-11-16 14:37:06,18450,PE,BUY,97.4,,NIFTY
2022-11-16 14:37:07,18450,CE,SELL,28.8,0.25,NIFTY
2022-11-16 14:37:07,18450,PE,SELL,97.15,-0.25,NIFTY
2022-11-16 14:37:07,18400,CE,BUY,48.6,,NIFTY
2022-11-16 14:37:07,18400,PE,BUY,66.85,,NIFTY
2022-11-16 14:37:17,18400,CE,SELL,48.85,0.25,NIFTY
2022-11-16 14:37:17,18400,PE,SELL,66.45,-0.3999999999999915,NIFTY
2022-11-16 14:37:17,18450,CE,BUY,29.0,,NIFTY
2022-11-16 14:37:17,18450,PE,BUY,96.7,,NIFTY
2022-11-16 14:37:22,18450,CE,SELL,28.6,-0.3999999999999986,NIFTY
2022-11-16 14:37:22,18450,PE,SELL,97.4,0.7000000000000028,NIFTY
2022-11-16 14:37:22,18400,CE,BUY,48.45,,NIFTY
2022-11-16 14:37:22,18400,PE,BUY,67.3,,NIFTY
2022-11-16 14:50:26,18400,CE,SELL,47.95,-0.5,NIFTY
2022-11-16 14:50:26,18400,PE,SELL,66.0,-1.2999999999999972,NIFTY
2022-11-16 14:50:26,18450,CE,BUY,28.2,,NIFTY
2022-11-16 14:50:26,18450,PE,BUY,96.05,,NIFTY
2022-11-16 14:50:27,18450,CE,SELL,28.2,0.0,NIFTY
2022-11-16 14:50:27,18450,PE,SELL,95.35,-0.7000000000000028,NIFTY
2022-11-16 14:50:27,18400,CE,BUY,48.0,,NIFTY
2022-11-16 14:50:27,18400,PE,BUY,65.45,,NIFTY
2022-11-16 14:50:28,18400,CE,SELL,47.8,-0.20000000000000284,NIFTY
2022-11-16 14:50:28,18400,PE,SELL,65.6,0.14999999999999147,NIFTY
2022-11-16 14:50:28,18450,CE,BUY,28.05,,NIFTY
2022-11-16 14:50:28,18450,PE,BUY,96.0,,NIFTY
2022-11-16 14:50:30,18450,CE,SELL,27.65,-0.40000000000000213,NIFTY
2022-11-16 14:50:30,18450,PE,SELL,96.6,0.5999999999999943,NIFTY
2022-11-16 14:50:30,18400,CE,BUY,47.3,,NIFTY
2022-11-16 14:50:30,18400,PE,BUY,66.0,,NIFTY
2022-11-16 14:50:49,18400,CE,SELL,47.3,0.0,NIFTY
2022-11-16 14:50:49,18400,PE,SELL,66.6,0.5999999999999943,NIFTY
2022-11-16 14:50:49,18450,CE,BUY,27.8,,NIFTY
2022-11-16 14:50:49,18450,PE,BUY,96.55,,NIFTY
2022-11-16 14:50:50,18450,CE,SELL,27.25,-0.5500000000000007,NIFTY
2022-11-16 14:50:50,18450,PE,SELL,97.6,1.0499999999999972,NIFTY
2022-11-16 14:50:50,18400,CE,BUY,46.5,,NIFTY
2022-11-16 14:50:50,18400,PE,BUY,67.3,,NIFTY
2022-11-16 14:51:33,18400,CE,SELL,48.45,1.9500000000000028,NIFTY
2022-11-16 14:51:33,18400,PE,SELL,64.55,-2.75,NIFTY
2022-11-16 14:51:33,18450,CE,BUY,28.8,,NIFTY
2022-11-16 14:51:33,18450,PE,BUY,94.0,,NIFTY
2022-11-16 14:51:51,18450,CE,SELL,28.1,-0.6999999999999993,NIFTY
2022-11-16 14:51:51,18450,PE,SELL,97.1,3.0999999999999943,NIFTY
2022-11-16 14:51:51,18400,CE,BUY,47.6,,NIFTY
2022-11-16 14:51:51,18400,PE,BUY,66.9,,NIFTY
2022-11-16 14:51:52,18400,CE,SELL,47.4,-0.20000000000000284,NIFTY
2022-11-16 14:51:52,18400,PE,SELL,66.9,0.0,NIFTY
2022-11-16 14:51:52,18450,CE,BUY,27.95,,NIFTY
2022-11-16 14:51:52,18450,PE,BUY,97.1,,NIFTY
2022-11-16 14:51:54,18450,CE,SELL,28.05,0.10000000000000142,NIFTY
2022-11-16 14:51:54,18450,PE,SELL,96.8,-0.29999999999999716,NIFTY
2022-11-16 14:51:54,18400,CE,BUY,47.4,,NIFTY
2022-11-16 14:51:54,18400,PE,BUY,66.65,,NIFTY
2022-11-16 14:51:57,18400,CE,SELL,48.15,0.75,NIFTY
2022-11-16 14:51:57,18400,PE,SELL,66.2,-0.45000000000000284,NIFTY
2022-11-16 14:51:57,18450,CE,BUY,28.5,,NIFTY
2022-11-16 14:51:57,18450,PE,BUY,96.0,,NIFTY
2022-11-16 14:52:00,18450,CE,SELL,28.15,-0.3500000000000014,NIFTY
2022-11-16 14:52:00,18450,PE,SELL,95.8,-0.20000000000000284,NIFTY
2022-11-16 14:52:00,18400,CE,BUY,47.7,,NIFTY
2022-11-16 14:52:00,18400,PE,BUY,66.55,,NIFTY
2022-11-16 14:52:37,18400,CE,SELL,47.65,-0.05000000000000426,NIFTY
2022-11-16 14:52:37,18400,PE,SELL,67.0,0.45000000000000284,NIFTY
2022-11-16 14:52:37,18450,CE,BUY,28.15,,NIFTY
2022-11-16 14:52:37,18450,PE,BUY,96.9,,NIFTY
2022-11-16 14:52:39,18450,CE,SELL,27.75,-0.3999999999999986,NIFTY
2022-11-16 14:52:39,18450,PE,SELL,98.7,1.7999999999999972,NIFTY
2022-11-16 14:52:39,18400,CE,BUY,47.05,,NIFTY
2022-11-16 14:52:39,18400,PE,BUY,68.0,,NIFTY
2022-11-16 14:53:07,18400,CE,SELL,47.9,0.8500000000000014,NIFTY
2022-11-16 14:53:07,18400,PE,SELL,66.55,-1.4500000000000028,NIFTY
2022-11-16 14:53:07,18450,CE,BUY,28.2,,NIFTY
2022-11-16 14:53:07,18450,PE,BUY,96.65,,NIFTY
2022-11-16 14:53:08,18450,CE,SELL,28.25,0.05000000000000071,NIFTY
2022-11-16 14:53:08,18450,PE,SELL,96.4,-0.25,NIFTY
2022-11-16 14:53:08,18400,CE,BUY,48.0,,NIFTY
2022-11-16 14:53:08,18400,PE,BUY,66.45,,NIFTY
2022-11-16 14:53:10,18400,CE,SELL,47.95,-0.04999999999999716,NIFTY
2022-11-16 14:53:10,18400,PE,SELL,66.25,-0.20000000000000284,NIFTY
2022-11-16 14:53:10,18450,CE,BUY,28.25,,NIFTY
2022-11-16 14:53:10,18450,PE,BUY,96.15,,NIFTY
2022-11-16 14:53:19,18450,CE,SELL,27.95,-0.3000000000000007,NIFTY
2022-11-16 14:53:19,18450,PE,SELL,97.0,0.8499999999999943,NIFTY
2022-11-16 14:53:19,18400,CE,BUY,47.65,,NIFTY
2022-11-16 14:53:19,18400,PE,BUY,66.75,,NIFTY
2022-11-16 14:53:30,18400,CE,SELL,48.2,0.5500000000000043,NIFTY
2022-11-16 14:53:30,18400,PE,SELL,65.75,-1.0,NIFTY
2022-11-16 14:53:30,18450,CE,BUY,28.4,,NIFTY
2022-11-16 14:53:30,18450,PE,BUY,95.95,,NIFTY
2022-11-16 14:54:51,18450,CE,SELL,27.6,-0.7999999999999972,NIFTY
2022-11-16 14:54:51,18450,PE,SELL,96.75,0.7999999999999972,NIFTY
2022-11-16 14:54:51,18400,CE,BUY,47.2,,NIFTY
2022-11-16 14:54:51,18400,PE,BUY,66.6,,NIFTY
2022-11-16 14:54:52,18400,CE,SELL,47.4,0.19999999999999574,NIFTY
2022-11-16 14:54:52,18400,PE,SELL,66.7,0.10000000000000853,NIFTY
2022-11-16 14:54:52,18450,CE,BUY,27.6,,NIFTY
2022-11-16 14:54:52,18450,PE,BUY,97.0,,NIFTY
2022-11-16 14:54:54,18450,CE,SELL,27.6,0.0,NIFTY
2022-11-16 14:54:54,18450,PE,SELL,96.7,-0.29999999999999716,NIFTY
2022-11-16 14:54:54,18400,CE,BUY,47.3,,NIFTY
2022-11-16 14:54:54,18400,PE,BUY,66.35,,NIFTY
2022-11-16 14:55:02,18400,CE,SELL,48.0,0.7000000000000028,NIFTY
2022-11-16 14:55:02,18400,PE,SELL,66.0,-0.3499999999999943,NIFTY
2022-11-16 14:55:02,18450,CE,BUY,28.05,,NIFTY
2022-11-16 14:55:02,18450,PE,BUY,95.7,,NIFTY
2022-11-16 14:55:04,18450,CE,SELL,28.5,0.4499999999999993,NIFTY
2022-11-16 14:55:04,18450,PE,SELL,96.0,0.29999999999999716,NIFTY
2022-11-16 14:55:04,18400,CE,BUY,48.45,,NIFTY
2022-11-16 14:55:04,18400,PE,BUY,66.0,,NIFTY
2022-11-16 14:55:06,18400,CE,SELL,48.15,-0.30000000000000426,NIFTY
2022-11-16 14:55:06,18400,PE,SELL,65.7,-0.29999999999999716,NIFTY
2022-11-16 14:55:06,18450,CE,BUY,28.3,,NIFTY
2022-11-16 14:55:06,18450,PE,BUY,95.7,,NIFTY
2022-11-16 15:30:00,18450,CE,SELL,32.0,3.6999999999999993,NIFTY
2022-11-16 15:30:00,18450,PE,SELL,79.0,-16.700000000000003,NIFTY
2022-11-17 09:15:00,18400,CE,BUY,24.05,,NIFTY
2022-11-17 09:15:00,18400,PE,BUY,67.2,,NIFTY
2022-11-17 09:22:50,18400,CE,SELL,30.05,6.0,NIFTY
2022-11-17 09:22:50,18400,PE,SELL,42.75,-24.450000000000003,NIFTY
2022-11-17 09:22:50,18450,CE,BUY,12.7,,NIFTY
2022-11-17 09:22:50,18450,PE,BUY,74.75,,NIFTY
2022-11-17 09:22:51,18450,CE,SELL,12.5,-0.1999999999999993,NIFTY
2022-11-17 09:22:51,18450,PE,SELL,75.0,0.25,NIFTY
2022-11-17 09:22:51,18400,CE,BUY,30.45,,NIFTY
2022-11-17 09:22:51,18400,PE,BUY,42.7,,NIFTY
2022-11-17 09:22:52,18400,CE,SELL,30.8,0.3500000000000014,NIFTY
2022-11-17 09:22:52,18400,PE,SELL,42.65,-0.05000000000000426,NIFTY
2022-11-17 09:22:52,18450,CE,BUY,12.6,,NIFTY
2022-11-17 09:22:52,18450,PE,BUY,74.65,,NIFTY
2022-11-17 09:23:18,18450,CE,SELL,12.3,-0.29999999999999893,NIFTY
2022-11-17 09:23:18,18450,PE,SELL,76.2,1.5499999999999972,NIFTY
2022-11-17 09:23:18,18400,CE,BUY,30.2,,NIFTY
2022-11-17 09:23:18,18400,PE,BUY,43.75,,NIFTY
2022-11-17 09:23:20,18400,CE,SELL,29.8,-0.3999999999999986,NIFTY
2022-11-17 09:23:20,18400,PE,SELL,44.1,0.3500000000000014,NIFTY
2022-11-17 09:23:20,18450,CE,BUY,12.2,,NIFTY
2022-11-17 09:23:20,18450,PE,BUY,76.45,,NIFTY
2022-11-17 09:23:22,18450,CE,SELL,11.95,-0.25,NIFTY
2022-11-17 09:23:22,18450,PE,SELL,77.0,0.5499999999999972,NIFTY
2022-11-17 09:23:22,18400,CE,BUY,29.55,,NIFTY
2022-11-17 09:23:22,18400,PE,BUY,44.6,,NIFTY
2022-11-17 09:28:33,18400,CE,SELL,29.3,-0.25,NIFTY
2022-11-17 09:28:33,18400,PE,SELL,41.5,-3.1000000000000014,NIFTY
2022-11-17 09:28:33,18450,CE,BUY,11.85,,NIFTY
2022-11-17 09:28:33,18450,PE,BUY,74.45,,NIFTY
2022-11-17 09:28:34,18450,CE,SELL,12.05,0.20000000000000107,NIFTY
2022-11-17 09:28:34,18450,PE,SELL,73.5,-0.9500000000000028,NIFTY
2022-11-17 09:28:34,18400,CE,BUY,29.7,,NIFTY
2022-11-17 09:28:34,18400,PE,BUY,40.75,,NIFTY
2022-11-17 09:28:35,18400,CE,SELL,29.7,0.0,NIFTY
2022-11-17 09:28:35,18400,PE,SELL,40.65,-0.10000000000000142,NIFTY
2022-11-17 09:28:35,18450,CE,BUY,12.0,,NIFTY
2022-11-17 09:28:35,18450,PE,BUY,73.25,,NIFTY
2022-11-17 09:29:17,18450,CE,SELL,11.25,-0.75,NIFTY
2022-11-17 09:29:17,18450,PE,SELL,74.1,0.8499999999999943,NIFTY
2022-11-17 09:29:17,18400,CE,BUY,28.6,,NIFTY
2022-11-17 09:29:17,18400,PE,BUY,41.45,,NIFTY
2022-11-17 09:29:18,18400,CE,SELL,29.05,0.4499999999999993,NIFTY
2022-11-17 09:29:18,18400,PE,SELL,41.0,-0.45000000000000284,NIFTY
2022-11-17 09:29:18,18450,CE,BUY,11.5,,NIFTY
2022-11-17 09:29:18,18450,PE,BUY,73.4,,NIFTY
2022-11-17 09:29:23,18450,CE,SELL,11.05,-0.4499999999999993,NIFTY
2022-11-17 09:29:23,18450,PE,SELL,74.4,1.0,NIFTY
2022-11-17 09:29:23,18400,CE,BUY,28.5,,NIFTY
2022-11-17 09:29:23,18400,PE,BUY,41.6,,NIFTY
2022-11-17 09:29:31,18400,CE,SELL,29.55,1.0500000000000007,NIFTY
2022-11-17 09:29:31,18400,PE,SELL,40.65,-0.9500000000000028,NIFTY
2022-11-17 09:29:31,18450,CE,BUY,11.75,,NIFTY
2022-11-17 09:29:31,18450,PE,BUY,72.85,,NIFTY
2022-11-17 09:29:34,18450,CE,SELL,11.4,-0.34999999999999964,NIFTY
2022-11-17 09:29:34,18450,PE,SELL,73.85,1.0,NIFTY
2022-11-17 09:29:34,18400,CE,BUY,28.95,,NIFTY
2022-11-17 09:29:34,18400,PE,BUY,41.35,,NIFTY
2022-11-17 09:29:35,18400,CE,SELL,29.1,0.15000000000000213,NIFTY
2022-11-17 09:29:35,18400,PE,SELL,41.1,-0.25,NIFTY
2022-11-17 09:29:35,18450,CE,BUY,11.55,,NIFTY
2022-11-17 09:29:35,18450,PE,BUY,73.85,,NIFTY
2022-11-17 09:29:38,18450,CE,SELL,11.35,-0.20000000000000107,NIFTY
2022-11-17 09:29:38,18450,PE,SELL,74.65,0.8000000000000114,NIFTY
2022-11-17 09:29:38,18400,CE,BUY,28.95,,NIFTY
2022-11-17 09:29:38,18400,PE,BUY,41.8,,NIFTY
2022-11-17 09:29:39,18400,CE,SELL,28.85,-0.09999999999999787,NIFTY
2022-11-17 09:29:39,18400,PE,SELL,41.75,-0.04999999999999716,NIFTY
2022-11-17 09:29:39,18450,CE,BUY,11.3,,NIFTY
2022-11-17 09:29:39,18450,PE,BUY,74.4,,NIFTY
2022-11-17 09:29:47,18450,CE,SELL,11.35,0.049999999999998934,NIFTY
2022-11-17 09:29:47,18450,PE,SELL,74.6,0.19999999999998863,NIFTY
2022-11-17 09:29:47,18400,CE,BUY,28.7,,NIFTY
2022-11-17 09:29:47,18400,PE,BUY,41.9,,NIFTY
2022-11-17 09:30:03,18400,CE,SELL,28.4,-0.3000000000000007,NIFTY
2022-11-17 09:30:03,18400,PE,SELL,41.45,-0.44999999999999574,NIFTY
2022-11-17 09:30:03,18450,CE,BUY,11.15,,NIFTY
2022-11-17 09:30:03,18450,PE,BUY,74.05,,NIFTY
2022-11-17 09:30:04,18450,CE,SELL,11.2,0.049999999999998934,NIFTY
2022-11-17 09:30:04,18450,PE,SELL,73.65,-0.3999999999999915,NIFTY
2022-11-17 09:30:04,18400,CE,BUY,28.95,,NIFTY
2022-11-17 09:30:04,18400,PE,BUY,41.1,,NIFTY
2022-11-17 09:52:43,18400,CE,SELL,25.25,-3.6999999999999993,NIFTY
2022-11-17 09:52:43,18400,PE,SELL,38.7,-2.3999999999999986,NIFTY
2022-11-17 09:52:43,18450,CE,BUY,9.5,,NIFTY
2022-11-17 09:52:43,18450,PE,BUY,74.15,,NIFTY
2022-11-17 09:52:45,18450,CE,SELL,9.45,-0.05000000000000071,NIFTY
2022-11-17 09:52:45,18450,PE,SELL,73.7,-0.45000000000000284,NIFTY
2022-11-17 09:52:45,18400,CE,BUY,25.15,,NIFTY
2022-11-17 09:52:45,18400,PE,BUY,39.65,,NIFTY
2022-11-17 09:52:46,18400,CE,SELL,25.1,-0.04999999999999716,NIFTY
2022-11-17 09:52:46,18400,PE,SELL,40.05,0.3999999999999986,NIFTY
2022-11-17 09:52:46,18450,CE,BUY,9.4,,NIFTY
2022-11-17 09:52:46,18450,PE,BUY,74.4,,NIFTY
2022-11-17 09:52:54,18450,CE,SELL,9.15,-0.25,NIFTY
2022-11-17 09:52:54,18450,PE,SELL,75.6,1.1999999999999886,NIFTY
2022-11-17 09:52:54,18400,CE,BUY,24.55,,NIFTY
2022-11-17 09:52:54,18400,PE,BUY,40.85,,NIFTY
2022-11-17 09:53:38,18400,CE,SELL,25.3,0.75,NIFTY
2022-11-17 09:53:38,18400,PE,SELL,40.7,-0.14999999999999858,NIFTY
2022-11-17 09:53:38,18450,CE,BUY,9.45,,NIFTY
2022-11-17 09:53:38,18450,PE,BUY,74.95,,NIFTY
2022-11-17 09:53:39,18450,CE,SELL,9.45,0.0,NIFTY
2022-11-17 09:53:39,18450,PE,SELL,75.1,0.14999999999999147,NIFTY
2022-11-17 09:53:39,18400,CE,BUY,25.05,,NIFTY
2022-11-17 09:53:39,18400,PE,BUY,40.9,,NIFTY
2022-11-17 09:53:45,18400,CE,SELL,24.45,-0.6000000000000014,NIFTY
2022-11-17 09:53:45,18400,PE,SELL,41.55,0.6499999999999986,NIFTY
2022-11-17 09:53:45,18450,CE,BUY,9.15,,NIFTY
2022-11-17 09:53:45,18450,PE,BUY,76.3,,NIFTY
2022-11-17 09:53:47,18450,CE,SELL,8.75,-0.40000000000000036,NIFTY
2022-11-17 09:53:47,18450,PE,SELL,77.55,1.25,NIFTY
2022-11-17 09:53:47,18400,CE,BUY,23.75,,NIFTY
2022-11-17 09:53:47,18400,PE,BUY,42.45,,NIFTY
2022-11-17 09:55:07,18400,CE,SELL,25.25,1.5,NIFTY
2022-11-17 09:55:07,18400,PE,SELL,40.2,-2.25,NIFTY
2022-11-17 09:55:07,18450,CE,BUY,9.45,,NIFTY
2022-11-17 09:55:07,18450,PE,BUY,74.6,,NIFTY
2022-11-17 09:55:08,18450,CE,SELL,9.45,0.0,NIFTY
2022-11-17 09:55:08,18450,PE,SELL,74.25,-0.3499999999999943,NIFTY
2022-11-17 09:55:08,18400,CE,BUY,25.25,,NIFTY
2022-11-17 09:55:08,18400,PE,BUY,40.0,,NIFTY
2022-11-17 09:55:11,18400,CE,SELL,25.1,-0.14999999999999858,NIFTY
2022-11-17 09:55:11,18400,PE,SELL,40.6,0.6000000000000014,NIFTY
2022-11-17 09:55:11,18450,CE,BUY,9.3,,NIFTY
2022-11-17 09:55:11,18450,PE,BUY,75.0,,NIFTY
2022-11-17 09:55:12,18450,CE,SELL,9.2,-0.10000000000000142,NIFTY
2022-11-17 09:55:12,18450,PE,SELL,75.9,0.9000000000000057,NIFTY
2022-11-17 09:55:12,18400,CE,BUY,24.65,,NIFTY
2022-11-17 09:55:12,18400,PE,BUY,41.15,,NIFTY
2022-11-17 09:55:22,18400,CE,SELL,25.2,0.5500000000000007,NIFTY
2022-11-17 09:55:22,18400,PE,SELL,40.1,-1.0499999999999972,NIFTY
2022-11-17 09:55:22,18450,CE,BUY,9.45,,NIFTY
2022-11-17 09:55:22,18450,PE,BUY,74.3,,NIFTY
2022-11-17 09:55:25,18450,CE,SELL,9.45,0.0,NIFTY
2022-11-17 09:55:25,18450,PE,SELL,74.2,-0.09999999999999432,NIFTY
2022-11-17 09:55:25,18400,CE,BUY,25.35,,NIFTY
2022-11-17 09:55:25,18400,PE,BUY,40.05,,NIFTY
2022-11-17 09:55:26,18400,CE,SELL,25.6,0.25,NIFTY
2022-11-17 09:55:26,18400,PE,SELL,39.7,-0.3499999999999943,NIFTY
2022-11-17 09:55:26,18450,CE,BUY,9.55,,NIFTY
2022-11-17 09:55:26,18450,PE,BUY,73.65,,NIFTY
2022-11-17 10:06:02,18450,CE,SELL,8.6,-0.9500000000000011,NIFTY
2022-11-17 10:06:02,18450,PE,SELL,72.85,-0.8000000000000114,NIFTY
2022-11-17 10:06:02,18400,CE,BUY,23.7,,NIFTY
2022-11-17 10:06:02,18400,PE,BUY,37.9,,NIFTY
2022-11-17 10:06:08,18400,CE,SELL,23.65,-0.05000000000000071,NIFTY
2022-11-17 10:06:08,18400,PE,SELL,38.0,0.10000000000000142,NIFTY
2022-11-17 10:06:08,18450,CE,BUY,8.6,,NIFTY
2022-11-17 10:06:08,18450,PE,BUY,73.0,,NIFTY
2022-11-17 10:06:10,18450,CE,SELL,8.7,0.09999999999999964,NIFTY
2022-11-17 10:06:10,18450,PE,SELL,72.3,-0.7000000000000028,NIFTY
2022-11-17 10:06:10,18400,CE,BUY,24.0,,NIFTY
2022-11-17 10:06:10,18400,PE,BUY,37.65,,NIFTY
2022-11-17 10:06:11,18400,CE,SELL,23.85,-0.14999999999999858,NIFTY
2022-11-17 10:06:11,18400,PE,SELL,38.15,0.5,NIFTY
2022-11-17 10:06:11,18450,CE,BUY,8.65,,NIFTY
2022-11-17 10:06:11,18450,PE,BUY,73.05,,NIFTY
2022-11-17 10:06:12,18450,CE,SELL,8.8,0.15000000000000036,NIFTY
2022-11-17 10:06:12,18450,PE,SELL,72.2,-0.8499999999999943,NIFTY
2022-11-17 10:06:12,18400,CE,BUY,24.15,,NIFTY
2022-11-17 10:06:12,18400,PE,BUY,37.55,,NIFTY
2022-11-17 10:06:15,18400,CE,SELL,24.45,0.3000000000000007,NIFTY
2022-11-17 10:06:15,18400,PE,SELL,37.0,-0.5499999999999972,NIFTY
2022-11-17 10:06:15,18450,CE,BUY,8.85,,NIFTY
2022-11-17 10:06:15,18450,PE,BUY,71.4,,NIFTY
2022-11-17 10:06:19,18450,CE,SELL,8.85,0.0,NIFTY
2022-11-17 10:06:19,18450,PE,SELL,70.35,-1.0500000000000114,NIFTY
2022-11-17 10:06:19,18400,CE,BUY,24.55,,NIFTY
2022-11-17 10:06:19,18400,PE,BUY,36.4,,NIFTY
2022-11-17 10:06:20,18400,CE,SELL,24.95,0.3999999999999986,NIFTY
2022-11-17 10:06:20,18400,PE,SELL,36.05,-0.3500000000000014,NIFTY
2022-11-17 10:06:20,18450,CE,BUY,9.05,,NIFTY
2022-11-17 10:06:20,18450,PE,BUY,70.3,,NIFTY
2022-11-17 10:10:37,18450,CE,SELL,8.25,-0.8000000000000007,NIFTY
2022-11-17 10:10:37,18450,PE,SELL,74.55,4.25,NIFTY
2022-11-17 10:10:37,18400,CE,BUY,22.8,,NIFTY
2022-11-17 10:10:37,18400,PE,BUY,38.85,,NIFTY
2022-11-17 10:10:42,18400,CE,SELL,23.3,0.5,NIFTY
2022-11-17 10:10:42,18400,PE,SELL,38.35,-0.5,NIFTY
2022-11-17 10:10:42,18450,CE,BUY,8.45,,NIFTY
2022-11-17 10:10:42,18450,PE,BUY,73.5,,NIFTY
2022-11-17 10:10:43,18450,CE,SELL,8.5,0.05000000000000071,NIFTY
2022-11-17 10:10:43,18450,PE,SELL,73.1,-0.4000000000000057,NIFTY
2022-11-17 10:10:43,18400,CE,BUY,23.45,,NIFTY
2022-11-17 10:10:43,18400,PE,BUY,38.0,,NIFTY
2022-11-17 10:10:45,18400,CE,SELL,24.0,0.5500000000000007,NIFTY
2022-11-17 10:10:45,18400,PE,SELL,37.25,-0.75,NIFTY
2022-11-17 10:10:45,18450,CE,BUY,8.8,,NIFTY
2022-11-17 10:10:45,18450,PE,BUY,72.0,,NIFTY
2022-11-17 10:13:54,18450,CE,SELL,8.5,-0.3000000000000007,NIFTY
2022-11-17 10:13:54,18450,PE,SELL,73.65,1.6500000000000057,NIFTY
2022-11-17 10:13:54,18400,CE,BUY,23.25,,NIFTY
2022-11-17 10:13:54,18400,PE,BUY,38.4,,NIFTY
2022-11-17 10:15:46,18400,CE,SELL,23.65,0.3999999999999986,NIFTY
2022-11-17 10:15:46,18400,PE,SELL,37.0,-1.3999999999999986,NIFTY
2022-11-17 10:15:46,18450,CE,BUY,8.55,,NIFTY
2022-11-17 10:15:46,18450,PE,BUY,72.1,,NIFTY
2022-11-17 10:15:47,18450,CE,SELL,8.55,0.0,NIFTY
2022-11-17 10:15:47,18450,PE,SELL,71.9,-0.19999999999998863,NIFTY
2022-11-17 10:15:47,18400,CE,BUY,23.75,,NIFTY
2022-11-17 10:15:47,18400,PE,BUY,36.9,,NIFTY
2022-11-17 10:15:48,18400,CE,SELL,23.75,0.0,NIFTY
2022-11-17 10:15:48,18400,PE,SELL,37.0,0.10000000000000142,NIFTY
2022-11-17 10:15:48,18450,CE,BUY,8.6,,NIFTY
2022-11-17 10:15:48,18450,PE,BUY,71.8,,NIFTY
2022-11-17 10:16:00,18450,CE,SELL,8.45,-0.15000000000000036,NIFTY
2022-11-17 10:16:00,18450,PE,SELL,72.3,0.5,NIFTY
2022-11-17 10:16:00,18400,CE,BUY,23.5,,NIFTY
2022-11-17 10:16:00,18400,PE,BUY,37.2,,NIFTY
2022-11-17 10:16:01,18400,CE,SELL,23.9,0.3999999999999986,NIFTY
2022-11-17 10:16:01,18400,PE,SELL,37.0,-0.20000000000000284,NIFTY
2022-11-17 10:16:01,18450,CE,BUY,8.5,,NIFTY
2022-11-17 10:16:01,18450,PE,BUY,71.8,,NIFTY
2022-11-17 10:20:02,18450,CE,SELL,8.1,-0.40000000000000036,NIFTY
2022-11-17 10:20:02,18450,PE,SELL,74.45,2.6500000000000057,NIFTY
2022-11-17 10:20:02,18400,CE,BUY,22.6,,NIFTY
2022-11-17 10:20:02,18400,PE,BUY,39.0,,NIFTY
2022-11-17 10:20:04,18400,CE,SELL,22.95,0.34999999999999787,NIFTY
2022-11-17 10:20:04,18400,PE,SELL,38.8,-0.20000000000000284,NIFTY
2022-11-17 10:20:04,18450,CE,BUY,8.2,,NIFTY
2022-11-17 10:20:04,18450,PE,BUY,74.4,,NIFTY
2022-11-17 10:20:08,18450,CE,SELL,8.2,0.0,NIFTY
2022-11-17 10:20:08,18450,PE,SELL,74.4,0.0,NIFTY
2022-11-17 10:20:08,18400,CE,BUY,22.65,,NIFTY
2022-11-17 10:20:08,18400,PE,BUY,39.0,,NIFTY
2022-11-17 10:20:15,18400,CE,SELL,22.65,0.0,NIFTY
2022-11-17 10:20:15,18400,PE,SELL,38.5,-0.5,NIFTY
2022-11-17 10:20:15,18450,CE,BUY,8.15,,NIFTY
2022-11-17 10:20:15,18450,PE,BUY,74.0,,NIFTY
2022-11-17 10:20:17,18450,CE,SELL,8.2,0.049999999999998934,NIFTY
2022-11-17 10:20:17,18450,PE,SELL,74.75,0.75,NIFTY
2022-11-17 10:20:17,18400,CE,BUY,22.8,,NIFTY
2022-11-17 10:20:17,18400,PE,BUY,39.05,,NIFTY
2022-11-17 10:20:24,18400,CE,SELL,23.25,0.4499999999999993,NIFTY
2022-11-17 10:20:24,18400,PE,SELL,38.25,-0.7999999999999972,NIFTY
2022-11-17 10:20:24,18450,CE,BUY,8.35,,NIFTY
2022-11-17 10:20:24,18450,PE,BUY,73.3,,NIFTY
2022-11-17 10:20:31,18450,CE,SELL,8.15,-0.1999999999999993,NIFTY
2022-11-17 10:20:31,18450,PE,SELL,74.2,0.9000000000000057,NIFTY
2022-11-17 10:20:31,18400,CE,BUY,22.75,,NIFTY
2022-11-17 10:20:31,18400,PE,BUY,38.75,,NIFTY
2022-11-17 10:20:34,18400,CE,SELL,22.95,0.1999999999999993,NIFTY
2022-11-17 10:20:34,18400,PE,SELL,38.3,-0.45000000000000284,NIFTY
2022-11-17 10:20:34,18450,CE,BUY,8.2,,NIFTY
2022-11-17 10:20:34,18450,PE,BUY,73.5,,NIFTY
2022-11-17 10:21:00,18450,CE,SELL,7.95,-0.2499999999999991,NIFTY
2022-11-17 10:21:00,18450,PE,SELL,74.35,0.8499999999999943,NIFTY
2022-11-17 10:21:00,18400,CE,BUY,22.3,,NIFTY
2022-11-17 10:21:00,18400,PE,BUY,38.75,,NIFTY
2022-11-17 10:21:01,18400,CE,SELL,22.55,0.25,NIFTY
2022-11-17 10:21:01,18400,PE,SELL,38.05,-0.7000000000000028,NIFTY
2022-11-17 10:21:01,18450,CE,BUY,8.0,,NIFTY
2022-11-17 10:21:01,18450,PE,BUY,73.5,,NIFTY
2022-11-17 10:21:49,18450,CE,SELL,8.1,0.09999999999999964,NIFTY
2022-11-17 10:21:49,18450,PE,SELL,74.2,0.7000000000000028,NIFTY
2022-11-17 10:21:49,18400,CE,BUY,22.6,,NIFTY
2022-11-17 10:21:49,18400,PE,BUY,38.5,,NIFTY
2022-11-17 10:21:50,18400,CE,SELL,22.7,0.09999999999999787,NIFTY
2022-11-17 10:21:50,18400,PE,SELL,38.4,-0.10000000000000142,NIFTY
2022-11-17 10:21:50,18450,CE,BUY,8.1,,NIFTY
2022-11-17 10:21:50,18450,PE,BUY,73.9,,NIFTY
2022-11-17 10:21:54,18450,CE,SELL,7.9,-0.1999999999999993,NIFTY
2022-11-17 10:21:54,18450,PE,SELL,74.8,0.8999999999999915,NIFTY
2022-11-17 10:21:54,18400,CE,BUY,22.3,,NIFTY
2022-11-17 10:21:54,18400,PE,BUY,39.05,,NIFTY
2022-11-17 10:27:35,18400,CE,SELL,23.7,1.3999999999999986,NIFTY
2022-11-17 10:27:35,18400,PE,SELL,36.85,-2.1999999999999957,NIFTY
2022-11-17 10:27:35,18450,CE,BUY,8.4,,NIFTY
2022-11-17 10:27:35,18450,PE,BUY,71.35,,NIFTY
2022-11-17 10:27:38,18450,CE,SELL,8.4,0.0,NIFTY
2022-11-17 10:27:38,18450,PE,SELL,72.0,0.6500000000000057,NIFTY
2022-11-17 10:27:38,18400,CE,BUY,23.55,,NIFTY
2022-11-17 10:27:38,18400,PE,BUY,37.05,,NIFTY
2022-11-17 10:27:40,18400,CE,SELL,23.35,-0.1999999999999993,NIFTY
2022-11-17 10:27:40,18400,PE,SELL,37.2,0.15000000000000568,NIFTY
2022-11-17 10:27:40,18450,CE,BUY,8.25,,NIFTY
2022-11-17 10:27:40,18450,PE,BUY,72.2,,NIFTY
2022-11-17 10:27:43,18450,CE,SELL,8.25,0.0,NIFTY
2022-11-17 10:27:43,18450,PE,SELL,72.6,0.3999999999999915,NIFTY
2022-11-17 10:27:43,18400,CE,BUY,23.25,,NIFTY
2022-11-17 10:27:43,18400,PE,BUY,37.4,,NIFTY
2022-11-17 10:27:45,18400,CE,SELL,23.1,-0.14999999999999858,NIFTY
2022-11-17 10:27:45,18400,PE,SELL,37.5,0.10000000000000142,NIFTY
2022-11-17 10:27:45,18450,CE,BUY,8.25,,NIFTY
2022-11-17 10:27:45,18450,PE,BUY,72.6,,NIFTY
2022-11-17 10:27:48,18450,CE,SELL,8.15,-0.09999999999999964,NIFTY
2022-11-17 10:27:48,18450,PE,SELL,73.55,0.9500000000000028,NIFTY
2022-11-17 10:27:48,18400,CE,BUY,22.85,,NIFTY
2022-11-17 10:27:48,18400,PE,BUY,38.0,,NIFTY
2022-11-17 10:27:49,18400,CE,SELL,22.75,-0.10000000000000142,NIFTY
2022-11-17 10:27:49,18400,PE,SELL,38.2,0.20000000000000284,NIFTY
2022-11-17 10:27:49,18450,CE,BUY,8.15,,NIFTY
2022-11-17 10:27:49,18450,PE,BUY,73.8,,NIFTY
2022-11-17 10:28:15,18450,CE,SELL,8.15,0.0,NIFTY
2022-11-17 10:28:15,18450,PE,SELL,73.45,-0.3499999999999943,NIFTY
2022-11-17 10:28:15,18400,CE,BUY,22.8,,NIFTY
2022-11-17 10:28:15,18400,PE,BUY,38.1,,NIFTY
2022-11-17 10:40:46,18400,CE,SELL,20.85,-1.9499999999999993,NIFTY
2022-11-17 10:40:46,18400,PE,SELL,38.9,0.7999999999999972,NIFTY
2022-11-17 10:40:46,18450,CE,BUY,7.1,,NIFTY
2022-11-17 10:40:46,18450,PE,BUY,75.2,,NIFTY
2022-11-17 10:40:51,18450,CE,SELL,7.1,0.0,NIFTY
2022-11-17 10:40:51,18450,PE,SELL,74.8,-0.4000000000000057,NIFTY
2022-11-17 10:40:51,18400,CE,BUY,20.85,,NIFTY
2022-11-17 10:40:51,18400,PE,BUY,38.6,,NIFTY
2022-11-17 10:40:53,18400,CE,SELL,20.75,-0.10000000000000142,NIFTY
2022-11-17 10:40:53,18400,PE,SELL,38.65,0.04999999999999716,NIFTY
2022-11-17 10:40:53,18450,CE,BUY,7.05,,NIFTY
2022-11-17 10:40:53,18450,PE,BUY,75.2,,NIFTY
2022-11-17 10:40:54,18450,CE,SELL,7.0,-0.04999999999999982,NIFTY
2022-11-17 10:40:54,18450,PE,SELL,75.5,0.29999999999999716,NIFTY
2022-11-17 10:40:54,18400,CE,BUY,20.55,,NIFTY
2022-11-17 10:40:54,18400,PE,BUY,39.0,,NIFTY
2022-11-17 10:40:55,18400,CE,SELL,20.55,0.0,NIFTY
2022-11-17 10:40:55,18400,PE,SELL,39.0,0.0,NIFTY
2022-11-17 10:40:55,18450,CE,BUY,7.0,,NIFTY
2022-11-17 10:40:55,18450,PE,BUY,75.75,,NIFTY
2022-11-17 10:41:05,18450,CE,SELL,7.0,0.0,NIFTY
2022-11-17 10:41:05,18450,PE,SELL,75.9,0.15000000000000568,NIFTY
2022-11-17 10:41:05,18400,CE,BUY,20.55,,NIFTY
2022-11-17 10:41:05,18400,PE,BUY,39.5,,NIFTY
2022-11-17 10:46:57,18400,CE,SELL,20.6,0.05000000000000071,NIFTY
2022-11-17 10:46:57,18400,PE,SELL,37.8,-1.7000000000000028,NIFTY
2022-11-17 10:46:57,18450,CE,BUY,6.75,,NIFTY
2022-11-17 10:46:57,18450,PE,BUY,73.9,,NIFTY
2022-11-17 10:57:30,18450,CE,SELL,6.05,-0.7000000000000002,NIFTY
2022-11-17 10:57:30,18450,PE,SELL,77.8,3.8999999999999915,NIFTY
2022-11-17 10:57:30,18400,CE,BUY,18.65,,NIFTY
2022-11-17 10:57:30,18400,PE,BUY,40.25,,NIFTY
2022-11-17 10:57:32,18400,CE,SELL,18.95,0.3000000000000007,NIFTY
2022-11-17 10:57:32,18400,PE,SELL,40.05,-0.20000000000000284,NIFTY
2022-11-17 10:57:32,18450,CE,BUY,6.1,,NIFTY
2022-11-17 10:57:32,18450,PE,BUY,77.3,,NIFTY
2022-11-17 10:57:33,18450,CE,SELL,6.1,0.0,NIFTY
2022-11-17 10:57:33,18450,PE,SELL,77.55,0.25,NIFTY
2022-11-17 10:57:33,18400,CE,BUY,19.05,,NIFTY
2022-11-17 10:57:33,18400,PE,BUY,40.3,,NIFTY
2022-11-17 10:57:36,18400,CE,SELL,19.35,0.3000000000000007,NIFTY
2022-11-17 10:57:36,18400,PE,SELL,39.65,-0.6499999999999986,NIFTY
2022-11-17 10:57:36,18450,CE,BUY,6.25,,NIFTY
2022-11-17 10:57:36,18450,PE,BUY,76.6,,NIFTY
2022-11-17 10:57:42,18450,CE,SELL,6.2,-0.04999999999999982,NIFTY
2022-11-17 10:57:42,18450,PE,SELL,76.95,0.3500000000000085,NIFTY
2022-11-17 10:57:42,18400,CE,BUY,19.1,,NIFTY
2022-11-17 10:57:42,18400,PE,BUY,39.65,,NIFTY
2022-11-17 10:57:45,18400,CE,SELL,19.6,0.5,NIFTY
2022-11-17 10:57:45,18400,PE,SELL,39.4,-0.25,NIFTY
2022-11-17 10:57:45,18450,CE,BUY,6.35,,NIFTY
2022-11-17 10:57:45,18450,PE,BUY,76.55,,NIFTY
2022-11-17 10:57:48,18450,CE,SELL,6.35,0.0,NIFTY
2022-11-17 10:57:48,18450,PE,SELL,76.6,0.04999999999999716,NIFTY
2022-11-17 10:57:48,18400,CE,BUY,19.45,,NIFTY
2022-11-17 10:57:48,18400,PE,BUY,39.55,,NIFTY
2022-11-17 10:58:08,18400,CE,SELL,19.15,-0.3000000000000007,NIFTY
2022-11-17 10:58:08,18400,PE,SELL,40.0,0.45000000000000284,NIFTY
2022-11-17 10:58:08,18450,CE,BUY,6.25,,NIFTY
2022-11-17 10:58:08,18450,PE,BUY,77.1,,NIFTY
2022-11-17 10:58:13,18450,CE,SELL,6.2,-0.04999999999999982,NIFTY
2022-11-17 10:58:13,18450,PE,SELL,76.85,-0.25,NIFTY
2022-11-17 10:58:13,18400,CE,BUY,19.4,,NIFTY
2022-11-17 10:58:13,18400,PE,BUY,39.7,,NIFTY
2022-11-17 10:58:42,18400,CE,SELL,18.85,-0.5499999999999972,NIFTY
2022-11-17 10:58:42,18400,PE,SELL,40.7,1.0,NIFTY
2022-11-17 10:58:42,18450,CE,BUY,5.95,,NIFTY
2022-11-17 10:58:42,18450,PE,BUY,77.75,,NIFTY
2022-11-17 10:58:43,18450,CE,SELL,5.95,0.0,NIFTY
2022-11-17 10:58:43,18450,PE,SELL,78.45,0.7000000000000028,NIFTY
2022-11-17 10:58:43,18400,CE,BUY,18.85,,NIFTY
2022-11-17 10:58:43,18400,PE,BUY,41.0,,NIFTY
2022-11-17 10:58:51,18400,CE,SELL,19.15,0.29999999999999716,NIFTY
2022-11-17 10:58:51,18400,PE,SELL,40.6,-0.3999999999999986,NIFTY
2022-11-17 10:58:51,18450,CE,BUY,6.05,,NIFTY
2022-11-17 10:58:51,18450,PE,BUY,77.75,,NIFTY
2022-11-17 10:58:52,18450,CE,SELL,6.1,0.04999999999999982,NIFTY
2022-11-17 10:58:52,18450,PE,SELL,77.35,-0.4000000000000057,NIFTY
2022-11-17 10:58:52,18400,CE,BUY,19.3,,NIFTY
2022-11-17 10:58:52,18400,PE,BUY,40.35,,NIFTY
2022-11-17 10:59:30,18400,CE,SELL,19.5,0.1999999999999993,NIFTY
2022-11-17 10:59:30,18400,PE,SELL,40.1,-0.25,NIFTY
2022-11-17 10:59:30,18450,CE,BUY,6.25,,NIFTY
2022-11-17 10:59:30,18450,PE,BUY,76.7,,NIFTY
2022-11-17 10:59:33,18450,CE,SELL,6.15,-0.09999999999999964,NIFTY
2022-11-17 10:59:33,18450,PE,SELL,77.6,0.8999999999999915,NIFTY
2022-11-17 10:59:33,18400,CE,BUY,19.3,,NIFTY
2022-11-17 10:59:33,18400,PE,BUY,40.65,,NIFTY
2022-11-17 11:35:14,18400,CE,SELL,17.55,-1.75,NIFTY
2022-11-17 11:35:14,18400,PE,SELL,38.1,-2.549999999999997,NIFTY
2022-11-17 11:35:14,18450,CE,BUY,4.95,,NIFTY
2022-11-17 11:35:14,18450,PE,BUY,75.45,,NIFTY
2022-11-17 11:35:19,18450,CE,SELL,4.8,-0.15000000000000036,NIFTY
2022-11-17 11:35:19,18450,PE,SELL,76.9,1.4500000000000028,NIFTY
2022-11-17 11:35:19,18400,CE,BUY,17.05,,NIFTY
2022-11-17 11:35:19,18400,PE,BUY,39.3,,NIFTY
2022-11-17 11:35:21,18400,CE,SELL,17.3,0.25,NIFTY
2022-11-17 11:35:21,18400,PE,SELL,38.75,-0.5499999999999972,NIFTY
2022-11-17 11:35:21,18450,CE,BUY,4.85,,NIFTY
2022-11-17 11:35:21,18450,PE,BUY,76.45,,NIFTY
2022-11-17 11:35:27,18450,CE,SELL,4.85,0.0,NIFTY
2022-11-17 11:35:27,18450,PE,SELL,76.45,0.0,NIFTY
2022-11-17 11:35:27,18400,CE,BUY,17.25,,NIFTY
2022-11-17 11:35:27,18400,PE,BUY,38.6,,NIFTY
2022-11-17 11:35:30,18400,CE,SELL,17.45,0.1999999999999993,NIFTY
2022-11-17 11:35:30,18400,PE,SELL,38.9,0.29999999999999716,NIFTY
2022-11-17 11:35:30,18450,CE,BUY,4.95,,NIFTY
2022-11-17 11:35:30,18450,PE,BUY,76.55,,NIFTY
2022-11-17 11:35:35,18450,CE,SELL,4.9,-0.04999999999999982,NIFTY
2022-11-17 11:35:35,18450,PE,SELL,76.2,-0.3499999999999943,NIFTY
2022-11-17 11:35:35,18400,CE,BUY,17.3,,NIFTY
2022-11-17 11:35:35,18400,PE,BUY,38.5,,NIFTY
2022-11-17 11:35:36,18400,CE,SELL,17.3,0.0,NIFTY
2022-11-17 11:35:36,18400,PE,SELL,38.45,-0.04999999999999716,NIFTY
2022-11-17 11:35:36,18450,CE,BUY,4.85,,NIFTY
2022-11-17 11:35:36,18450,PE,BUY,76.25,,NIFTY
2022-11-17 11:35:51,18450,CE,SELL,4.75,-0.09999999999999964,NIFTY
2022-11-17 11:35:51,18450,PE,SELL,77.15,0.9000000000000057,NIFTY
2022-11-17 11:35:51,18400,CE,BUY,16.85,,NIFTY
2022-11-17 11:35:51,18400,PE,BUY,39.05,,NIFTY
2022-11-17 11:36:07,18400,CE,SELL,17.8,0.9499999999999993,NIFTY
2022-11-17 11:36:07,18400,PE,SELL,36.95,-2.0999999999999943,NIFTY
2022-11-17 11:36:07,18450,CE,BUY,5.0,,NIFTY
2022-11-17 11:36:07,18450,PE,BUY,74.05,,NIFTY
2022-11-17 11:36:37,18450,CE,SELL,4.75,-0.25,NIFTY
2022-11-17 11:36:37,18450,PE,SELL,75.6,1.5499999999999972,NIFTY
2022-11-17 11:36:37,18400,CE,BUY,17.2,,NIFTY
2022-11-17 11:36:37,18400,PE,BUY,38.0,,NIFTY
2022-11-17 11:36:42,18400,CE,SELL,17.0,-0.1999999999999993,NIFTY
2022-11-17 11:36:42,18400,PE,SELL,38.6,0.6000000000000014,NIFTY
2022-11-17 11:36:42,18450,CE,BUY,4.7,,NIFTY
2022-11-17 11:36:42,18450,PE,BUY,76.55,,NIFTY
2022-11-17 11:36:46,18450,CE,SELL,4.6,-0.10000000000000053,NIFTY
2022-11-17 11:36:46,18450,PE,SELL,77.45,0.9000000000000057,NIFTY
2022-11-17 11:36:46,18400,CE,BUY,16.6,,NIFTY
2022-11-17 11:36:46,18400,PE,BUY,39.3,,NIFTY
2022-11-17 11:38:06,18400,CE,SELL,17.1,0.5,NIFTY
2022-11-17 11:38:06,18400,PE,SELL,38.35,-0.9499999999999957,NIFTY
2022-11-17 11:38:06,18450,CE,BUY,4.8,,NIFTY
2022-11-17 11:38:06,18450,PE,BUY,75.95,,NIFTY
2022-11-17 11:38:08,18450,CE,SELL,4.85,0.04999999999999982,NIFTY
2022-11-17 11:38:08,18450,PE,SELL,75.95,0.0,NIFTY
2022-11-17 11:38:08,18400,CE,BUY,17.2,,NIFTY
2022-11-17 11:38:08,18400,PE,BUY,38.45,,NIFTY
2022-11-17 11:38:16,18400,CE,SELL,16.95,-0.25,NIFTY
2022-11-17 11:38:16,18400,PE,SELL,37.95,-0.5,NIFTY
2022-11-17 11:38:16,18450,CE,BUY,4.75,,NIFTY
2022-11-17 11:38:16,18450,PE,BUY,75.5,,NIFTY
2022-11-17 11:39:45,18450,CE,SELL,4.7,-0.04999999999999982,NIFTY
2022-11-17 11:39:45,18450,PE,SELL,77.15,1.6500000000000057,NIFTY
2022-11-17 11:39:45,18400,CE,BUY,16.9,,NIFTY
2022-11-17 11:39:45,18400,PE,BUY,39.0,,NIFTY
2022-11-17 11:44:01,18400,CE,SELL,16.15,-0.75,NIFTY
2022-11-17 11:44:01,18400,PE,SELL,39.4,0.3999999999999986,NIFTY
2022-11-17 11:44:01,18450,CE,BUY,4.25,,NIFTY
2022-11-17 11:44:01,18450,PE,BUY,77.7,,NIFTY
2022-11-17 11:44:02,18450,CE,SELL,4.3,0.04999999999999982,NIFTY
2022-11-17 11:44:02,18450,PE,SELL,77.7,0.0,NIFTY
2022-11-17 11:44:02,18400,CE,BUY,16.15,,NIFTY
2022-11-17 11:44:02,18400,PE,BUY,39.45,,NIFTY
2022-11-17 11:44:14,18400,CE,SELL,15.95,-0.1999999999999993,NIFTY
2022-11-17 11:44:14,18400,PE,SELL,39.9,0.44999999999999574,NIFTY
2022-11-17 11:44:14,18450,CE,BUY,4.25,,NIFTY
2022-11-17 11:44:14,18450,PE,BUY,78.25,,NIFTY
2022-11-17 11:44:15,18450,CE,SELL,4.25,0.0,NIFTY
2022-11-17 11:44:15,18450,PE,SELL,78.3,0.04999999999999716,NIFTY
2022-11-17 11:44:15,18400,CE,BUY,15.95,,NIFTY
2022-11-17 11:44:15,18400,PE,BUY,40.0,,NIFTY
2022-11-17 11:49:44,18400,CE,SELL,16.3,0.3500000000000014,NIFTY
2022-11-17 11:49:44,18400,PE,SELL,37.6,-2.3999999999999986,NIFTY
2022-11-17 11:49:44,18450,CE,BUY,4.1,,NIFTY
2022-11-17 11:49:44,18450,PE,BUY,75.85,,NIFTY
2022-11-17 11:49:48,18450,CE,SELL,4.05,-0.04999999999999982,NIFTY
2022-11-17 11:49:48,18450,PE,SELL,75.2,-0.6499999999999915,NIFTY
2022-11-17 11:49:48,18400,CE,BUY,16.35,,NIFTY
2022-11-17 11:49:48,18400,PE,BUY,37.2,,NIFTY
2022-11-17 11:49:50,18400,CE,SELL,16.45,0.09999999999999787,NIFTY
2022-11-17 11:49:50,18400,PE,SELL,36.7,-0.5,NIFTY
2022-11-17 11:49:50,18450,CE,BUY,4.15,,NIFTY
2022-11-17 11:49:50,18450,PE,BUY,74.6,,NIFTY
2022-11-17 11:50:12,18450,CE,SELL,4.05,-0.10000000000000053,NIFTY
2022-11-17 11:50:12,18450,PE,SELL,75.7,1.1000000000000085,NIFTY
2022-11-17 11:50:12,18400,CE,BUY,16.05,,NIFTY
2022-11-17 11:50:12,18400,PE,BUY,37.45,,NIFTY
2022-11-17 11:50:13,18400,CE,SELL,16.15,0.09999999999999787,NIFTY
2022-11-17 11:50:13,18400,PE,SELL,37.4,-0.05000000000000426,NIFTY
2022-11-17 11:50:13,18450,CE,BUY,4.1,,NIFTY
2022-11-17 11:50:13,18450,PE,BUY,75.8,,NIFTY
2022-11-17 11:50:44,18450,CE,SELL,4.05,-0.04999999999999982,NIFTY
2022-11-17 11:50:44,18450,PE,SELL,77.3,1.5,NIFTY
2022-11-17 11:50:44,18400,CE,BUY,15.75,,NIFTY
2022-11-17 11:50:44,18400,PE,BUY,38.6,,NIFTY
2022-11-17 11:50:51,18400,CE,SELL,15.6,-0.15000000000000036,NIFTY
2022-11-17 11:50:51,18400,PE,SELL,38.7,0.10000000000000142,NIFTY
2022-11-17 11:50:51,18450,CE,BUY,4.0,,NIFTY
2022-11-17 11:50:51,18450,PE,BUY,77.35,,NIFTY
2022-11-17 11:50:52,18450,CE,SELL,4.0,0.0,NIFTY
2022-11-17 11:50:52,18450,PE,SELL,77.3,-0.04999999999999716,NIFTY
2022-11-17 11:50:52,18400,CE,BUY,15.6,,NIFTY
2022-11-17 11:50:52,18400,PE,BUY,38.8,,NIFTY
2022-11-17 11:50:55,18400,CE,SELL,15.5,-0.09999999999999964,NIFTY
2022-11-17 11:50:55,18400,PE,SELL,38.8,0.0,NIFTY
2022-11-17 11:50:55,18450,CE,BUY,4.0,,NIFTY
2022-11-17 11:50:55,18450,PE,BUY,77.55,,NIFTY
2022-11-17 11:50:57,18450,CE,SELL,4.0,0.0,NIFTY
2022-11-17 11:50:57,18450,PE,SELL,77.4,-0.14999999999999147,NIFTY
2022-11-17 11:50:57,18400,CE,BUY,15.55,,NIFTY
2022-11-17 11:50:57,18400,PE,BUY,38.75,,NIFTY
2022-11-17 11:50:58,18400,CE,SELL,15.55,0.0,NIFTY
2022-11-17 11:50:58,18400,PE,SELL,38.7,-0.04999999999999716,NIFTY
2022-11-17 11:50:58,18450,CE,BUY,4.0,,NIFTY
2022-11-17 11:50:58,18450,PE,BUY,77.2,,NIFTY
2022-11-17 11:50:59,18450,CE,SELL,3.95,-0.04999999999999982,NIFTY
2022-11-17 11:50:59,18450,PE,SELL,77.25,0.04999999999999716,NIFTY
2022-11-17 11:50:59,18400,CE,BUY,15.55,,NIFTY
2022-11-17 11:50:59,18400,PE,BUY,38.6,,NIFTY
2022-11-17 11:51:01,18400,CE,SELL,15.85,0.29999999999999893,NIFTY
2022-11-17 11:51:01,18400,PE,SELL,38.1,-0.5,NIFTY
2022-11-17 11:51:01,18450,CE,BUY,4.05,,NIFTY
2022-11-17 11:51:01,18450,PE,BUY,76.6,,NIFTY
2022-11-17 11:51:05,18450,CE,SELL,4.1,0.04999999999999982,NIFTY
2022-11-17 11:51:05,18450,PE,SELL,76.25,-0.3499999999999943,NIFTY
2022-11-17 11:51:05,18400,CE,BUY,15.95,,NIFTY
2022-11-17 11:51:05,18400,PE,BUY,37.85,,NIFTY
2022-11-17 11:51:10,18400,CE,SELL,16.3,0.3500000000000014,NIFTY
2022-11-17 11:51:10,18400,PE,SELL,37.8,-0.05000000000000426,NIFTY
2022-11-17 11:51:10,18450,CE,BUY,4.2,,NIFTY
2022-11-17 11:51:10,18450,PE,BUY,75.9,,NIFTY
2022-11-17 11:51:22,18450,CE,SELL,4.1,-0.10000000000000053,NIFTY
2022-11-17 11:51:22,18450,PE,SELL,75.95,0.04999999999999716,NIFTY
2022-11-17 11:51:22,18400,CE,BUY,16.15,,NIFTY
2022-11-17 11:51:22,18400,PE,BUY,37.7,,NIFTY
2022-11-17 11:51:27,18400,CE,SELL,16.1,-0.04999999999999716,NIFTY
2022-11-17 11:51:27,18400,PE,SELL,38.1,0.3999999999999986,NIFTY
2022-11-17 11:51:27,18450,CE,BUY,4.1,,NIFTY
2022-11-17 11:51:27,18450,PE,BUY,76.25,,NIFTY
2022-11-17 11:53:42,18450,CE,SELL,3.95,-0.14999999999999947,NIFTY
2022-11-17 11:53:42,18450,PE,SELL,78.4,2.1500000000000057,NIFTY
2022-11-17 11:53:42,18400,CE,BUY,15.1,,NIFTY
2022-11-17 11:53:42,18400,PE,BUY,39.5,,NIFTY
2022-11-17 12:06:06,18400,CE,SELL,15.05,-0.049999999999998934,NIFTY
2022-11-17 12:06:06,18400,PE,SELL,39.0,-0.5,NIFTY
2022-11-17 12:06:06,18450,CE,BUY,3.55,,NIFTY
2022-11-17 12:06:06,18450,PE,BUY,77.55,,NIFTY
2022-11-17 12:06:07,18450,CE,SELL,3.45,-0.09999999999999964,NIFTY
2022-11-17 12:06:07,18450,PE,SELL,77.65,0.10000000000000853,NIFTY
2022-11-17 12:06:07,18400,CE,BUY,15.1,,NIFTY
2022-11-17 12:06:07,18400,PE,BUY,39.15,,NIFTY
2022-11-17 12:06:08,18400,CE,SELL,15.15,0.05000000000000071,NIFTY
2022-11-17 12:06:08,18400,PE,SELL,39.15,0.0,NIFTY
2022-11-17 12:06:08,18450,CE,BUY,3.5,,NIFTY
2022-11-17 12:06:08,18450,PE,BUY,77.85,,NIFTY
2022-11-17 12:06:19,18450,CE,SELL,3.5,0.0,NIFTY
2022-11-17 12:06:19,18450,PE,SELL,77.6,-0.25,NIFTY
2022-11-17 12:06:19,18400,CE,BUY,15.1,,NIFTY
2022-11-17 12:06:19,18400,PE,BUY,39.1,,NIFTY
2022-11-17 12:06:22,18400,CE,SELL,15.15,0.05000000000000071,NIFTY
2022-11-17 12:06:22,18400,PE,SELL,38.95,-0.14999999999999858,NIFTY
2022-11-17 12:06:22,18450,CE,BUY,3.5,,NIFTY
2022-11-17 12:06:22,18450,PE,BUY,77.5,,NIFTY
2022-11-17 12:06:25,18450,CE,SELL,3.55,0.04999999999999982,NIFTY
2022-11-17 12:06:25,18450,PE,SELL,77.1,-0.4000000000000057,NIFTY
2022-11-17 12:06:25,18400,CE,BUY,15.4,,NIFTY
2022-11-17 12:06:25,18400,PE,BUY,38.45,,NIFTY
2022-11-17 12:06:28,18400,CE,SELL,15.35,-0.05000000000000071,NIFTY
2022-11-17 12:06:28,18400,PE,SELL,38.5,0.04999999999999716,NIFTY
2022-11-17 12:06:28,18450,CE,BUY,3.55,,NIFTY
2022-11-17 12:06:28,18450,PE,BUY,77.0,,NIFTY
2022-11-17 12:06:40,18450,CE,SELL,3.55,0.0,NIFTY
2022-11-17 12:06:40,18450,PE,SELL,77.1,0.09999999999999432,NIFTY
2022-11-17 12:06:40,18400,CE,BUY,15.3,,NIFTY
2022-11-17 12:06:40,18400,PE,BUY,38.7,,NIFTY
2022-11-17 12:06:47,18400,CE,SELL,15.25,-0.05000000000000071,NIFTY
2022-11-17 12:06:47,18400,PE,SELL,38.75,0.04999999999999716,NIFTY
2022-11-17 12:06:47,18450,CE,BUY,3.55,,NIFTY
2022-11-17 12:06:47,18450,PE,BUY,77.25,,NIFTY
2022-11-17 12:06:51,18450,CE,SELL,3.55,0.0,NIFTY
2022-11-17 12:06:51,18450,PE,SELL,77.85,0.5999999999999943,NIFTY
2022-11-17 12:06:51,18400,CE,BUY,15.1,,NIFTY
2022-11-17 12:06:51,18400,PE,BUY,39.25,,NIFTY
2022-11-17 12:06:58,18400,CE,SELL,15.2,0.09999999999999964,NIFTY
2022-11-17 12:06:58,18400,PE,SELL,38.45,-0.7999999999999972,NIFTY
2022-11-17 12:06:58,18450,CE,BUY,3.55,,NIFTY
2022-11-17 12:06:58,18450,PE,BUY,76.95,,NIFTY
2022-11-17 12:06:59,18450,CE,SELL,3.6,0.050000000000000266,NIFTY
2022-11-17 12:06:59,18450,PE,SELL,76.9,-0.04999999999999716,NIFTY
2022-11-17 12:06:59,18400,CE,BUY,15.4,,NIFTY
2022-11-17 12:06:59,18400,PE,BUY,38.4,,NIFTY
2022-11-17 12:07:01,18400,CE,SELL,15.4,0.0,NIFTY
2022-11-17 12:07:01,18400,PE,SELL,38.45,0.05000000000000426,NIFTY
2022-11-17 12:07:01,18450,CE,BUY,3.55,,NIFTY
2022-11-17 12:07:01,18450,PE,BUY,76.8,,NIFTY
2022-11-17 12:07:14,18450,CE,SELL,3.65,0.10000000000000009,NIFTY
2022-11-17 12:07:14,18450,PE,SELL,77.1,0.29999999999999716,NIFTY
2022-11-17 12:07:14,18400,CE,BUY,15.35,,NIFTY
2022-11-17 12:07:14,18400,PE,BUY,38.5,,NIFTY
2022-11-17 12:07:15,18400,CE,SELL,15.3,-0.049999999999998934,NIFTY
2022-11-17 12:07:15,18400,PE,SELL,38.3,-0.20000000000000284,NIFTY
2022-11-17 12:07:15,18450,CE,BUY,3.6,,NIFTY
2022-11-17 12:07:15,18450,PE,BUY,76.7,,NIFTY
2022-11-17 12:07:39,18450,CE,SELL,3.65,0.04999999999999982,NIFTY
2022-11-17 12:07:39,18450,PE,SELL,77.65,0.9500000000000028,NIFTY
2022-11-17 12:07:39,18400,CE,BUY,15.3,,NIFTY
2022-11-17 12:07:39,18400,PE,BUY,39.0,,NIFTY
2022-11-17 12:07:41,18400,CE,SELL,15.15,-0.15000000000000036,NIFTY
2022-11-17 12:07:41,18400,PE,SELL,39.05,0.04999999999999716,NIFTY
2022-11-17 12:07:41,18450,CE,BUY,3.65,,NIFTY
2022-11-17 12:07:41,18450,PE,BUY,77.65,,NIFTY
2022-11-17 12:07:45,18450,CE,SELL,3.55,-0.10000000000000009,NIFTY
2022-11-17 12:07:45,18450,PE,SELL,77.7,0.04999999999999716,NIFTY
2022-11-17 12:07:45,18400,CE,BUY,15.2,,NIFTY
2022-11-17 12:07:45,18400,PE,BUY,39.15,,NIFTY
2022-11-17 12:08:13,18400,CE,SELL,15.15,-0.049999999999998934,NIFTY
2022-11-17 12:08:13,18400,PE,SELL,39.05,-0.10000000000000142,NIFTY
2022-11-17 12:08:13,18450,CE,BUY,3.6,,NIFTY
2022-11-17 12:08:13,18450,PE,BUY,78.05,,NIFTY
2022-11-17 12:08:14,18450,CE,SELL,3.6,0.0,NIFTY
2022-11-17 12:08:14,18450,PE,SELL,77.7,-0.3499999999999943,NIFTY
2022-11-17 12:08:14,18400,CE,BUY,15.2,,NIFTY
2022-11-17 12:08:14,18400,PE,BUY,39.05,,NIFTY
2022-11-17 12:08:16,18400,CE,SELL,15.15,-0.049999999999998934,NIFTY
2022-11-17 12:08:16,18400,PE,SELL,39.05,0.0,NIFTY
2022-11-17 12:08:16,18450,CE,BUY,3.65,,NIFTY
2022-11-17 12:08:16,18450,PE,BUY,77.8,,NIFTY
2022-11-17 12:08:19,18450,CE,SELL,3.6,-0.04999999999999982,NIFTY
2022-11-17 12:08:19,18450,PE,SELL,78.7,0.9000000000000057,NIFTY
2022-11-17 12:08:19,18400,CE,BUY,14.85,,NIFTY
2022-11-17 12:08:19,18400,PE,BUY,39.75,,NIFTY
2022-11-17 12:08:31,18400,CE,SELL,15.0,0.15000000000000036,NIFTY
2022-11-17 12:08:31,18400,PE,SELL,39.25,-0.5,NIFTY
2022-11-17 12:08:31,18450,CE,BUY,3.6,,NIFTY
2022-11-17 12:08:31,18450,PE,BUY,77.9,,NIFTY
2022-11-17 12:08:32,18450,CE,SELL,3.55,-0.050000000000000266,NIFTY
2022-11-17 12:08:32,18450,PE,SELL,77.9,0.0,NIFTY
2022-11-17 12:08:32,18400,CE,BUY,15.0,,NIFTY
2022-11-17 12:08:32,18400,PE,BUY,39.25,,NIFTY
2022-11-17 12:08:35,18400,CE,SELL,14.9,-0.09999999999999964,NIFTY
2022-11-17 12:08:35,18400,PE,SELL,39.5,0.25,NIFTY
2022-11-17 12:08:35,18450,CE,BUY,3.55,,NIFTY
2022-11-17 12:08:35,18450,PE,BUY,78.3,,NIFTY
2022-11-17 12:08:37,18450,CE,SELL,3.55,0.0,NIFTY
2022-11-17 12:08:37,18450,PE,SELL,78.3,0.0,NIFTY
2022-11-17 12:08:37,18400,CE,BUY,14.9,,NIFTY
2022-11-17 12:08:37,18400,PE,BUY,39.5,,NIFTY
2022-11-17 12:08:38,18400,CE,SELL,15.1,0.1999999999999993,NIFTY
2022-11-17 12:08:38,18400,PE,SELL,39.5,0.0,NIFTY
2022-11-17 12:08:38,18450,CE,BUY,3.6,,NIFTY
2022-11-17 12:08:38,18450,PE,BUY,78.3,,NIFTY
2022-11-17 12:08:42,18450,CE,SELL,3.55,-0.050000000000000266,NIFTY
2022-11-17 12:08:42,18450,PE,SELL,78.45,0.15000000000000568,NIFTY
2022-11-17 12:08:42,18400,CE,BUY,14.85,,NIFTY
2022-11-17 12:08:42,18400,PE,BUY,39.5,,NIFTY
2022-11-17 12:10:43,18400,CE,SELL,15.65,0.8000000000000007,NIFTY
2022-11-17 12:10:43,18400,PE,SELL,38.25,-1.25,NIFTY
2022-11-17 12:10:43,18450,CE,BUY,3.75,,NIFTY
2022-11-17 12:10:43,18450,PE,BUY,76.55,,NIFTY
2022-11-17 12:11:13,18450,CE,SELL,3.65,-0.10000000000000009,NIFTY
2022-11-17 12:11:13,18450,PE,SELL,78.2,1.6500000000000057,NIFTY
2022-11-17 12:11:13,18400,CE,BUY,15.25,,NIFTY
2022-11-17 12:11:13,18400,PE,BUY,39.5,,NIFTY
2022-11-17 12:17:09,18400,CE,SELL,15.15,-0.09999999999999964,NIFTY
2022-11-17 12:17:09,18400,PE,SELL,38.3,-1.2000000000000028,NIFTY
2022-11-17 12:17:09,18450,CE,BUY,3.55,,NIFTY
2022-11-17 12:17:09,18450,PE,BUY,76.95,,NIFTY
2022-11-17 15:05:48,18450,CE,SELL,0.3,-3.25,NIFTY
2022-11-17 15:05:48,18450,PE,SELL,69.75,-7.200000000000003,NIFTY
2022-11-17 15:05:48,18400,CE,BUY,1.15,,NIFTY
2022-11-17 15:05:48,18400,PE,BUY,20.85,,NIFTY
2022-11-17 15:11:59,18400,CE,SELL,0.15,-0.9999999999999999,NIFTY
2022-11-17 15:11:59,18400,PE,SELL,48.55,27.699999999999996,NIFTY
2022-11-17 15:11:59,18350,CE,BUY,6.1,,NIFTY
2022-11-17 15:11:59,18350,PE,BUY,5.15,,NIFTY
2022-11-17 15:12:00,18350,CE,SELL,6.45,0.35000000000000053,NIFTY
2022-11-17 15:12:00,18350,PE,SELL,5.7,0.5499999999999998,NIFTY
2022-11-17 15:12:00,18400,CE,BUY,0.15,,NIFTY
2022-11-17 15:12:00,18400,PE,BUY,49.65,,NIFTY
2022-11-17 15:12:02,18400,CE,SELL,0.1,-0.04999999999999999,NIFTY
2022-11-17 15:12:02,18400,PE,SELL,51.35,1.7000000000000028,NIFTY
2022-11-17 15:12:02,18350,CE,BUY,5.75,,NIFTY
2022-11-17 15:12:02,18350,PE,BUY,6.65,,NIFTY
2022-11-17 15:12:03,18350,CE,SELL,5.1,-0.6500000000000004,NIFTY
2022-11-17 15:12:03,18350,PE,SELL,6.3,-0.35000000000000053,NIFTY
2022-11-17 15:12:03,18400,CE,BUY,0.15,,NIFTY
2022-11-17 15:12:03,18400,PE,BUY,51.0,,NIFTY
2022-11-17 15:12:04,18400,CE,SELL,0.1,-0.04999999999999999,NIFTY
2022-11-17 15:12:04,18400,PE,SELL,51.15,0.14999999999999858,NIFTY
2022-11-17 15:12:04,18350,CE,BUY,5.05,,NIFTY
2022-11-17 15:12:04,18350,PE,BUY,6.3,,NIFTY
2022-11-17 15:17:00,18350,CE,SELL,2.15,-2.9,NIFTY
2022-11-17 15:17:00,18350,PE,SELL,4.5,-1.7999999999999998,NIFTY
2022-11-17 15:17:00,18400,CE,BUY,0.15,,NIFTY
2022-11-17 15:17:00,18400,PE,BUY,52.5,,NIFTY
2022-11-17 15:18:16,18400,CE,SELL,0.15,0.0,NIFTY
2022-11-17 15:18:16,18400,PE,SELL,53.2,0.7000000000000028,NIFTY
2022-11-17 15:18:16,18350,CE,BUY,1.2,,NIFTY
2022-11-17 15:18:16,18350,PE,BUY,4.55,,NIFTY
2022-11-17 15:30:00,18350,CE,SELL,0.05,-1.15,NIFTY
2022-11-17 15:30:00,18350,PE,SELL,6.0,1.4500000000000002,NIFTY
2022-11-18 09:15:00,18400,CE,BUY,114.65,,NIFTY
2022-11-18 09:15:00,18400,PE,BUY,106.75,,NIFTY
2022-11-18 09:21:20,18400,CE,SELL,96.2,-18.450000000000003,NIFTY
2022-11-18 09:21:20,18400,PE,SELL,123.65,16.900000000000006,NIFTY
2022-11-18 09:21:20,18350,CE,BUY,122.2,,NIFTY
2022-11-18 09:21:20,18350,PE,BUY,99.4,,NIFTY
2022-11-18 09:21:21,18350,CE,SELL,122.2,0.0,NIFTY
2022-11-18 09:21:21,18350,PE,SELL,100.0,0.5999999999999943,NIFTY
2022-11-18 09:21:21,18400,CE,BUY,96.0,,NIFTY
2022-11-18 09:21:21,18400,PE,BUY,123.85,,NIFTY
2022-11-18 09:21:22,18400,CE,SELL,96.15,0.15000000000000568,NIFTY
2022-11-18 09:21:22,18400,PE,SELL,124.3,0.45000000000000284,NIFTY
2022-11-18 09:21:22,18350,CE,BUY,122.2,,NIFTY
2022-11-18 09:21:22,18350,PE,BUY,100.6,,NIFTY
2022-11-18 09:23:56,18350,CE,SELL,123.8,1.5999999999999943,NIFTY
2022-11-18 09:23:56,18350,PE,SELL,98.8,-1.7999999999999972,NIFTY
2022-11-18 09:23:56,18400,CE,BUY,97.3,,NIFTY
2022-11-18 09:23:56,18400,PE,BUY,122.15,,NIFTY
2022-11-18 09:23:57,18400,CE,SELL,97.4,0.10000000000000853,NIFTY
2022-11-18 09:23:57,18400,PE,SELL,122.15,0.0,NIFTY
2022-11-18 09:23:57,18350,CE,BUY,123.75,,NIFTY
2022-11-18 09:23:57,18350,PE,BUY,99.0,,NIFTY
2022-11-18 09:23:58,18350,CE,SELL,123.2,-0.5499999999999972,NIFTY
2022-11-18 09:23:58,18350,PE,SELL,99.8,0.7999999999999972,NIFTY
2022-11-18 09:23:58,18400,CE,BUY,96.9,,NIFTY
2022-11-18 09:23:58,18400,PE,BUY,123.1,,NIFTY
2022-11-18 09:24:03,18400,CE,SELL,97.1,0.19999999999998863,NIFTY
2022-11-18 09:24:03,18400,PE,SELL,121.7,-1.3999999999999915,NIFTY
2022-11-18 09:24:03,18350,CE,BUY,123.3,,NIFTY
2022-11-18 09:24:03,18350,PE,BUY,98.5,,NIFTY
2022-11-18 09:24:04,18350,CE,SELL,124.0,0.7000000000000028,NIFTY
2022-11-18 09:24:04,18350,PE,SELL,98.2,-0.29999999999999716,NIFTY
2022-11-18 09:24:04,18400,CE,BUY,97.4,,NIFTY
2022-11-18 09:24:04,18400,PE,BUY,121.65,,NIFTY
2022-11-18 09:24:58,18400,CE,SELL,96.3,-1.1000000000000085,NIFTY
2022-11-18 09:24:58,18400,PE,SELL,122.75,1.0999999999999943,NIFTY
2022-11-18 09:24:58,18350,CE,BUY,122.95,,NIFTY
2022-11-18 09:24:58,18350,PE,BUY,99.25,,NIFTY
2022-11-18 09:25:01,18350,CE,SELL,121.85,-1.1000000000000085,NIFTY
2022-11-18 09:25:01,18350,PE,SELL,99.8,0.5499999999999972,NIFTY
2022-11-18 09:25:01,18400,CE,BUY,95.35,,NIFTY
2022-11-18 09:25:01,18400,PE,BUY,122.85,,NIFTY
2022-11-18 09:25:02,18400,CE,SELL,95.35,0.0,NIFTY
2022-11-18 09:25:02,18400,PE,SELL,123.55,0.7000000000000028,NIFTY
2022-11-18 09:25:02,18350,CE,BUY,121.25,,NIFTY
2022-11-18 09:25:02,18350,PE,BUY,99.6,,NIFTY
2022-11-18 10:37:13,18350,CE,SELL,98.6,-22.650000000000006,NIFTY
2022-11-18 10:37:13,18350,PE,SELL,122.8,23.200000000000003,NIFTY
2022-11-18 10:37:13,18300,CE,BUY,125.0,,NIFTY
2022-11-18 10:37:13,18300,PE,BUY,100.0,,NIFTY
2022-11-18 10:37:26,18300,CE,SELL,124.65,-0.3499999999999943,NIFTY
2022-11-18 10:37:26,18300,PE,SELL,100.0,0.0,NIFTY
2022-11-18 10:37:26,18350,CE,BUY,98.45,,NIFTY
2022-11-18 10:37:26,18350,PE,BUY,123.45,,NIFTY
2022-11-18 10:37:27,18350,CE,SELL,97.6,-0.8500000000000085,NIFTY
2022-11-18 10:37:27,18350,PE,SELL,123.45,0.0,NIFTY
2022-11-18 10:37:27,18300,CE,BUY,123.95,,NIFTY
2022-11-18 10:37:27,18300,PE,BUY,100.0,,NIFTY
2022-11-18 11:14:30,18300,CE,SELL,104.05,-19.900000000000006,NIFTY
2022-11-18 11:14:30,18300,PE,SELL,130.0,30.0,NIFTY
2022-11-18 11:14:30,18250,CE,BUY,131.5,,NIFTY
2022-11-18 11:14:30,18250,PE,BUY,106.6,,NIFTY
2022-11-18 11:14:40,18250,CE,SELL,131.55,0.05000000000001137,NIFTY
2022-11-18 11:14:40,18250,PE,SELL,104.95,-1.6499999999999915,NIFTY
2022-11-18 11:14:40,18300,CE,BUY,104.6,,NIFTY
2022-11-18 11:14:40,18300,PE,BUY,128.35,,NIFTY
2022-11-18 13:30:11,18300,CE,SELL,119.5,14.900000000000006,NIFTY
2022-11-18 13:30:11,18300,PE,SELL,98.2,-30.14999999999999,NIFTY
2022-11-18 13:30:11,18350,CE,BUY,93.05,,NIFTY
2022-11-18 13:30:11,18350,PE,BUY,121.3,,NIFTY
2022-11-18 13:30:12,18350,CE,SELL,93.05,0.0,NIFTY
2022-11-18 13:30:12,18350,PE,SELL,121.7,0.4000000000000057,NIFTY
2022-11-18 13:30:12,18300,CE,BUY,119.5,,NIFTY
2022-11-18 13:30:12,18300,PE,BUY,98.2,,NIFTY
2022-11-18 13:44:12,18300,CE,SELL,97.0,-22.5,NIFTY
2022-11-18 13:44:12,18300,PE,SELL,123.6,25.39999999999999,NIFTY
2022-11-18 13:44:12,18250,CE,BUY,123.6,,NIFTY
2022-11-18 13:44:12,18250,PE,BUY,100.1,,NIFTY
2022-11-18 13:44:37,18250,CE,SELL,125.6,2.0,NIFTY
2022-11-18 13:44:37,18250,PE,SELL,97.95,-2.1499999999999915,NIFTY
2022-11-18 13:44:37,18300,CE,BUY,98.5,,NIFTY
2022-11-18 13:44:37,18300,PE,BUY,121.55,,NIFTY
2022-11-18 13:44:40,18300,CE,SELL,98.1,-0.4000000000000057,NIFTY
2022-11-18 13:44:40,18300,PE,SELL,122.05,0.5,NIFTY
2022-11-18 13:44:40,18250,CE,BUY,125.15,,NIFTY
2022-11-18 13:44:40,18250,PE,BUY,98.4,,NIFTY
2022-11-18 13:44:42,18250,CE,SELL,124.9,-0.25,NIFTY
2022-11-18 13:44:42,18250,PE,SELL,99.5,1.0999999999999943,NIFTY
2022-11-18 13:44:42,18300,CE,BUY,97.85,,NIFTY
2022-11-18 13:44:42,18300,PE,BUY,122.45,,NIFTY
2022-11-18 13:44:43,18300,CE,SELL,97.9,0.05000000000001137,NIFTY
2022-11-18 13:44:43,18300,PE,SELL,122.5,0.04999999999999716,NIFTY
2022-11-18 13:44:43,18250,CE,BUY,124.5,,NIFTY
2022-11-18 13:44:43,18250,PE,BUY,99.05,,NIFTY
2022-11-18 13:45:20,18250,CE,SELL,125.35,0.8499999999999943,NIFTY
2022-11-18 13:45:20,18250,PE,SELL,98.6,-0.45000000000000284,NIFTY
2022-11-18 13:45:20,18300,CE,BUY,98.5,,NIFTY
2022-11-18 13:45:20,18300,PE,BUY,122.0,,NIFTY
2022-11-18 13:47:38,18300,CE,SELL,98.55,0.04999999999999716,NIFTY
2022-11-18 13:47:38,18300,PE,SELL,123.85,1.8499999999999943,NIFTY
2022-11-18 13:47:38,18250,CE,BUY,125.35,,NIFTY
2022-11-18 13:47:38,18250,PE,BUY,100.55,,NIFTY
2022-11-18 13:47:52,18250,CE,SELL,126.0,0.6500000000000057,NIFTY
2022-11-18 13:47:52,18250,PE,SELL,100.0,-0.5499999999999972,NIFTY
2022-11-18 13:47:52,18300,CE,BUY,99.25,,NIFTY
2022-11-18 13:47:52,18300,PE,BUY,123.6,,NIFTY
2022-11-18 13:47:54,18300,CE,SELL,99.25,0.0,NIFTY
2022-11-18 13:47:54,18300,PE,SELL,122.95,-0.6499999999999915,NIFTY
2022-11-18 13:47:54,18250,CE,BUY,126.35,,NIFTY
2022-11-18 13:47:54,18250,PE,BUY,99.3,,NIFTY
2022-11-18 13:47:55,18250,CE,SELL,126.35,0.0,NIFTY
2022-11-18 13:47:55,18250,PE,SELL,99.65,0.3500000000000085,NIFTY
2022-11-18 13:47:55,18300,CE,BUY,99.25,,NIFTY
2022-11-18 13:47:55,18300,PE,BUY,123.2,,NIFTY
2022-11-18 13:47:56,18300,CE,SELL,99.2,-0.04999999999999716,NIFTY
2022-11-18 13:47:56,18300,PE,SELL,122.95,-0.25,NIFTY
2022-11-18 13:47:56,18250,CE,BUY,126.05,,NIFTY
2022-11-18 13:47:56,18250,PE,BUY,99.4,,NIFTY
2022-11-18 13:47:57,18250,CE,SELL,126.4,0.3500000000000085,NIFTY
2022-11-18 13:47:57,18250,PE,SELL,99.25,-0.15000000000000568,NIFTY
2022-11-18 13:47:57,18300,CE,BUY,99.35,,NIFTY
2022-11-18 13:47:57,18300,PE,BUY,122.8,,NIFTY
2022-11-18 13:47:58,18300,CE,SELL,99.05,-0.29999999999999716,NIFTY
2022-11-18 13:47:58,18300,PE,SELL,123.0,0.20000000000000284,NIFTY
2022-11-18 13:47:58,18250,CE,BUY,125.8,,NIFTY
2022-11-18 13:47:58,18250,PE,BUY,99.65,,NIFTY
2022-11-18 13:48:00,18250,CE,SELL,126.2,0.4000000000000057,NIFTY
2022-11-18 13:48:00,18250,PE,SELL,99.15,-0.5,NIFTY
2022-11-18 13:48:00,18300,CE,BUY,99.55,,NIFTY
2022-11-18 13:48:00,18300,PE,BUY,122.85,,NIFTY
2022-11-18 13:48:01,18300,CE,SELL,99.25,-0.29999999999999716,NIFTY
2022-11-18 13:48:01,18300,PE,SELL,123.2,0.3500000000000085,NIFTY
2022-11-18 13:48:01,18250,CE,BUY,126.05,,NIFTY
2022-11-18 13:48:01,18250,PE,BUY,99.4,,NIFTY
2022-11-18 13:48:02,18250,CE,SELL,126.2,0.15000000000000568,NIFTY
2022-11-18 13:48:02,18250,PE,SELL,99.4,0.0,NIFTY
2022-11-18 13:48:02,18300,CE,BUY,99.2,,NIFTY
2022-11-18 13:48:02,18300,PE,BUY,123.2,,NIFTY
2022-11-18 13:48:03,18300,CE,SELL,99.2,0.0,NIFTY
2022-11-18 13:48:03,18300,PE,SELL,123.2,0.0,NIFTY
2022-11-18 13:48:03,18250,CE,BUY,125.85,,NIFTY
2022-11-18 13:48:03,18250,PE,BUY,99.75,,NIFTY
2022-11-18 13:48:04,18250,CE,SELL,125.85,0.0,NIFTY
2022-11-18 13:48:04,18250,PE,SELL,99.7,-0.04999999999999716,NIFTY
2022-11-18 13:48:04,18300,CE,BUY,99.2,,NIFTY
2022-11-18 13:48:04,18300,PE,BUY,122.95,,NIFTY
2022-11-18 13:48:10,18300,CE,SELL,99.15,-0.04999999999999716,NIFTY
2022-11-18 13:48:10,18300,PE,SELL,123.1,0.14999999999999147,NIFTY
2022-11-18 13:48:10,18250,CE,BUY,125.85,,NIFTY
2022-11-18 13:48:10,18250,PE,BUY,99.5,,NIFTY
2022-11-18 13:48:11,18250,CE,SELL,126.05,0.20000000000000284,NIFTY
2022-11-18 13:48:11,18250,PE,SELL,99.1,-0.4000000000000057,NIFTY
2022-11-18 13:48:11,18300,CE,BUY,99.3,,NIFTY
2022-11-18 13:48:11,18300,PE,BUY,123.0,,NIFTY
2022-11-18 13:49:04,18300,CE,SELL,99.4,0.10000000000000853,NIFTY
2022-11-18 13:49:04,18300,PE,SELL,123.3,0.29999999999999716,NIFTY
2022-11-18 13:49:04,18250,CE,BUY,126.35,,NIFTY
2022-11-18 13:49:04,18250,PE,BUY,99.8,,NIFTY
2022-11-18 13:49:06,18250,CE,SELL,126.35,0.0,NIFTY
2022-11-18 13:49:06,18250,PE,SELL,99.7,-0.09999999999999432,NIFTY
2022-11-18 13:49:06,18300,CE,BUY,99.4,,NIFTY
2022-11-18 13:49:06,18300,PE,BUY,123.0,,NIFTY
2022-11-18 13:49:07,18300,CE,SELL,99.4,0.0,NIFTY
2022-11-18 13:49:07,18300,PE,SELL,123.05,0.04999999999999716,NIFTY
2022-11-18 13:49:07,18250,CE,BUY,126.35,,NIFTY
2022-11-18 13:49:07,18250,PE,BUY,99.5,,NIFTY
2022-11-18 13:49:08,18250,CE,SELL,126.55,0.20000000000000284,NIFTY
2022-11-18 13:49:08,18250,PE,SELL,99.2,-0.29999999999999716,NIFTY
2022-11-18 13:49:08,18300,CE,BUY,99.6,,NIFTY
2022-11-18 13:49:08,18300,PE,BUY,122.95,,NIFTY
2022-11-18 13:49:09,18300,CE,SELL,99.65,0.05000000000001137,NIFTY
2022-11-18 13:49:09,18300,PE,SELL,122.85,-0.10000000000000853,NIFTY
2022-11-18 13:49:09,18250,CE,BUY,126.6,,NIFTY
2022-11-18 13:49:09,18250,PE,BUY,99.35,,NIFTY
2022-11-18 13:49:10,18250,CE,SELL,127.0,0.4000000000000057,NIFTY
2022-11-18 13:49:10,18250,PE,SELL,99.35,0.0,NIFTY
2022-11-18 13:49:10,18300,CE,BUY,99.65,,NIFTY
2022-11-18 13:49:10,18300,PE,BUY,122.7,,NIFTY
2022-11-18 13:49:13,18300,CE,SELL,99.7,0.04999999999999716,NIFTY
2022-11-18 13:49:13,18300,PE,SELL,122.65,-0.04999999999999716,NIFTY
2022-11-18 13:49:13,18250,CE,BUY,126.9,,NIFTY
2022-11-18 13:49:13,18250,PE,BUY,99.2,,NIFTY
2022-11-18 13:49:16,18250,CE,SELL,127.1,0.19999999999998863,NIFTY
2022-11-18 13:49:16,18250,PE,SELL,98.6,-0.6000000000000085,NIFTY
2022-11-18 13:49:16,18300,CE,BUY,100.35,,NIFTY
2022-11-18 13:49:16,18300,PE,BUY,121.9,,NIFTY
2022-11-18 13:49:53,18300,CE,SELL,99.25,-1.0999999999999943,NIFTY
2022-11-18 13:49:53,18300,PE,SELL,123.9,2.0,NIFTY
2022-11-18 13:49:53,18250,CE,BUY,126.25,,NIFTY
2022-11-18 13:49:53,18250,PE,BUY,100.4,,NIFTY
2022-11-18 13:50:00,18250,CE,SELL,126.8,0.5499999999999972,NIFTY
2022-11-18 13:50:00,18250,PE,SELL,99.55,-0.8500000000000085,NIFTY
2022-11-18 13:50:00,18300,CE,BUY,99.6,,NIFTY
2022-11-18 13:50:00,18300,PE,BUY,123.25,,NIFTY
2022-11-18 13:50:01,18300,CE,SELL,99.35,-0.25,NIFTY
2022-11-18 13:50:01,18300,PE,SELL,123.75,0.5,NIFTY
2022-11-18 13:50:01,18250,CE,BUY,126.25,,NIFTY
2022-11-18 13:50:01,18250,PE,BUY,100.15,,NIFTY
2022-11-18 13:50:10,18250,CE,SELL,125.65,-0.5999999999999943,NIFTY
2022-11-18 13:50:10,18250,PE,SELL,100.4,0.25,NIFTY
2022-11-18 13:50:10,18300,CE,BUY,98.9,,NIFTY
2022-11-18 13:50:10,18300,PE,BUY,124.2,,NIFTY
2022-11-18 13:50:14,18300,CE,SELL,99.0,0.09999999999999432,NIFTY
2022-11-18 13:50:14,18300,PE,SELL,123.55,-0.6500000000000057,NIFTY
2022-11-18 13:50:14,18250,CE,BUY,125.9,,NIFTY
2022-11-18 13:50:14,18250,PE,BUY,100.15,,NIFTY
2022-11-18 13:50:16,18250,CE,SELL,126.4,0.5,NIFTY
2022-11-18 13:50:16,18250,PE,SELL,99.9,-0.25,NIFTY
2022-11-18 13:50:16,18300,CE,BUY,99.45,,NIFTY
2022-11-18 13:50:16,18300,PE,BUY,123.5,,NIFTY
2022-11-18 13:50:17,18300,CE,SELL,99.2,-0.25,NIFTY
2022-11-18 13:50:17,18300,PE,SELL,123.0,-0.5,NIFTY
2022-11-18 13:50:17,18250,CE,BUY,126.0,,NIFTY
2022-11-18 13:50:17,18250,PE,BUY,99.75,,NIFTY
2022-11-18 13:50:19,18250,CE,SELL,126.95,0.9500000000000028,NIFTY
2022-11-18 13:50:19,18250,PE,SELL,99.25,-0.5,NIFTY
2022-11-18 13:50:19,18300,CE,BUY,99.7,,NIFTY
2022-11-18 13:50:19,18300,PE,BUY,122.7,,NIFTY
2022-11-18 13:53:14,18300,CE,SELL,99.25,-0.45000000000000284,NIFTY
2022-11-18 13:53:14,18300,PE,SELL,124.1,1.3999999999999915,NIFTY
2022-11-18 13:53:14,18250,CE,BUY,126.0,,NIFTY
2022-11-18 13:53:14,18250,PE,BUY,100.5,,NIFTY
2022-11-18 14:08:09,18250,CE,SELL,124.05,-1.9500000000000028,NIFTY
2022-11-18 14:08:09,18250,PE,SELL,98.05,-2.450000000000003,NIFTY
2022-11-18 14:08:09,18300,CE,BUY,97.25,,NIFTY
2022-11-18 14:08:09,18300,PE,BUY,121.95,,NIFTY
2022-11-18 14:08:16,18300,CE,SELL,97.05,-0.20000000000000284,NIFTY
2022-11-18 14:08:16,18300,PE,SELL,123.0,1.0499999999999972,NIFTY
2022-11-18 14:08:16,18250,CE,BUY,123.8,,NIFTY
2022-11-18 14:08:16,18250,PE,BUY,98.9,,NIFTY
2022-11-18 14:09:50,18250,CE,SELL,124.75,0.9500000000000028,NIFTY
2022-11-18 14:09:50,18250,PE,SELL,98.55,-0.3500000000000085,NIFTY
2022-11-18 14:09:50,18300,CE,BUY,97.8,,NIFTY
2022-11-18 14:09:50,18300,PE,BUY,122.0,,NIFTY
2022-11-18 14:10:04,18300,CE,SELL,97.2,-0.5999999999999943,NIFTY
2022-11-18 14:10:04,18300,PE,SELL,123.4,1.4000000000000057,NIFTY
2022-11-18 14:10:04,18250,CE,BUY,123.9,,NIFTY
2022-11-18 14:10:04,18250,PE,BUY,99.45,,NIFTY
2022-11-18 14:10:06,18250,CE,SELL,124.25,0.3499999999999943,NIFTY
2022-11-18 14:10:06,18250,PE,SELL,99.05,-0.4000000000000057,NIFTY
2022-11-18 14:10:06,18300,CE,BUY,97.6,,NIFTY
2022-11-18 14:10:06,18300,PE,BUY,122.5,,NIFTY
2022-11-18 14:10:12,18300,CE,SELL,97.55,-0.04999999999999716,NIFTY
2022-11-18 14:10:12,18300,PE,SELL,122.45,-0.04999999999999716,NIFTY
2022-11-18 14:10:12,18250,CE,BUY,124.1,,NIFTY
2022-11-18 14:10:12,18250,PE,BUY,98.85,,NIFTY
2022-11-18 14:10:13,18250,CE,SELL,124.1,0.0,NIFTY
2022-11-18 14:10:13,18250,PE,SELL,99.1,0.25,NIFTY
2022-11-18 14:10:13,18300,CE,BUY,97.6,,NIFTY
2022-11-18 14:10:13,18300,PE,BUY,123.0,,NIFTY
2022-11-18 14:10:32,18300,CE,SELL,97.7,0.10000000000000853,NIFTY
2022-11-18 14:10:32,18300,PE,SELL,122.5,-0.5,NIFTY
2022-11-18 14:10:32,18250,CE,BUY,124.4,,NIFTY
2022-11-18 14:10:32,18250,PE,BUY,98.85,,NIFTY
2022-11-18 14:10:34,18250,CE,SELL,124.85,0.44999999999998863,NIFTY
2022-11-18 14:10:34,18250,PE,SELL,98.6,-0.25,NIFTY
2022-11-18 14:10:34,18300,CE,BUY,98.1,,NIFTY
2022-11-18 14:10:34,18300,PE,BUY,122.3,,NIFTY
2022-11-18 14:11:59,18300,CE,SELL,96.55,-1.5499999999999972,NIFTY
2022-11-18 14:11:59,18300,PE,SELL,123.5,1.2000000000000028,NIFTY
2022-11-18 14:11:59,18250,CE,BUY,123.15,,NIFTY
2022-11-18 14:11:59,18250,PE,BUY,99.65,,NIFTY
2022-11-18 14:18:18,18250,CE,SELL,124.35,1.1999999999999886,NIFTY
2022-11-18 14:18:18,18250,PE,SELL,98.9,-0.75,NIFTY
2022-11-18 14:18:18,18300,CE,BUY,97.4,,NIFTY
2022-11-18 14:18:18,18300,PE,BUY,122.45,,NIFTY
2022-11-18 14:18:20,18300,CE,SELL,97.15,-0.25,NIFTY
2022-11-18 14:18:20,18300,PE,SELL,122.6,0.14999999999999147,NIFTY
2022-11-18 14:18:20,18250,CE,BUY,124.2,,NIFTY
2022-11-18 14:18:20,18250,PE,BUY,99.15,,NIFTY
2022-11-18 14:18:51,18250,CE,SELL,124.35,0.14999999999999147,NIFTY
2022-11-18 14:18:51,18250,PE,SELL,99.0,-0.15000000000000568,NIFTY
2022-11-18 14:18:51,18300,CE,BUY,97.65,,NIFTY
2022-11-18 14:18:51,18300,PE,BUY,122.75,,NIFTY
2022-11-18 14:19:03,18300,CE,SELL,97.55,-0.10000000000000853,NIFTY
2022-11-18 14:19:03,18300,PE,SELL,123.4,0.6500000000000057,NIFTY
2022-11-18 14:19:03,18250,CE,BUY,124.6,,NIFTY
2022-11-18 14:19:03,18250,PE,BUY,99.0,,NIFTY
2022-11-18 14:23:03,18250,CE,SELL,125.2,0.6000000000000085,NIFTY
2022-11-18 14:23:03,18250,PE,SELL,96.75,-2.25,NIFTY
2022-11-18 14:23:03,18300,CE,BUY,98.1,,NIFTY
2022-11-18 14:23:03,18300,PE,BUY,120.4,,NIFTY
2022-11-18 14:23:35,18300,CE,SELL,97.5,-0.5999999999999943,NIFTY
2022-11-18 14:23:35,18300,PE,SELL,120.85,0.44999999999998863,NIFTY
2022-11-18 14:23:35,18250,CE,BUY,124.4,,NIFTY
2022-11-18 14:23:35,18250,PE,BUY,97.5,,NIFTY
2022-11-18 14:23:37,18250,CE,SELL,124.5,0.09999999999999432,NIFTY
2022-11-18 14:23:37,18250,PE,SELL,97.3,-0.20000000000000284,NIFTY
2022-11-18 14:23:37,18300,CE,BUY,97.5,,NIFTY
2022-11-18 14:23:37,18300,PE,BUY,121.05,,NIFTY
2022-11-18 14:23:50,18300,CE,SELL,97.6,0.09999999999999432,NIFTY
2022-11-18 14:23:50,18300,PE,SELL,121.2,0.15000000000000568,NIFTY
2022-11-18 14:23:50,18250,CE,BUY,124.45,,NIFTY
2022-11-18 14:23:50,18250,PE,BUY,97.55,,NIFTY
2022-11-18 14:23:51,18250,CE,SELL,124.35,-0.10000000000000853,NIFTY
2022-11-18 14:23:51,18250,PE,SELL,97.1,-0.45000000000000284,NIFTY
2022-11-18 14:23:51,18300,CE,BUY,97.55,,NIFTY
2022-11-18 14:23:51,18300,PE,BUY,120.8,,NIFTY
2022-11-18 14:40:13,18300,CE,SELL,118.85,21.299999999999997,NIFTY
2022-11-18 14:40:13,18300,PE,SELL,93.4,-27.39999999999999,NIFTY
2022-11-18 14:40:13,18350,CE,BUY,92.4,,NIFTY
2022-11-18 14:40:13,18350,PE,BUY,116.8,,NIFTY
2022-11-18 14:40:31,18350,CE,SELL,91.15,-1.25,NIFTY
2022-11-18 14:40:31,18350,PE,SELL,117.0,0.20000000000000284,NIFTY
2022-11-18 14:40:31,18300,CE,BUY,117.65,,NIFTY
2022-11-18 14:40:31,18300,PE,BUY,93.55,,NIFTY
2022-11-18 14:51:50,18300,CE,SELL,119.85,2.1999999999999886,NIFTY
2022-11-18 14:51:50,18300,PE,SELL,93.8,0.25,NIFTY
2022-11-18 14:51:50,18350,CE,BUY,93.2,,NIFTY
2022-11-18 14:51:50,18350,PE,BUY,116.75,,NIFTY
2022-11-18 14:54:20,18350,CE,SELL,90.85,-2.3500000000000085,NIFTY
2022-11-18 14:54:20,18350,PE,SELL,117.5,0.75,NIFTY
2022-11-18 14:54:20,18300,CE,BUY,117.15,,NIFTY
2022-11-18 14:54:20,18300,PE,BUY,94.35,,NIFTY
2022-11-18 14:54:21,18300,CE,SELL,117.35,0.19999999999998863,NIFTY
2022-11-18 14:54:21,18300,PE,SELL,94.2,-0.14999999999999147,NIFTY
2022-11-18 14:54:21,18350,CE,BUY,91.25,,NIFTY
2022-11-18 14:54:21,18350,PE,BUY,117.6,,NIFTY
2022-11-18 14:54:22,18350,CE,SELL,90.85,-0.4000000000000057,NIFTY
2022-11-18 14:54:22,18350,PE,SELL,117.65,0.05000000000001137,NIFTY
2022-11-18 14:54:22,18300,CE,BUY,117.05,,NIFTY
2022-11-18 14:54:22,18300,PE,BUY,94.25,,NIFTY
2022-11-18 14:54:25,18300,CE,SELL,118.0,0.9500000000000028,NIFTY
2022-11-18 14:54:25,18300,PE,SELL,93.75,-0.5,NIFTY
2022-11-18 14:54:25,18350,CE,BUY,91.55,,NIFTY
2022-11-18 14:54:25,18350,PE,BUY,116.75,,NIFTY
2022-11-18 14:54:46,18350,CE,SELL,91.15,-0.3999999999999915,NIFTY
2022-11-18 14:54:46,18350,PE,SELL,117.7,0.9500000000000028,NIFTY
2022-11-18 14:54:46,18300,CE,BUY,117.6,,NIFTY
2022-11-18 14:54:46,18300,PE,BUY,94.35,,NIFTY
2022-11-18 14:54:47,18300,CE,SELL,117.8,0.20000000000000284,NIFTY
2022-11-18 14:54:47,18300,PE,SELL,94.4,0.05000000000001137,NIFTY
2022-11-18 14:54:47,18350,CE,BUY,91.3,,NIFTY
2022-11-18 14:54:47,18350,PE,BUY,117.75,,NIFTY
2022-11-18 14:54:51,18350,CE,SELL,90.5,-0.7999999999999972,NIFTY
2022-11-18 14:54:51,18350,PE,SELL,118.3,0.5499999999999972,NIFTY
2022-11-18 14:54:51,18300,CE,BUY,117.0,,NIFTY
2022-11-18 14:54:51,18300,PE,BUY,95.05,,NIFTY
2022-11-18 14:54:55,18300,CE,SELL,117.35,0.3499999999999943,NIFTY
2022-11-18 14:54:55,18300,PE,SELL,94.4,-0.6499999999999915,NIFTY
2022-11-18 14:54:55,18350,CE,BUY,91.15,,NIFTY
2022-11-18 14:54:55,18350,PE,BUY,117.85,,NIFTY
2022-11-18 14:54:57,18350,CE,SELL,91.05,-0.10000000000000853,NIFTY
2022-11-18 14:54:57,18350,PE,SELL,117.9,0.05000000000001137,NIFTY
2022-11-18 14:54:57,18300,CE,BUY,117.5,,NIFTY
2022-11-18 14:54:57,18300,PE,BUY,94.5,,NIFTY
2022-11-18 14:54:59,18300,CE,SELL,117.4,-0.09999999999999432,NIFTY
2022-11-18 14:54:59,18300,PE,SELL,94.5,0.0,NIFTY
2022-11-18 14:54:59,18350,CE,BUY,91.0,,NIFTY
2022-11-18 14:54:59,18350,PE,BUY,117.6,,NIFTY
2022-11-18 14:55:00,18350,CE,SELL,90.6,-0.4000000000000057,NIFTY
2022-11-18 14:55:00,18350,PE,SELL,117.7,0.10000000000000853,NIFTY
2022-11-18 14:55:00,18300,CE,BUY,117.0,,NIFTY
2022-11-18 14:55:00,18300,PE,BUY,94.4,,NIFTY
2022-11-18 14:55:01,18300,CE,SELL,117.95,0.9500000000000028,NIFTY
2022-11-18 14:55:01,18300,PE,SELL,94.25,-0.15000000000000568,NIFTY
2022-11-18 14:55:01,18350,CE,BUY,91.25,,NIFTY
2022-11-18 14:55:01,18350,PE,BUY,117.7,,NIFTY
2022-11-18 14:55:03,18350,CE,SELL,91.5,0.25,NIFTY
2022-11-18 14:55:03,18350,PE,SELL,117.5,-0.20000000000000284,NIFTY
2022-11-18 14:55:03,18300,CE,BUY,117.9,,NIFTY
2022-11-18 14:55:03,18300,PE,BUY,94.15,,NIFTY
2022-11-18 14:55:06,18300,CE,SELL,118.5,0.5999999999999943,NIFTY
2022-11-18 14:55:06,18300,PE,SELL,94.0,-0.15000000000000568,NIFTY
2022-11-18 14:55:06,18350,CE,BUY,91.85,,NIFTY
2022-11-18 14:55:06,18350,PE,BUY,117.25,,NIFTY
2022-11-18 14:55:11,18350,CE,SELL,91.1,-0.75,NIFTY
2022-11-18 14:55:11,18350,PE,SELL,118.15,0.9000000000000057,NIFTY
2022-11-18 14:55:11,18300,CE,BUY,117.45,,NIFTY
2022-11-18 14:55:11,18300,PE,BUY,94.75,,NIFTY
2022-11-18 14:57:43,18300,CE,SELL,118.9,1.4500000000000028,NIFTY
2022-11-18 14:57:43,18300,PE,SELL,94.55,-0.20000000000000284,NIFTY
2022-11-18 14:57:43,18350,CE,BUY,91.95,,NIFTY
2022-11-18 14:57:43,18350,PE,BUY,117.55,,NIFTY
2022-11-18 14:58:46,18350,CE,SELL,93.15,1.2000000000000028,NIFTY
2022-11-18 14:58:46,18350,PE,SELL,116.7,-0.8499999999999943,NIFTY
2022-11-18 14:58:46,18300,CE,BUY,119.75,,NIFTY
2022-11-18 14:58:46,18300,PE,BUY,93.5,,NIFTY
2022-11-18 14:58:47,18300,CE,SELL,119.35,-0.4000000000000057,NIFTY
2022-11-18 14:58:47,18300,PE,SELL,93.7,0.20000000000000284,NIFTY
2022-11-18 14:58:47,18350,CE,BUY,92.85,,NIFTY
2022-11-18 14:58:47,18350,PE,BUY,117.0,,NIFTY
2022-11-18 15:11:35,18350,CE,SELL,116.5,23.650000000000006,NIFTY
2022-11-18 15:11:35,18350,PE,SELL,91.0,-26.0,NIFTY
2022-11-18 15:11:35,18400,CE,BUY,90.0,,NIFTY
2022-11-18 15:11:35,18400,PE,BUY,114.15,,NIFTY
2022-11-18 15:12:25,18400,CE,SELL,87.7,-2.299999999999997,NIFTY
2022-11-18 15:12:25,18400,PE,SELL,114.05,-0.10000000000000853,NIFTY
2022-11-18 15:12:25,18350,CE,BUY,114.3,,NIFTY
2022-11-18 15:12:25,18350,PE,BUY,90.4,,NIFTY
2022-11-18 15:12:30,18350,CE,SELL,115.2,0.9000000000000057,NIFTY
2022-11-18 15:12:30,18350,PE,SELL,90.25,-0.15000000000000568,NIFTY
2022-11-18 15:12:30,18400,CE,BUY,88.5,,NIFTY
2022-11-18 15:12:30,18400,PE,BUY,113.8,,NIFTY
2022-11-18 15:12:31,18400,CE,SELL,88.05,-0.45000000000000284,NIFTY
2022-11-18 15:12:31,18400,PE,SELL,113.45,-0.3499999999999943,NIFTY
2022-11-18 15:12:31,18350,CE,BUY,114.95,,NIFTY
2022-11-18 15:12:31,18350,PE,BUY,90.35,,NIFTY
2022-11-18 15:12:33,18350,CE,SELL,115.3,0.3499999999999943,NIFTY
2022-11-18 15:12:33,18350,PE,SELL,90.6,0.25,NIFTY
2022-11-18 15:12:33,18400,CE,BUY,88.6,,NIFTY
2022-11-18 15:12:33,18400,PE,BUY,113.5,,NIFTY
2022-11-18 15:12:34,18400,CE,SELL,88.6,0.0,NIFTY
2022-11-18 15:12:34,18400,PE,SELL,113.5,0.0,NIFTY
2022-11-18 15:12:34,18350,CE,BUY,115.45,,NIFTY
2022-11-18 15:12:34,18350,PE,BUY,90.6,,NIFTY
2022-11-18 15:12:36,18350,CE,SELL,115.2,-0.25,NIFTY
2022-11-18 15:12:36,18350,PE,SELL,90.45,-0.14999999999999147,NIFTY
2022-11-18 15:12:36,18400,CE,BUY,88.4,,NIFTY
2022-11-18 15:12:36,18400,PE,BUY,113.5,,NIFTY
2022-11-18 15:12:37,18400,CE,SELL,88.45,0.04999999999999716,NIFTY
2022-11-18 15:12:37,18400,PE,SELL,113.8,0.29999999999999716,NIFTY
2022-11-18 15:12:37,18350,CE,BUY,115.15,,NIFTY
2022-11-18 15:12:37,18350,PE,BUY,90.7,,NIFTY
2022-11-18 15:15:03,18350,CE,SELL,114.8,-0.3500000000000085,NIFTY
2022-11-18 15:15:03,18350,PE,SELL,90.35,-0.3500000000000085,NIFTY
2022-11-18 15:15:03,18400,CE,BUY,88.2,,NIFTY
2022-11-18 15:15:03,18400,PE,BUY,113.45,,NIFTY
2022-11-18 15:15:05,18400,CE,SELL,88.3,0.09999999999999432,NIFTY
2022-11-18 15:15:05,18400,PE,SELL,113.65,0.20000000000000284,NIFTY
2022-11-18 15:15:05,18350,CE,BUY,115.0,,NIFTY
2022-11-18 15:15:05,18350,PE,BUY,90.5,,NIFTY
2022-11-18 15:15:06,18350,CE,SELL,115.0,0.0,NIFTY
2022-11-18 15:15:06,18350,PE,SELL,90.7,0.20000000000000284,NIFTY
2022-11-18 15:15:06,18400,CE,BUY,88.3,,NIFTY
2022-11-18 15:15:06,18400,PE,BUY,114.05,,NIFTY
2022-11-18 15:15:08,18400,CE,SELL,87.4,-0.8999999999999915,NIFTY
2022-11-18 15:15:08,18400,PE,SELL,114.75,0.7000000000000028,NIFTY
2022-11-18 15:15:08,18350,CE,BUY,113.9,,NIFTY
2022-11-18 15:15:08,18350,PE,BUY,91.0,,NIFTY
2022-11-18 15:30:00,18350,CE,SELL,92.7,-21.200000000000003,NIFTY
2022-11-18 15:30:00,18350,PE,SELL,98.8,7.799999999999997,NIFTY
2022-11-21 09:15:00,18250,CE,BUY,120.9,,NIFTY
2022-11-21 09:15:00,18250,PE,BUY,79.05,,NIFTY
2022-11-21 09:15:06,18250,CE,SELL,103.8,-17.10000000000001,NIFTY
2022-11-21 09:15:06,18250,PE,SELL,81.5,2.450000000000003,NIFTY
2022-11-21 09:15:06,18300,CE,BUY,77.75,,NIFTY
2022-11-21 09:15:06,18300,PE,BUY,103.5,,NIFTY
2022-11-21 09:15:07,18300,CE,SELL,77.75,0.0,NIFTY
2022-11-21 09:15:07,18300,PE,SELL,103.5,0.0,NIFTY
2022-11-21 09:15:07,18250,CE,BUY,103.8,,NIFTY
2022-11-21 09:15:07,18250,PE,BUY,80.0,,NIFTY
2022-11-21 09:22:01,18250,CE,SELL,78.35,-25.450000000000003,NIFTY
2022-11-21 09:22:01,18250,PE,SELL,103.0,23.0,NIFTY
2022-11-21 09:22:01,18200,CE,BUY,104.1,,NIFTY
2022-11-21 09:22:01,18200,PE,BUY,78.65,,NIFTY
2022-11-21 09:22:03,18200,CE,SELL,103.9,-0.19999999999998863,NIFTY
2022-11-21 09:22:03,18200,PE,SELL,79.4,0.75,NIFTY
2022-11-21 09:22:03,18250,CE,BUY,78.15,,NIFTY
2022-11-21 09:22:03,18250,PE,BUY,104.65,,NIFTY
2022-11-21 09:22:04,18250,CE,SELL,77.3,-0.8500000000000085,NIFTY
2022-11-21 09:22:04,18250,PE,SELL,104.4,-0.25,NIFTY
2022-11-21 09:22:04,18200,CE,BUY,102.55,,NIFTY
2022-11-21 09:22:04,18200,PE,BUY,79.8,,NIFTY
2022-11-21 09:22:06,18200,CE,SELL,103.5,0.9500000000000028,NIFTY
2022-11-21 09:22:06,18200,PE,SELL,79.25,-0.5499999999999972,NIFTY
2022-11-21 09:22:06,18250,CE,BUY,77.05,,NIFTY
2022-11-21 09:22:06,18250,PE,BUY,103.5,,NIFTY
2022-11-21 09:22:11,18250,CE,SELL,77.25,0.20000000000000284,NIFTY
2022-11-21 09:22:11,18250,PE,SELL,104.05,0.5499999999999972,NIFTY
2022-11-21 09:22:11,18200,CE,BUY,102.7,,NIFTY
2022-11-21 09:22:11,18200,PE,BUY,79.65,,NIFTY
2022-11-21 12:33:29,18200,CE,SELL,72.95,-29.75,NIFTY
2022-11-21 12:33:29,18200,PE,SELL,100.5,20.849999999999994,NIFTY
2022-11-21 12:33:29,18150,CE,BUY,97.25,,NIFTY
2022-11-21 12:33:29,18150,PE,BUY,75.65,,NIFTY
2022-11-21 12:33:30,18150,CE,SELL,97.25,0.0,NIFTY
2022-11-21 12:33:30,18150,PE,SELL,75.8,0.14999999999999147,NIFTY
2022-11-21 12:33:30,18200,CE,BUY,72.95,,NIFTY
2022-11-21 12:33:30,18200,PE,BUY,100.9,,NIFTY
2022-11-21 12:33:31,18200,CE,SELL,74.35,1.3999999999999915,NIFTY
2022-11-21 12:33:31,18200,PE,SELL,100.9,0.0,NIFTY
2022-11-21 12:33:31,18150,CE,BUY,99.45,,NIFTY
2022-11-21 12:33:31,18150,PE,BUY,75.8,,NIFTY
2022-11-21 12:34:05,18150,CE,SELL,99.6,0.14999999999999147,NIFTY
2022-11-21 12:34:05,18150,PE,SELL,75.6,-0.20000000000000284,NIFTY
2022-11-21 12:34:05,18200,CE,BUY,75.6,,NIFTY
2022-11-21 12:34:05,18200,PE,BUY,100.35,,NIFTY
2022-11-21 12:34:06,18200,CE,SELL,75.6,0.0,NIFTY
2022-11-21 12:34:06,18200,PE,SELL,100.0,-0.3499999999999943,NIFTY
2022-11-21 12:34:06,18150,CE,BUY,100.95,,NIFTY
2022-11-21 12:34:06,18150,PE,BUY,75.45,,NIFTY
2022-11-21 12:34:07,18150,CE,SELL,101.2,0.25,NIFTY
2022-11-21 12:34:07,18150,PE,SELL,74.95,-0.5,NIFTY
2022-11-21 12:34:07,18200,CE,BUY,76.05,,NIFTY
2022-11-21 12:34:07,18200,PE,BUY,99.25,,NIFTY
2022-11-21 12:48:18,18200,CE,SELL,74.5,-1.5499999999999972,NIFTY
2022-11-21 12:48:18,18200,PE,SELL,100.65,1.4000000000000057,NIFTY
2022-11-21 12:48:18,18150,CE,BUY,99.6,,NIFTY
2022-11-21 12:48:18,18150,PE,BUY,76.15,,NIFTY
2022-11-21 12:48:25,18150,CE,SELL,100.4,0.8000000000000114,NIFTY
2022-11-21 12:48:25,18150,PE,SELL,76.05,-0.10000000000000853,NIFTY
2022-11-21 12:48:25,18200,CE,BUY,75.05,,NIFTY
2022-11-21 12:48:25,18200,PE,BUY,100.75,,NIFTY
2022-11-21 12:48:28,18200,CE,SELL,75.1,0.04999999999999716,NIFTY
2022-11-21 12:48:28,18200,PE,SELL,101.0,0.25,NIFTY
2022-11-21 12:48:28,18150,CE,BUY,100.05,,NIFTY
2022-11-21 12:48:28,18150,PE,BUY,76.25,,NIFTY
2022-11-21 12:48:29,18150,CE,SELL,100.0,-0.04999999999999716,NIFTY
2022-11-21 12:48:29,18150,PE,SELL,76.2,-0.04999999999999716,NIFTY
2022-11-21 12:48:29,18200,CE,BUY,75.8,,NIFTY
2022-11-21 12:48:29,18200,PE,BUY,100.85,,NIFTY
2022-11-21 12:48:34,18200,CE,SELL,75.75,-0.04999999999999716,NIFTY
2022-11-21 12:48:34,18200,PE,SELL,100.95,0.10000000000000853,NIFTY
2022-11-21 12:48:34,18150,CE,BUY,100.95,,NIFTY
2022-11-21 12:48:34,18150,PE,BUY,76.2,,NIFTY
2022-11-21 12:49:13,18150,CE,SELL,101.0,0.04999999999999716,NIFTY
2022-11-21 12:49:13,18150,PE,SELL,75.75,-0.45000000000000284,NIFTY
2022-11-21 12:49:13,18200,CE,BUY,75.85,,NIFTY
2022-11-21 12:49:13,18200,PE,BUY,100.45,,NIFTY
2022-11-21 13:13:09,18200,CE,SELL,73.65,-2.1999999999999886,NIFTY
2022-11-21 13:13:09,18200,PE,SELL,100.0,-0.45000000000000284,NIFTY
2022-11-21 13:13:09,18150,CE,BUY,98.7,,NIFTY
2022-11-21 13:13:09,18150,PE,BUY,75.25,,NIFTY
2022-11-21 13:13:13,18150,CE,SELL,99.7,1.0,NIFTY
2022-11-21 13:13:13,18150,PE,SELL,74.75,-0.5,NIFTY
2022-11-21 13:13:13,18200,CE,BUY,74.35,,NIFTY
2022-11-21 13:13:13,18200,PE,BUY,99.1,,NIFTY
2022-11-21 13:16:22,18200,CE,SELL,74.45,0.10000000000000853,NIFTY
2022-11-21 13:16:22,18200,PE,SELL,101.85,2.75,NIFTY
2022-11-21 13:16:22,18150,CE,BUY,99.65,,NIFTY
2022-11-21 13:16:22,18150,PE,BUY,76.95,,NIFTY
2022-11-21 13:16:43,18150,CE,SELL,99.5,-0.15000000000000568,NIFTY
2022-11-21 13:16:43,18150,PE,SELL,76.75,-0.20000000000000284,NIFTY
2022-11-21 13:16:43,18200,CE,BUY,74.55,,NIFTY
2022-11-21 13:16:43,18200,PE,BUY,101.3,,NIFTY
2022-11-21 13:16:44,18200,CE,SELL,74.2,-0.3499999999999943,NIFTY
2022-11-21 13:16:44,18200,PE,SELL,101.4,0.10000000000000853,NIFTY
2022-11-21 13:16:44,18150,CE,BUY,99.55,,NIFTY
2022-11-21 13:16:44,18150,PE,BUY,76.7,,NIFTY
2022-11-21 13:16:45,18150,CE,SELL,99.55,0.0,NIFTY
2022-11-21 13:16:45,18150,PE,SELL,76.5,-0.20000000000000284,NIFTY
2022-11-21 13:16:45,18200,CE,BUY,74.4,,NIFTY
2022-11-21 13:16:45,18200,PE,BUY,101.25,,NIFTY
2022-11-21 13:16:48,18200,CE,SELL,74.4,0.0,NIFTY
2022-11-21 13:16:48,18200,PE,SELL,101.0,-0.25,NIFTY
2022-11-21 13:16:48,18150,CE,BUY,99.65,,NIFTY
2022-11-21 13:16:48,18150,PE,BUY,76.25,,NIFTY
2022-11-21 13:16:51,18150,CE,SELL,99.8,0.14999999999999147,NIFTY
2022-11-21 13:16:51,18150,PE,SELL,76.15,-0.09999999999999432,NIFTY
2022-11-21 13:16:51,18200,CE,BUY,74.5,,NIFTY
2022-11-21 13:16:51,18200,PE,BUY,100.8,,NIFTY
2022-11-21 13:18:07,18200,CE,SELL,74.8,0.29999999999999716,NIFTY
2022-11-21 13:18:07,18200,PE,SELL,101.15,0.3500000000000085,NIFTY
2022-11-21 13:18:07,18150,CE,BUY,100.0,,NIFTY
2022-11-21 13:18:07,18150,PE,BUY,76.25,,NIFTY
2022-11-21 13:18:08,18150,CE,SELL,100.0,0.0,NIFTY
2022-11-21 13:18:08,18150,PE,SELL,76.25,0.0,NIFTY
2022-11-21 13:18:08,18200,CE,BUY,74.9,,NIFTY
2022-11-21 13:18:08,18200,PE,BUY,100.8,,NIFTY
2022-11-21 13:18:31,18200,CE,SELL,74.5,-0.4000000000000057,NIFTY
2022-11-21 13:18:31,18200,PE,SELL,101.35,0.5499999999999972,NIFTY
2022-11-21 13:18:31,18150,CE,BUY,99.65,,NIFTY
2022-11-21 13:18:31,18150,PE,BUY,76.7,,NIFTY
2022-11-21 13:18:32,18150,CE,SELL,99.9,0.25,NIFTY
2022-11-21 13:18:32,18150,PE,SELL,76.65,-0.04999999999999716,NIFTY
2022-11-21 13:18:32,18200,CE,BUY,74.8,,NIFTY
2022-11-21 13:18:32,18200,PE,BUY,101.55,,NIFTY
2022-11-21 13:18:34,18200,CE,SELL,74.9,0.10000000000000853,NIFTY
2022-11-21 13:18:34,18200,PE,SELL,101.2,-0.3499999999999943,NIFTY
2022-11-21 13:18:34,18150,CE,BUY,99.9,,NIFTY
2022-11-21 13:18:34,18150,PE,BUY,76.5,,NIFTY
2022-11-21 13:18:39,18150,CE,SELL,99.95,0.04999999999999716,NIFTY
2022-11-21 13:18:39,18150,PE,SELL,76.2,-0.29999999999999716,NIFTY
2022-11-21 13:18:39,18200,CE,BUY,74.8,,NIFTY
2022-11-21 13:18:39,18200,PE,BUY,100.8,,NIFTY
2022-11-21 13:18:40,18200,CE,SELL,74.4,-0.3999999999999915,NIFTY
2022-11-21 13:18:40,18200,PE,SELL,101.05,0.25,NIFTY
2022-11-21 13:18:40,18150,CE,BUY,99.95,,NIFTY
2022-11-21 13:18:40,18150,PE,BUY,76.3,,NIFTY
2022-11-21 13:27:16,18150,CE,SELL,99.95,0.0,NIFTY
2022-11-21 13:27:16,18150,PE,SELL,75.7,-0.5999999999999943,NIFTY
2022-11-21 13:27:16,18200,CE,BUY,74.7,,NIFTY
2022-11-21 13:27:16,18200,PE,BUY,100.55,,NIFTY
2022-11-21 13:28:07,18200,CE,SELL,74.5,-0.20000000000000284,NIFTY
2022-11-21 13:28:07,18200,PE,SELL,101.2,0.6500000000000057,NIFTY
2022-11-21 13:28:07,18150,CE,BUY,99.7,,NIFTY
2022-11-21 13:28:07,18150,PE,BUY,76.55,,NIFTY
2022-11-21 13:28:08,18150,CE,SELL,99.95,0.25,NIFTY
2022-11-21 13:28:08,18150,PE,SELL,76.55,0.0,NIFTY
2022-11-21 13:28:08,18200,CE,BUY,74.6,,NIFTY
2022-11-21 13:28:08,18200,PE,BUY,101.4,,NIFTY
2022-11-21 14:25:05,18200,CE,SELL,74.35,-0.25,NIFTY
2022-11-21 14:25:05,18200,PE,SELL,100.85,-0.5500000000000114,NIFTY
2022-11-21 14:25:05,18150,CE,BUY,99.45,,NIFTY
2022-11-21 14:25:05,18150,PE,BUY,76.1,,NIFTY
2022-11-21 14:25:20,18150,CE,SELL,100.6,1.1499999999999915,NIFTY
2022-11-21 14:25:20,18150,PE,SELL,75.5,-0.5999999999999943,NIFTY
2022-11-21 14:25:20,18200,CE,BUY,75.3,,NIFTY
2022-11-21 14:25:20,18200,PE,BUY,100.25,,NIFTY
2022-11-21 14:25:22,18200,CE,SELL,75.3,0.0,NIFTY
2022-11-21 14:25:22,18200,PE,SELL,99.35,-0.9000000000000057,NIFTY
2022-11-21 14:25:22,18150,CE,BUY,100.7,,NIFTY
2022-11-21 14:25:22,18150,PE,BUY,74.9,,NIFTY
2022-11-21 14:25:25,18150,CE,SELL,100.6,-0.10000000000000853,NIFTY
2022-11-21 14:25:25,18150,PE,SELL,74.7,-0.20000000000000284,NIFTY
2022-11-21 14:25:25,18200,CE,BUY,75.2,,NIFTY
2022-11-21 14:25:25,18200,PE,BUY,99.15,,NIFTY
2022-11-21 14:28:20,18200,CE,SELL,74.75,-0.45000000000000284,NIFTY
2022-11-21 14:28:20,18200,PE,SELL,99.7,0.5499999999999972,NIFTY
2022-11-21 14:28:20,18150,CE,BUY,100.2,,NIFTY
2022-11-21 14:28:20,18150,PE,BUY,75.3,,NIFTY
2022-11-21 14:29:08,18150,CE,SELL,100.0,-0.20000000000000284,NIFTY
2022-11-21 14:29:08,18150,PE,SELL,75.5,0.20000000000000284,NIFTY
2022-11-21 14:29:08,18200,CE,BUY,74.8,,NIFTY
2022-11-21 14:29:08,18200,PE,BUY,100.5,,NIFTY
2022-11-21 14:29:09,18200,CE,SELL,74.8,0.0,NIFTY
2022-11-21 14:29:09,18200,PE,SELL,100.0,-0.5,NIFTY
2022-11-21 14:29:09,18150,CE,BUY,100.0,,NIFTY
2022-11-21 14:29:09,18150,PE,BUY,75.5,,NIFTY
2022-11-21 14:29:10,18150,CE,SELL,100.1,0.09999999999999432,NIFTY
2022-11-21 14:29:10,18150,PE,SELL,75.4,-0.09999999999999432,NIFTY
2022-11-21 14:29:10,18200,CE,BUY,74.7,,NIFTY
2022-11-21 14:29:10,18200,PE,BUY,99.95,,NIFTY
2022-11-21 14:29:12,18200,CE,SELL,74.5,-0.20000000000000284,NIFTY
2022-11-21 14:29:12,18200,PE,SELL,100.25,0.29999999999999716,NIFTY
2022-11-21 14:29:12,18150,CE,BUY,100.05,,NIFTY
2022-11-21 14:29:12,18150,PE,BUY,75.5,,NIFTY
2022-11-21 14:29:59,18150,CE,SELL,100.25,0.20000000000000284,NIFTY
2022-11-21 14:29:59,18150,PE,SELL,75.4,-0.09999999999999432,NIFTY
2022-11-21 14:29:59,18200,CE,BUY,74.85,,NIFTY
2022-11-21 14:29:59,18200,PE,BUY,99.85,,NIFTY
2022-11-21 14:30:00,18200,CE,SELL,74.65,-0.19999999999998863,NIFTY
2022-11-21 14:30:00,18200,PE,SELL,100.55,0.7000000000000028,NIFTY
2022-11-21 14:30:00,18150,CE,BUY,99.95,,NIFTY
2022-11-21 14:30:00,18150,PE,BUY,75.65,,NIFTY
2022-11-21 14:30:17,18150,CE,SELL,101.3,1.3499999999999943,NIFTY
2022-11-21 14:30:17,18150,PE,SELL,74.85,-0.8000000000000114,NIFTY
2022-11-21 14:30:17,18200,CE,BUY,75.5,,NIFTY
2022-11-21 14:30:17,18200,PE,BUY,99.4,,NIFTY
2022-11-21 14:33:34,18200,CE,SELL,74.45,-1.0499999999999972,NIFTY
2022-11-21 14:33:34,18200,PE,SELL,100.95,1.5499999999999972,NIFTY
2022-11-21 14:33:34,18150,CE,BUY,99.95,,NIFTY
2022-11-21 14:33:34,18150,PE,BUY,76.05,,NIFTY
2022-11-21 14:34:07,18150,CE,SELL,101.35,1.3999999999999915,NIFTY
2022-11-21 14:34:07,18150,PE,SELL,75.15,-0.8999999999999915,NIFTY
2022-11-21 14:34:07,18200,CE,BUY,75.65,,NIFTY
2022-11-21 14:34:07,18200,PE,BUY,99.45,,NIFTY
2022-11-21 14:34:12,18200,CE,SELL,75.05,-0.6000000000000085,NIFTY
2022-11-21 14:34:12,18200,PE,SELL,100.7,1.25,NIFTY
2022-11-21 14:34:12,18150,CE,BUY,100.8,,NIFTY
2022-11-21 14:34:12,18150,PE,BUY,76.0,,NIFTY
2022-11-21 14:35:17,18150,CE,SELL,100.05,-0.75,NIFTY
2022-11-21 14:35:17,18150,PE,SELL,76.25,0.25,NIFTY
2022-11-21 14:35:17,18200,CE,BUY,74.7,,NIFTY
2022-11-21 14:35:17,18200,PE,BUY,101.15,,NIFTY
2022-11-21 14:35:18,18200,CE,SELL,74.65,-0.04999999999999716,NIFTY
2022-11-21 14:35:18,18200,PE,SELL,100.8,-0.3500000000000085,NIFTY
2022-11-21 14:35:18,18150,CE,BUY,99.95,,NIFTY
2022-11-21 14:35:18,18150,PE,BUY,76.1,,NIFTY
2022-11-21 14:35:27,18150,CE,SELL,100.4,0.45000000000000284,NIFTY
2022-11-21 14:35:27,18150,PE,SELL,75.65,-0.44999999999998863,NIFTY
2022-11-21 14:35:27,18200,CE,BUY,74.8,,NIFTY
2022-11-21 14:35:27,18200,PE,BUY,100.35,,NIFTY
2022-11-21 14:35:31,18200,CE,SELL,74.3,-0.5,NIFTY
2022-11-21 14:35:31,18200,PE,SELL,101.55,1.2000000000000028,NIFTY
2022-11-21 14:35:31,18150,CE,BUY,99.65,,NIFTY
2022-11-21 14:35:31,18150,PE,BUY,76.85,,NIFTY
2022-11-21 14:37:01,18150,CE,SELL,101.05,1.3999999999999915,NIFTY
2022-11-21 14:37:01,18150,PE,SELL,74.5,-2.3499999999999943,NIFTY
2022-11-21 14:37:01,18200,CE,BUY,75.25,,NIFTY
2022-11-21 14:37:01,18200,PE,BUY,99.15,,NIFTY
2022-11-21 14:37:04,18200,CE,SELL,75.4,0.15000000000000568,NIFTY
2022-11-21 14:37:04,18200,PE,SELL,99.0,-0.15000000000000568,NIFTY
2022-11-21 14:37:04,18150,CE,BUY,101.0,,NIFTY
2022-11-21 14:37:04,18150,PE,BUY,74.65,,NIFTY
2022-11-21 14:37:07,18150,CE,SELL,100.8,-0.20000000000000284,NIFTY
2022-11-21 14:37:07,18150,PE,SELL,74.75,0.09999999999999432,NIFTY
2022-11-21 14:37:07,18200,CE,BUY,75.15,,NIFTY
2022-11-21 14:37:07,18200,PE,BUY,99.2,,NIFTY
2022-11-21 14:40:09,18200,CE,SELL,74.55,-0.6000000000000085,NIFTY
2022-11-21 14:40:09,18200,PE,SELL,99.75,0.5499999999999972,NIFTY
2022-11-21 14:40:09,18150,CE,BUY,100.15,,NIFTY
2022-11-21 14:40:09,18150,PE,BUY,75.3,,NIFTY
2022-11-21 14:40:12,18150,CE,SELL,99.85,-0.30000000000001137,NIFTY
2022-11-21 14:40:12,18150,PE,SELL,75.7,0.4000000000000057,NIFTY
2022-11-21 14:40:12,18200,CE,BUY,74.55,,NIFTY
2022-11-21 14:40:12,18200,PE,BUY,100.15,,NIFTY
2022-11-21 14:40:13,18200,CE,SELL,74.45,-0.09999999999999432,NIFTY
2022-11-21 14:40:13,18200,PE,SELL,100.2,0.04999999999999716,NIFTY
2022-11-21 14:40:13,18150,CE,BUY,100.1,,NIFTY
2022-11-21 14:40:13,18150,PE,BUY,75.5,,NIFTY
2022-11-21 14:40:17,18150,CE,SELL,100.3,0.20000000000000284,NIFTY
2022-11-21 14:40:17,18150,PE,SELL,75.3,-0.20000000000000284,NIFTY
2022-11-21 14:40:17,18200,CE,BUY,74.7,,NIFTY
2022-11-21 14:40:17,18200,PE,BUY,99.65,,NIFTY
2022-11-21 14:40:20,18200,CE,SELL,75.35,0.6499999999999915,NIFTY
2022-11-21 14:40:20,18200,PE,SELL,98.95,-0.7000000000000028,NIFTY
2022-11-21 14:40:20,18150,CE,BUY,101.15,,NIFTY
2022-11-21 14:40:20,18150,PE,BUY,74.6,,NIFTY
2022-11-21 14:40:21,18150,CE,SELL,101.1,-0.05000000000001137,NIFTY
2022-11-21 14:40:21,18150,PE,SELL,74.35,-0.25,NIFTY
2022-11-21 14:40:21,18200,CE,BUY,75.35,,NIFTY
2022-11-21 14:40:21,18200,PE,BUY,99.0,,NIFTY
2022-11-21 14:43:30,18200,CE,SELL,74.35,-1.0,NIFTY
2022-11-21 14:43:30,18200,PE,SELL,101.65,2.6500000000000057,NIFTY
2022-11-21 14:43:30,18150,CE,BUY,99.6,,NIFTY
2022-11-21 14:43:30,18150,PE,BUY,76.7,,NIFTY
2022-11-21 14:43:39,18150,CE,SELL,100.0,0.4000000000000057,NIFTY
2022-11-21 14:43:39,18150,PE,SELL,75.75,-0.9500000000000028,NIFTY
2022-11-21 14:43:39,18200,CE,BUY,74.8,,NIFTY
2022-11-21 14:43:39,18200,PE,BUY,100.4,,NIFTY
2022-11-21 14:43:41,18200,CE,SELL,74.9,0.10000000000000853,NIFTY
2022-11-21 14:43:41,18200,PE,SELL,99.95,-0.45000000000000284,NIFTY
2022-11-21 14:43:41,18150,CE,BUY,100.6,,NIFTY
2022-11-21 14:43:41,18150,PE,BUY,75.25,,NIFTY
2022-11-21 14:43:42,18150,CE,SELL,100.35,-0.25,NIFTY
2022-11-21 14:43:42,18150,PE,SELL,75.3,0.04999999999999716,NIFTY
2022-11-21 14:43:42,18200,CE,BUY,74.9,,NIFTY
2022-11-21 14:43:42,18200,PE,BUY,100.1,,NIFTY
2022-11-21 14:43:43,18200,CE,SELL,75.0,0.09999999999999432,NIFTY
2022-11-21 14:43:43,18200,PE,SELL,99.75,-0.3499999999999943,NIFTY
2022-11-21 14:43:43,18150,CE,BUY,100.55,,NIFTY
2022-11-21 14:43:43,18150,PE,BUY,75.35,,NIFTY
2022-11-21 14:43:48,18150,CE,SELL,100.5,-0.04999999999999716,NIFTY
2022-11-21 14:43:48,18150,PE,SELL,75.55,0.20000000000000284,NIFTY
2022-11-21 14:43:48,18200,CE,BUY,75.0,,NIFTY
2022-11-21 14:43:48,18200,PE,BUY,99.9,,NIFTY
2022-11-21 14:43:52,18200,CE,SELL,75.1,0.09999999999999432,NIFTY
2022-11-21 14:43:52,18200,PE,SELL,100.0,0.09999999999999432,NIFTY
2022-11-21 14:43:52,18150,CE,BUY,100.4,,NIFTY
2022-11-21 14:43:52,18150,PE,BUY,75.7,,NIFTY
2022-11-21 14:43:53,18150,CE,SELL,100.55,0.14999999999999147,NIFTY
2022-11-21 14:43:53,18150,PE,SELL,75.45,-0.25,NIFTY
2022-11-21 14:43:53,18200,CE,BUY,75.1,,NIFTY
2022-11-21 14:43:53,18200,PE,BUY,99.75,,NIFTY
2022-11-21 14:43:56,18200,CE,SELL,75.1,0.0,NIFTY
2022-11-21 14:43:56,18200,PE,SELL,100.1,0.3499999999999943,NIFTY
2022-11-21 14:43:56,18150,CE,BUY,100.6,,NIFTY
2022-11-21 14:43:56,18150,PE,BUY,75.45,,NIFTY
2022-11-21 14:43:57,18150,CE,SELL,100.95,0.3500000000000085,NIFTY
2022-11-21 14:43:57,18150,PE,SELL,75.3,-0.15000000000000568,NIFTY
2022-11-21 14:43:57,18200,CE,BUY,75.45,,NIFTY
2022-11-21 14:43:57,18200,PE,BUY,99.6,,NIFTY
2022-11-21 14:46:53,18200,CE,SELL,75.15,-0.29999999999999716,NIFTY
2022-11-21 14:46:53,18200,PE,SELL,100.05,0.45000000000000284,NIFTY
2022-11-21 14:46:53,18150,CE,BUY,100.6,,NIFTY
2022-11-21 14:46:53,18150,PE,BUY,75.75,,NIFTY
2022-11-21 14:47:41,18150,CE,SELL,101.1,0.5,NIFTY
2022-11-21 14:47:41,18150,PE,SELL,75.7,-0.04999999999999716,NIFTY
2022-11-21 14:47:41,18200,CE,BUY,75.25,,NIFTY
2022-11-21 14:47:41,18200,PE,BUY,100.15,,NIFTY
2022-11-21 15:00:29,18200,CE,SELL,71.05,-4.200000000000003,NIFTY
2022-11-21 15:00:29,18200,PE,SELL,98.05,-2.1000000000000085,NIFTY
2022-11-21 15:00:29,18150,CE,BUY,95.9,,NIFTY
2022-11-21 15:00:29,18150,PE,BUY,73.7,,NIFTY
2022-11-21 15:01:03,18150,CE,SELL,98.4,2.5,NIFTY
2022-11-21 15:01:03,18150,PE,SELL,74.45,0.75,NIFTY
2022-11-21 15:01:03,18200,CE,BUY,73.7,,NIFTY
2022-11-21 15:01:03,18200,PE,BUY,99.2,,NIFTY
2022-11-21 15:01:09,18200,CE,SELL,73.8,0.09999999999999432,NIFTY
2022-11-21 15:01:09,18200,PE,SELL,97.4,-1.7999999999999972,NIFTY
2022-11-21 15:01:09,18150,CE,BUY,99.4,,NIFTY
2022-11-21 15:01:09,18150,PE,BUY,73.1,,NIFTY
2022-11-21 15:01:10,18150,CE,SELL,98.85,-0.5500000000000114,NIFTY
2022-11-21 15:01:10,18150,PE,SELL,72.85,-0.25,NIFTY
2022-11-21 15:01:10,18200,CE,BUY,73.6,,NIFTY
2022-11-21 15:01:10,18200,PE,BUY,97.2,,NIFTY
2022-11-21 15:02:42,18200,CE,SELL,73.35,-0.25,NIFTY
2022-11-21 15:02:42,18200,PE,SELL,97.3,0.09999999999999432,NIFTY
2022-11-21 15:02:42,18150,CE,BUY,98.6,,NIFTY
2022-11-21 15:02:42,18150,PE,BUY,72.8,,NIFTY
2022-11-21 15:02:43,18150,CE,SELL,99.15,0.5500000000000114,NIFTY
2022-11-21 15:02:43,18150,PE,SELL,72.9,0.10000000000000853,NIFTY
2022-11-21 15:02:43,18200,CE,BUY,73.55,,NIFTY
2022-11-21 15:02:43,18200,PE,BUY,97.1,,NIFTY
2022-11-21 15:30:00,18200,CE,SELL,76.05,2.5,NIFTY
2022-11-21 15:30:00,18200,PE,SELL,83.5,-13.599999999999994,NIFTY
2022-11-22 09:15:00,18200,CE,BUY,82.9,,NIFTY
2022-11-22 09:15:00,18200,PE,BUY,70.2,,NIFTY
2022-11-22 09:22:05,18200,CE,SELL,63.55,-19.35000000000001,NIFTY
2022-11-22 09:22:05,18200,PE,SELL,89.2,19.0,NIFTY
2022-11-22 09:22:05,18150,CE,BUY,89.25,,NIFTY
2022-11-22 09:22:05,18150,PE,BUY,64.55,,NIFTY
2022-11-22 09:22:07,18150,CE,SELL,89.95,0.7000000000000028,NIFTY
2022-11-22 09:22:07,18150,PE,SELL,63.65,-0.8999999999999986,NIFTY
2022-11-22 09:22:07,18200,CE,BUY,64.75,,NIFTY
2022-11-22 09:22:07,18200,PE,BUY,88.05,,NIFTY
2022-11-22 09:23:28,18200,CE,SELL,63.95,-0.7999999999999972,NIFTY
2022-11-22 09:23:28,18200,PE,SELL,89.05,1.0,NIFTY
2022-11-22 09:23:28,18150,CE,BUY,89.15,,NIFTY
2022-11-22 09:23:28,18150,PE,BUY,64.4,,NIFTY
2022-11-22 09:23:30,18150,CE,SELL,90.05,0.8999999999999915,NIFTY
2022-11-22 09:23:30,18150,PE,SELL,63.35,-1.0500000000000043,NIFTY
2022-11-22 09:23:30,18200,CE,BUY,64.45,,NIFTY
2022-11-22 09:23:30,18200,PE,BUY,87.6,,NIFTY
2022-11-22 09:24:13,18200,CE,SELL,64.25,-0.20000000000000284,NIFTY
2022-11-22 09:24:13,18200,PE,SELL,88.65,1.0500000000000114,NIFTY
2022-11-22 09:24:13,18150,CE,BUY,89.7,,NIFTY
2022-11-22 09:24:13,18150,PE,BUY,64.0,,NIFTY
2022-11-22 09:24:14,18150,CE,SELL,89.9,0.20000000000000284,NIFTY
2022-11-22 09:24:14,18150,PE,SELL,64.0,0.0,NIFTY
2022-11-22 09:24:14,18200,CE,BUY,64.4,,NIFTY
2022-11-22 09:24:14,18200,PE,BUY,88.65,,NIFTY
2022-11-22 09:25:33,18200,CE,SELL,63.05,-1.3500000000000085,NIFTY
2022-11-22 09:25:33,18200,PE,SELL,89.2,0.5499999999999972,NIFTY
2022-11-22 09:25:33,18150,CE,BUY,88.25,,NIFTY
2022-11-22 09:25:33,18150,PE,BUY,64.55,,NIFTY
2022-11-22 09:25:35,18150,CE,SELL,88.6,0.3499999999999943,NIFTY
2022-11-22 09:25:35,18150,PE,SELL,64.35,-0.20000000000000284,NIFTY
2022-11-22 09:25:35,18200,CE,BUY,63.4,,NIFTY
2022-11-22 09:25:35,18200,PE,BUY,88.85,,NIFTY
2022-11-22 09:25:37,18200,CE,SELL,63.35,-0.04999999999999716,NIFTY
2022-11-22 09:25:37,18200,PE,SELL,89.0,0.15000000000000568,NIFTY
2022-11-22 09:25:37,18150,CE,BUY,88.55,,NIFTY
2022-11-22 09:25:37,18150,PE,BUY,64.55,,NIFTY
2022-11-22 09:26:00,18150,CE,SELL,88.3,-0.25,NIFTY
2022-11-22 09:26:00,18150,PE,SELL,65.0,0.45000000000000284,NIFTY
2022-11-22 09:26:00,18200,CE,BUY,63.2,,NIFTY
2022-11-22 09:26:00,18200,PE,BUY,89.55,,NIFTY
2022-11-22 09:26:04,18200,CE,SELL,63.05,-0.15000000000000568,NIFTY
2022-11-22 09:26:04,18200,PE,SELL,89.35,-0.20000000000000284,NIFTY
2022-11-22 09:26:04,18150,CE,BUY,88.05,,NIFTY
2022-11-22 09:26:04,18150,PE,BUY,64.65,,NIFTY
2022-11-22 09:26:07,18150,CE,SELL,88.15,0.10000000000000853,NIFTY
2022-11-22 09:26:07,18150,PE,SELL,64.8,0.14999999999999147,NIFTY
2022-11-22 09:26:07,18200,CE,BUY,62.9,,NIFTY
2022-11-22 09:26:07,18200,PE,BUY,89.7,,NIFTY
2022-11-22 09:26:08,18200,CE,SELL,63.05,0.14999999999999858,NIFTY
2022-11-22 09:26:08,18200,PE,SELL,89.25,-0.45000000000000284,NIFTY
2022-11-22 09:26:08,18150,CE,BUY,88.15,,NIFTY
2022-11-22 09:26:08,18150,PE,BUY,64.65,,NIFTY
2022-11-22 09:26:44,18150,CE,SELL,88.4,0.25,NIFTY
2022-11-22 09:26:44,18150,PE,SELL,64.4,-0.25,NIFTY
2022-11-22 09:26:44,18200,CE,BUY,62.9,,NIFTY
2022-11-22 09:26:44,18200,PE,BUY,89.1,,NIFTY
2022-11-22 09:26:47,18200,CE,SELL,63.05,0.14999999999999858,NIFTY
2022-11-22 09:26:47,18200,PE,SELL,89.05,-0.04999999999999716,NIFTY
2022-11-22 09:26:47,18150,CE,BUY,88.1,,NIFTY
2022-11-22 09:26:47,18150,PE,BUY,64.4,,NIFTY
2022-11-22 09:26:48,18150,CE,SELL,88.25,0.15000000000000568,NIFTY
2022-11-22 09:26:48,18150,PE,SELL,64.2,-0.20000000000000284,NIFTY
2022-11-22 09:26:48,18200,CE,BUY,63.1,,NIFTY
2022-11-22 09:26:48,18200,PE,BUY,88.9,,NIFTY
2022-11-22 09:26:49,18200,CE,SELL,62.8,-0.30000000000000426,NIFTY
2022-11-22 09:26:49,18200,PE,SELL,88.95,0.04999999999999716,NIFTY
2022-11-22 09:26:49,18150,CE,BUY,88.2,,NIFTY
2022-11-22 09:26:49,18150,PE,BUY,64.1,,NIFTY
2022-11-22 09:26:52,18150,CE,SELL,87.8,-0.4000000000000057,NIFTY
2022-11-22 09:26:52,18150,PE,SELL,64.6,0.5,NIFTY
2022-11-22 09:26:52,18200,CE,BUY,62.45,,NIFTY
2022-11-22 09:26:52,18200,PE,BUY,89.15,,NIFTY
2022-11-22 09:26:53,18200,CE,SELL,62.9,0.44999999999999574,NIFTY
2022-11-22 09:26:53,18200,PE,SELL,88.75,-0.4000000000000057,NIFTY
2022-11-22 09:26:53,18150,CE,BUY,88.35,,NIFTY
2022-11-22 09:26:53,18150,PE,BUY,64.15,,NIFTY
2022-11-22 09:26:54,18150,CE,SELL,88.25,-0.09999999999999432,NIFTY
2022-11-22 09:26:54,18150,PE,SELL,64.2,0.04999999999999716,NIFTY
2022-11-22 09:26:54,18200,CE,BUY,62.8,,NIFTY
2022-11-22 09:26:54,18200,PE,BUY,88.8,,NIFTY
2022-11-22 09:26:55,18200,CE,SELL,62.8,0.0,NIFTY
2022-11-22 09:26:55,18200,PE,SELL,88.85,0.04999999999999716,NIFTY
2022-11-22 09:26:55,18150,CE,BUY,88.25,,NIFTY
2022-11-22 09:26:55,18150,PE,BUY,64.15,,NIFTY
2022-11-22 09:26:56,18150,CE,SELL,88.3,0.04999999999999716,NIFTY
2022-11-22 09:26:56,18150,PE,SELL,64.3,0.14999999999999147,NIFTY
2022-11-22 09:26:56,18200,CE,BUY,63.1,,NIFTY
2022-11-22 09:26:56,18200,PE,BUY,88.7,,NIFTY
2022-11-22 09:26:57,18200,CE,SELL,63.0,-0.10000000000000142,NIFTY
2022-11-22 09:26:57,18200,PE,SELL,89.1,0.3999999999999915,NIFTY
2022-11-22 09:26:57,18150,CE,BUY,88.15,,NIFTY
2022-11-22 09:26:57,18150,PE,BUY,64.4,,NIFTY
2022-11-22 09:26:58,18150,CE,SELL,88.15,0.0,NIFTY
2022-11-22 09:26:58,18150,PE,SELL,64.5,0.09999999999999432,NIFTY
2022-11-22 09:26:58,18200,CE,BUY,62.8,,NIFTY
2022-11-22 09:26:58,18200,PE,BUY,89.1,,NIFTY
2022-11-22 09:27:03,18200,CE,SELL,61.8,-1.0,NIFTY
2022-11-22 09:27:03,18200,PE,SELL,89.9,0.8000000000000114,NIFTY
2022-11-22 09:27:03,18150,CE,BUY,87.1,,NIFTY
2022-11-22 09:27:03,18150,PE,BUY,64.9,,NIFTY
2022-11-22 09:27:16,18150,CE,SELL,87.75,0.6500000000000057,NIFTY
2022-11-22 09:27:16,18150,PE,SELL,64.0,-0.9000000000000057,NIFTY
2022-11-22 09:27:16,18200,CE,BUY,62.6,,NIFTY
2022-11-22 09:27:16,18200,PE,BUY,88.75,,NIFTY
2022-11-22 09:27:17,18200,CE,SELL,62.6,0.0,NIFTY
2022-11-22 09:27:17,18200,PE,SELL,89.1,0.3499999999999943,NIFTY
2022-11-22 09:27:17,18150,CE,BUY,87.75,,NIFTY
2022-11-22 09:27:17,18150,PE,BUY,64.4,,NIFTY
2022-11-22 09:27:19,18150,CE,SELL,88.35,0.5999999999999943,NIFTY
2022-11-22 09:27:19,18150,PE,SELL,63.6,-0.8000000000000043,NIFTY
2022-11-22 09:27:19,18200,CE,BUY,62.95,,NIFTY
2022-11-22 09:27:19,18200,PE,BUY,88.15,,NIFTY
2022-11-22 09:27:25,18200,CE,SELL,63.1,0.14999999999999858,NIFTY
2022-11-22 09:27:25,18200,PE,SELL,87.75,-0.4000000000000057,NIFTY
2022-11-22 09:27:25,18150,CE,BUY,88.65,,NIFTY
2022-11-22 09:27:25,18150,PE,BUY,63.2,,NIFTY
2022-11-22 09:27:26,18150,CE,SELL,88.65,0.0,NIFTY
2022-11-22 09:27:26,18150,PE,SELL,63.0,-0.20000000000000284,NIFTY
2022-11-22 09:27:26,18200,CE,BUY,63.1,,NIFTY
2022-11-22 09:27:26,18200,PE,BUY,87.45,,NIFTY
2022-11-22 09:27:41,18200,CE,SELL,62.8,-0.30000000000000426,NIFTY
2022-11-22 09:27:41,18200,PE,SELL,88.5,1.0499999999999972,NIFTY
2022-11-22 09:27:41,18150,CE,BUY,88.2,,NIFTY
2022-11-22 09:27:41,18150,PE,BUY,63.95,,NIFTY
2022-11-22 09:27:42,18150,CE,SELL,88.1,-0.10000000000000853,NIFTY
2022-11-22 09:27:42,18150,PE,SELL,64.0,0.04999999999999716,NIFTY
2022-11-22 09:27:42,18200,CE,BUY,62.7,,NIFTY
2022-11-22 09:27:42,18200,PE,BUY,88.85,,NIFTY
2022-11-22 09:51:31,18200,CE,SELL,86.8,24.099999999999994,NIFTY
2022-11-22 09:51:31,18200,PE,SELL,62.4,-26.449999999999996,NIFTY
2022-11-22 09:51:31,18250,CE,BUY,61.05,,NIFTY
2022-11-22 09:51:31,18250,PE,BUY,86.6,,NIFTY
2022-11-22 09:51:32,18250,CE,SELL,61.3,0.25,NIFTY
2022-11-22 09:51:32,18250,PE,SELL,86.4,-0.19999999999998863,NIFTY
2022-11-22 09:51:32,18200,CE,BUY,86.8,,NIFTY
2022-11-22 09:51:32,18200,PE,BUY,62.15,,NIFTY
2022-11-22 09:51:33,18200,CE,SELL,86.55,-0.25,NIFTY
2022-11-22 09:51:33,18200,PE,SELL,62.65,0.5,NIFTY
2022-11-22 09:51:33,18250,CE,BUY,60.85,,NIFTY
2022-11-22 09:51:33,18250,PE,BUY,87.05,,NIFTY
2022-11-22 09:51:39,18250,CE,SELL,60.5,-0.3500000000000014,NIFTY
2022-11-22 09:51:39,18250,PE,SELL,87.45,0.4000000000000057,NIFTY
2022-11-22 09:51:39,18200,CE,BUY,86.0,,NIFTY
2022-11-22 09:51:39,18200,PE,BUY,62.8,,NIFTY
2022-11-22 09:51:43,18200,CE,SELL,85.2,-0.7999999999999972,NIFTY
2022-11-22 09:51:43,18200,PE,SELL,63.25,0.45000000000000284,NIFTY
2022-11-22 09:51:43,18250,CE,BUY,59.9,,NIFTY
2022-11-22 09:51:43,18250,PE,BUY,88.05,,NIFTY
2022-11-22 09:51:44,18250,CE,SELL,60.0,0.10000000000000142,NIFTY
2022-11-22 09:51:44,18250,PE,SELL,88.05,0.0,NIFTY
2022-11-22 09:51:44,18200,CE,BUY,85.55,,NIFTY
2022-11-22 09:51:44,18200,PE,BUY,63.25,,NIFTY
2022-11-22 09:51:49,18200,CE,SELL,85.7,0.15000000000000568,NIFTY
2022-11-22 09:51:49,18200,PE,SELL,62.6,-0.6499999999999986,NIFTY
2022-11-22 09:51:49,18250,CE,BUY,60.4,,NIFTY
2022-11-22 09:51:49,18250,PE,BUY,87.3,,NIFTY
2022-11-22 09:51:52,18250,CE,SELL,60.15,-0.25,NIFTY
2022-11-22 09:51:52,18250,PE,SELL,87.9,0.6000000000000085,NIFTY
2022-11-22 09:51:52,18200,CE,BUY,85.6,,NIFTY
2022-11-22 09:51:52,18200,PE,BUY,63.25,,NIFTY
2022-11-22 09:51:53,18200,CE,SELL,85.6,0.0,NIFTY
2022-11-22 09:51:53,18200,PE,SELL,63.15,-0.10000000000000142,NIFTY
2022-11-22 09:51:53,18250,CE,BUY,60.1,,NIFTY
2022-11-22 09:51:53,18250,PE,BUY,87.8,,NIFTY
2022-11-22 09:51:56,18250,CE,SELL,60.25,0.14999999999999858,NIFTY
2022-11-22 09:51:56,18250,PE,SELL,87.75,-0.04999999999999716,NIFTY
2022-11-22 09:51:56,18200,CE,BUY,85.45,,NIFTY
2022-11-22 09:51:56,18200,PE,BUY,63.0,,NIFTY
2022-11-22 09:52:44,18200,CE,SELL,86.5,1.0499999999999972,NIFTY
2022-11-22 09:52:44,18200,PE,SELL,62.5,-0.5,NIFTY
2022-11-22 09:52:44,18250,CE,BUY,60.9,,NIFTY
2022-11-22 09:52:44,18250,PE,BUY,86.75,,NIFTY
2022-11-22 09:52:46,18250,CE,SELL,59.75,-1.1499999999999986,NIFTY
2022-11-22 09:52:46,18250,PE,SELL,89.0,2.25,NIFTY
2022-11-22 09:52:46,18200,CE,BUY,85.2,,NIFTY
2022-11-22 09:52:46,18200,PE,BUY,64.05,,NIFTY
2022-11-22 09:52:49,18200,CE,SELL,86.05,0.8499999999999943,NIFTY
2022-11-22 09:52:49,18200,PE,SELL,62.75,-1.2999999999999972,NIFTY
2022-11-22 09:52:49,18250,CE,BUY,60.5,,NIFTY
2022-11-22 09:52:49,18250,PE,BUY,87.55,,NIFTY
2022-11-22 09:52:50,18250,CE,SELL,60.35,-0.14999999999999858,NIFTY
2022-11-22 09:52:50,18250,PE,SELL,87.55,0.0,NIFTY
2022-11-22 09:52:50,18200,CE,BUY,85.8,,NIFTY
2022-11-22 09:52:50,18200,PE,BUY,62.95,,NIFTY
2022-11-22 09:52:54,18200,CE,SELL,86.45,0.6500000000000057,NIFTY
2022-11-22 09:52:54,18200,PE,SELL,62.8,-0.15000000000000568,NIFTY
2022-11-22 09:52:54,18250,CE,BUY,60.85,,NIFTY
2022-11-22 09:52:54,18250,PE,BUY,87.1,,NIFTY
2022-11-22 09:52:55,18250,CE,SELL,60.95,0.10000000000000142,NIFTY
2022-11-22 09:52:55,18250,PE,SELL,87.1,0.0,NIFTY
2022-11-22 09:52:55,18200,CE,BUY,86.3,,NIFTY
2022-11-22 09:52:55,18200,PE,BUY,62.7,,NIFTY
2022-11-22 09:52:57,18200,CE,SELL,86.3,0.0,NIFTY
2022-11-22 09:52:57,18200,PE,SELL,62.95,0.25,NIFTY
2022-11-22 09:52:57,18250,CE,BUY,60.75,,NIFTY
2022-11-22 09:52:57,18250,PE,BUY,87.45,,NIFTY
2022-11-22 09:53:01,18250,CE,SELL,60.95,0.20000000000000284,NIFTY
2022-11-22 09:53:01,18250,PE,SELL,87.25,-0.20000000000000284,NIFTY
2022-11-22 09:53:01,18200,CE,BUY,86.55,,NIFTY
2022-11-22 09:53:01,18200,PE,BUY,63.0,,NIFTY
2022-11-22 09:53:02,18200,CE,SELL,86.4,-0.14999999999999147,NIFTY
2022-11-22 09:53:02,18200,PE,SELL,63.15,0.14999999999999858,NIFTY
2022-11-22 09:53:02,18250,CE,BUY,60.7,,NIFTY
2022-11-22 09:53:02,18250,PE,BUY,87.6,,NIFTY
2022-11-22 09:53:04,18250,CE,SELL,60.75,0.04999999999999716,NIFTY
2022-11-22 09:53:04,18250,PE,SELL,87.5,-0.09999999999999432,NIFTY
2022-11-22 09:53:04,18200,CE,BUY,86.4,,NIFTY
2022-11-22 09:53:04,18200,PE,BUY,63.0,,NIFTY
2022-11-22 09:53:05,18200,CE,SELL,86.4,0.0,NIFTY
2022-11-22 09:53:05,18200,PE,SELL,63.15,0.14999999999999858,NIFTY
2022-11-22 09:53:05,18250,CE,BUY,60.8,,NIFTY
2022-11-22 09:53:05,18250,PE,BUY,87.75,,NIFTY
2022-11-22 09:53:09,18250,CE,SELL,60.15,-0.6499999999999986,NIFTY
2022-11-22 09:53:09,18250,PE,SELL,88.2,0.45000000000000284,NIFTY
2022-11-22 09:53:09,18200,CE,BUY,85.55,,NIFTY
2022-11-22 09:53:09,18200,PE,BUY,63.4,,NIFTY
2022-11-22 09:53:11,18200,CE,SELL,85.7,0.15000000000000568,NIFTY
2022-11-22 09:53:11,18200,PE,SELL,63.25,-0.14999999999999858,NIFTY
2022-11-22 09:53:11,18250,CE,BUY,60.3,,NIFTY
2022-11-22 09:53:11,18250,PE,BUY,88.05,,NIFTY
2022-11-22 09:53:12,18250,CE,SELL,60.45,0.15000000000000568,NIFTY
2022-11-22 09:53:12,18250,PE,SELL,88.05,0.0,NIFTY
2022-11-22 09:53:12,18200,CE,BUY,85.85,,NIFTY
2022-11-22 09:53:12,18200,PE,BUY,63.4,,NIFTY
2022-11-22 09:53:14,18200,CE,SELL,85.85,0.0,NIFTY
2022-11-22 09:53:14,18200,PE,SELL,63.5,0.10000000000000142,NIFTY
2022-11-22 09:53:14,18250,CE,BUY,60.4,,NIFTY
2022-11-22 09:53:14,18250,PE,BUY,88.05,,NIFTY
2022-11-22 09:53:16,18250,CE,SELL,60.45,0.05000000000000426,NIFTY
2022-11-22 09:53:16,18250,PE,SELL,88.0,-0.04999999999999716,NIFTY
2022-11-22 09:53:16,18200,CE,BUY,85.7,,NIFTY
2022-11-22 09:53:16,18200,PE,BUY,63.4,,NIFTY
2022-11-22 09:53:18,18200,CE,SELL,85.75,0.04999999999999716,NIFTY
2022-11-22 09:53:18,18200,PE,SELL,63.35,-0.04999999999999716,NIFTY
2022-11-22 09:53:18,18250,CE,BUY,60.4,,NIFTY
2022-11-22 09:53:18,18250,PE,BUY,88.05,,NIFTY
2022-11-22 09:53:19,18250,CE,SELL,60.5,0.10000000000000142,NIFTY
2022-11-22 09:53:19,18250,PE,SELL,87.8,-0.25,NIFTY
2022-11-22 09:53:19,18200,CE,BUY,86.0,,NIFTY
2022-11-22 09:53:19,18200,PE,BUY,63.3,,NIFTY
2022-11-22 09:53:21,18200,CE,SELL,85.75,-0.25,NIFTY
2022-11-22 09:53:21,18200,PE,SELL,63.2,-0.09999999999999432,NIFTY
2022-11-22 09:53:21,18250,CE,BUY,60.3,,NIFTY
2022-11-22 09:53:21,18250,PE,BUY,87.5,,NIFTY
2022-11-22 09:53:23,18250,CE,SELL,60.55,0.25,NIFTY
2022-11-22 09:53:23,18250,PE,SELL,88.0,0.5,NIFTY
2022-11-22 09:53:23,18200,CE,BUY,86.05,,NIFTY
2022-11-22 09:53:23,18200,PE,BUY,63.25,,NIFTY
2022-11-22 09:53:24,18200,CE,SELL,85.75,-0.29999999999999716,NIFTY
2022-11-22 09:53:24,18200,PE,SELL,63.4,0.14999999999999858,NIFTY
2022-11-22 09:53:24,18250,CE,BUY,60.3,,NIFTY
2022-11-22 09:53:24,18250,PE,BUY,88.15,,NIFTY
2022-11-22 09:53:31,18250,CE,SELL,60.3,0.0,NIFTY
2022-11-22 09:53:31,18250,PE,SELL,87.85,-0.30000000000001137,NIFTY
2022-11-22 09:53:31,18200,CE,BUY,85.85,,NIFTY
2022-11-22 09:53:31,18200,PE,BUY,63.25,,NIFTY
2022-11-22 09:53:33,18200,CE,SELL,86.05,0.20000000000000284,NIFTY
2022-11-22 09:53:33,18200,PE,SELL,63.25,0.0,NIFTY
2022-11-22 09:53:33,18250,CE,BUY,60.55,,NIFTY
2022-11-22 09:53:33,18250,PE,BUY,88.15,,NIFTY
2022-11-22 09:53:34,18250,CE,SELL,60.5,-0.04999999999999716,NIFTY
2022-11-22 09:53:34,18250,PE,SELL,88.15,0.0,NIFTY
2022-11-22 09:53:34,18200,CE,BUY,85.85,,NIFTY
2022-11-22 09:53:34,18200,PE,BUY,63.4,,NIFTY
2022-11-22 09:53:36,18200,CE,SELL,85.85,0.0,NIFTY
2022-11-22 09:53:36,18200,PE,SELL,63.45,0.05000000000000426,NIFTY
2022-11-22 09:53:36,18250,CE,BUY,60.45,,NIFTY
2022-11-22 09:53:36,18250,PE,BUY,88.15,,NIFTY
2022-11-22 09:53:37,18250,CE,SELL,60.45,0.0,NIFTY
2022-11-22 09:53:37,18250,PE,SELL,88.05,-0.10000000000000853,NIFTY
2022-11-22 09:53:37,18200,CE,BUY,85.9,,NIFTY
2022-11-22 09:53:37,18200,PE,BUY,63.35,,NIFTY
2022-11-22 09:53:39,18200,CE,SELL,85.95,0.04999999999999716,NIFTY
2022-11-22 09:53:39,18200,PE,SELL,63.05,-0.30000000000000426,NIFTY
2022-11-22 09:53:39,18250,CE,BUY,60.6,,NIFTY
2022-11-22 09:53:39,18250,PE,BUY,87.65,,NIFTY
2022-11-22 09:53:40,18250,CE,SELL,60.55,-0.05000000000000426,NIFTY
2022-11-22 09:53:40,18250,PE,SELL,87.65,0.0,NIFTY
2022-11-22 09:53:40,18200,CE,BUY,86.15,,NIFTY
2022-11-22 09:53:40,18200,PE,BUY,63.1,,NIFTY
2022-11-22 09:53:48,18200,CE,SELL,86.45,0.29999999999999716,NIFTY
2022-11-22 09:53:48,18200,PE,SELL,62.75,-0.3500000000000014,NIFTY
2022-11-22 09:53:48,18250,CE,BUY,60.95,,NIFTY
2022-11-22 09:53:48,18250,PE,BUY,87.1,,NIFTY
2022-11-22 09:53:52,18250,CE,SELL,61.3,0.3499999999999943,NIFTY
2022-11-22 09:53:52,18250,PE,SELL,87.1,0.0,NIFTY
2022-11-22 09:53:52,18200,CE,BUY,86.8,,NIFTY
2022-11-22 09:53:52,18200,PE,BUY,62.75,,NIFTY
2022-11-22 09:53:53,18200,CE,SELL,87.0,0.20000000000000284,NIFTY
2022-11-22 09:53:53,18200,PE,SELL,62.2,-0.5499999999999972,NIFTY
2022-11-22 09:53:53,18250,CE,BUY,61.25,,NIFTY
2022-11-22 09:53:53,18250,PE,BUY,86.6,,NIFTY
2022-11-22 15:10:02,18250,CE,SELL,74.7,13.450000000000003,NIFTY
2022-11-22 15:10:02,18250,PE,SELL,52.5,-34.099999999999994,NIFTY
2022-11-22 15:10:02,18300,CE,BUY,48.55,,NIFTY
2022-11-22 15:10:02,18300,PE,BUY,75.85,,NIFTY
2022-11-22 15:10:06,18300,CE,SELL,48.3,-0.25,NIFTY
2022-11-22 15:10:06,18300,PE,SELL,76.6,0.75,NIFTY
2022-11-22 15:10:06,18250,CE,BUY,74.6,,NIFTY
2022-11-22 15:10:06,18250,PE,BUY,52.95,,NIFTY
2022-11-22 15:12:53,18250,CE,SELL,75.0,0.4000000000000057,NIFTY
2022-11-22 15:12:53,18250,PE,SELL,51.25,-1.7000000000000028,NIFTY
2022-11-22 15:12:53,18300,CE,BUY,48.3,,NIFTY
2022-11-22 15:12:53,18300,PE,BUY,74.2,,NIFTY
2022-11-22 15:12:55,18300,CE,SELL,48.4,0.10000000000000142,NIFTY
2022-11-22 15:12:55,18300,PE,SELL,74.3,0.09999999999999432,NIFTY
2022-11-22 15:12:55,18250,CE,BUY,75.05,,NIFTY
2022-11-22 15:12:55,18250,PE,BUY,51.2,,NIFTY
2022-11-22 15:12:58,18250,CE,SELL,75.05,0.0,NIFTY
2022-11-22 15:12:58,18250,PE,SELL,51.35,0.14999999999999858,NIFTY
2022-11-22 15:12:58,18300,CE,BUY,48.45,,NIFTY
2022-11-22 15:12:58,18300,PE,BUY,74.6,,NIFTY
2022-11-22 15:13:00,18300,CE,SELL,48.35,-0.10000000000000142,NIFTY
2022-11-22 15:13:00,18300,PE,SELL,74.7,0.10000000000000853,NIFTY
2022-11-22 15:13:00,18250,CE,BUY,75.2,,NIFTY
2022-11-22 15:13:00,18250,PE,BUY,51.75,,NIFTY
2022-11-22 15:13:05,18250,CE,SELL,75.65,0.45000000000000284,NIFTY
2022-11-22 15:13:05,18250,PE,SELL,51.2,-0.5499999999999972,NIFTY
2022-11-22 15:13:05,18300,CE,BUY,48.75,,NIFTY
2022-11-22 15:13:05,18300,PE,BUY,74.15,,NIFTY
2022-11-22 15:13:07,18300,CE,SELL,48.95,0.20000000000000284,NIFTY
2022-11-22 15:13:07,18300,PE,SELL,73.2,-0.9500000000000028,NIFTY
2022-11-22 15:13:07,18250,CE,BUY,76.0,,NIFTY
2022-11-22 15:13:07,18250,PE,BUY,50.5,,NIFTY
2022-11-22 15:13:08,18250,CE,SELL,75.95,-0.04999999999999716,NIFTY
2022-11-22 15:13:08,18250,PE,SELL,50.9,0.3999999999999986,NIFTY
2022-11-22 15:13:08,18300,CE,BUY,49.25,,NIFTY
2022-11-22 15:13:08,18300,PE,BUY,73.8,,NIFTY
2022-11-22 15:29:59,18300,CE,SELL,53.0,3.75,NIFTY
2022-11-22 15:29:59,18300,PE,SELL,62.0,-11.799999999999997,NIFTY
2022-11-23 09:15:00,18350,CE,BUY,42.1,,NIFTY
2022-11-23 09:15:00,18350,PE,BUY,73.15,,NIFTY
2022-11-23 09:15:05,18350,CE,SELL,38.65,-3.450000000000003,NIFTY
2022-11-23 09:15:05,18350,PE,SELL,67.15,-6.0,NIFTY
2022-11-23 09:15:05,18300,CE,BUY,63.35,,NIFTY
2022-11-23 09:15:05,18300,PE,BUY,42.35,,NIFTY
2022-11-23 09:16:04,18300,CE,SELL,65.0,1.6499999999999986,NIFTY
2022-11-23 09:16:04,18300,PE,SELL,38.7,-3.6499999999999986,NIFTY
2022-11-23 09:16:04,18350,CE,BUY,38.8,,NIFTY
2022-11-23 09:16:04,18350,PE,BUY,62.55,,NIFTY
2022-11-23 09:18:22,18350,CE,SELL,38.05,-0.75,NIFTY
2022-11-23 09:18:22,18350,PE,SELL,63.95,1.4000000000000057,NIFTY
2022-11-23 09:18:22,18300,CE,BUY,64.0,,NIFTY
2022-11-23 09:18:22,18300,PE,BUY,40.0,,NIFTY
2022-11-23 09:18:29,18300,CE,SELL,65.4,1.4000000000000057,NIFTY
2022-11-23 09:18:29,18300,PE,SELL,39.9,-0.10000000000000142,NIFTY
2022-11-23 09:18:29,18350,CE,BUY,38.9,,NIFTY
2022-11-23 09:18:29,18350,PE,BUY,62.85,,NIFTY
2022-11-23 09:18:37,18350,CE,SELL,38.75,-0.14999999999999858,NIFTY
2022-11-23 09:18:37,18350,PE,SELL,63.1,0.25,NIFTY
2022-11-23 09:18:37,18300,CE,BUY,65.25,,NIFTY
2022-11-23 09:18:37,18300,PE,BUY,39.45,,NIFTY
2022-11-23 09:18:38,18300,CE,SELL,65.45,0.20000000000000284,NIFTY
2022-11-23 09:18:38,18300,PE,SELL,39.1,-0.3500000000000014,NIFTY
2022-11-23 09:18:38,18350,CE,BUY,38.95,,NIFTY
2022-11-23 09:18:38,18350,PE,BUY,62.35,,NIFTY
2022-11-23 09:22:48,18350,CE,SELL,38.05,-0.9000000000000057,NIFTY
2022-11-23 09:22:48,18350,PE,SELL,62.85,0.5,NIFTY
2022-11-23 09:22:48,18300,CE,BUY,64.65,,NIFTY
2022-11-23 09:22:48,18300,PE,BUY,39.35,,NIFTY
2022-11-23 09:23:58,18300,CE,SELL,64.5,-0.15000000000000568,NIFTY
2022-11-23 09:23:58,18300,PE,SELL,39.9,0.5499999999999972,NIFTY
2022-11-23 09:23:58,18350,CE,BUY,37.85,,NIFTY
2022-11-23 09:23:58,18350,PE,BUY,63.5,,NIFTY
2022-11-23 09:24:01,18350,CE,SELL,37.7,-0.14999999999999858,NIFTY
2022-11-23 09:24:01,18350,PE,SELL,63.4,-0.10000000000000142,NIFTY
2022-11-23 09:24:01,18300,CE,BUY,64.3,,NIFTY
2022-11-23 09:24:01,18300,PE,BUY,39.85,,NIFTY
2022-11-23 09:24:02,18300,CE,SELL,64.6,0.29999999999999716,NIFTY
2022-11-23 09:24:02,18300,PE,SELL,39.5,-0.3500000000000014,NIFTY
2022-11-23 09:24:02,18350,CE,BUY,37.95,,NIFTY
2022-11-23 09:24:02,18350,PE,BUY,63.05,,NIFTY
2022-11-23 09:24:03,18350,CE,SELL,37.95,0.0,NIFTY
2022-11-23 09:24:03,18350,PE,SELL,63.1,0.05000000000000426,NIFTY
2022-11-23 09:24:03,18300,CE,BUY,64.6,,NIFTY
2022-11-23 09:24:03,18300,PE,BUY,39.6,,NIFTY
2022-11-23 09:24:05,18300,CE,SELL,64.55,-0.04999999999999716,NIFTY
2022-11-23 09:24:05,18300,PE,SELL,39.45,-0.14999999999999858,NIFTY
2022-11-23 09:24:05,18350,CE,BUY,37.9,,NIFTY
2022-11-23 09:24:05,18350,PE,BUY,63.05,,NIFTY
2022-11-23 09:24:06,18350,CE,SELL,38.0,0.10000000000000142,NIFTY
2022-11-23 09:24:06,18350,PE,SELL,63.05,0.0,NIFTY
2022-11-23 09:24:06,18300,CE,BUY,64.4,,NIFTY
2022-11-23 09:24:06,18300,PE,BUY,39.6,,NIFTY
2022-11-23 09:24:07,18300,CE,SELL,64.6,0.19999999999998863,NIFTY
2022-11-23 09:24:07,18300,PE,SELL,39.4,-0.20000000000000284,NIFTY
2022-11-23 09:24:07,18350,CE,BUY,38.0,,NIFTY
2022-11-23 09:24:07,18350,PE,BUY,63.05,,NIFTY
2022-11-23 09:24:09,18350,CE,SELL,37.95,-0.04999999999999716,NIFTY
2022-11-23 09:24:09,18350,PE,SELL,63.25,0.20000000000000284,NIFTY
2022-11-23 09:24:09,18300,CE,BUY,64.7,,NIFTY
2022-11-23 09:24:09,18300,PE,BUY,39.7,,NIFTY
2022-11-23 09:24:11,18300,CE,SELL,64.55,-0.15000000000000568,NIFTY
2022-11-23 09:24:11,18300,PE,SELL,39.7,0.0,NIFTY
2022-11-23 09:24:11,18350,CE,BUY,38.05,,NIFTY
2022-11-23 09:24:11,18350,PE,BUY,63.2,,NIFTY
2022-11-23 09:24:12,18350,CE,SELL,38.0,-0.04999999999999716,NIFTY
2022-11-23 09:24:12,18350,PE,SELL,62.95,-0.25,NIFTY
2022-11-23 09:24:12,18300,CE,BUY,64.75,,NIFTY
2022-11-23 09:24:12,18300,PE,BUY,39.3,,NIFTY
2022-11-23 09:24:18,18300,CE,SELL,65.1,0.3499999999999943,NIFTY
2022-11-23 09:24:18,18300,PE,SELL,38.8,-0.5,NIFTY
2022-11-23 09:24:18,18350,CE,BUY,38.45,,NIFTY
2022-11-23 09:24:18,18350,PE,BUY,62.05,,NIFTY
2022-11-23 09:31:08,18350,CE,SELL,36.7,-1.75,NIFTY
2022-11-23 09:31:08,18350,PE,SELL,60.8,-1.25,NIFTY
2022-11-23 09:31:08,18300,CE,BUY,63.2,,NIFTY
2022-11-23 09:31:08,18300,PE,BUY,37.6,,NIFTY
2022-11-23 09:31:15,18300,CE,SELL,63.6,0.3999999999999986,NIFTY
2022-11-23 09:31:15,18300,PE,SELL,37.5,-0.10000000000000142,NIFTY
2022-11-23 09:31:15,18350,CE,BUY,36.9,,NIFTY
2022-11-23 09:31:15,18350,PE,BUY,61.0,,NIFTY
2022-11-23 09:39:18,18350,CE,SELL,36.05,-0.8500000000000014,NIFTY
2022-11-23 09:39:18,18350,PE,SELL,64.35,3.3499999999999943,NIFTY
2022-11-23 09:39:18,18300,CE,BUY,61.75,,NIFTY
2022-11-23 09:39:18,18300,PE,BUY,40.0,,NIFTY
2022-11-23 09:39:39,18300,CE,SELL,62.95,1.2000000000000028,NIFTY
2022-11-23 09:39:39,18300,PE,SELL,39.6,-0.3999999999999986,NIFTY
2022-11-23 09:39:39,18350,CE,BUY,36.8,,NIFTY
2022-11-23 09:39:39,18350,PE,BUY,63.15,,NIFTY
2022-11-23 09:39:40,18350,CE,SELL,36.75,-0.04999999999999716,NIFTY
2022-11-23 09:39:40,18350,PE,SELL,63.7,0.5500000000000043,NIFTY
2022-11-23 09:39:40,18300,CE,BUY,63.15,,NIFTY
2022-11-23 09:39:40,18300,PE,BUY,39.6,,NIFTY
2022-11-23 09:39:47,18300,CE,SELL,63.4,0.25,NIFTY
2022-11-23 09:39:47,18300,PE,SELL,39.25,-0.3500000000000014,NIFTY
2022-11-23 09:39:47,18350,CE,BUY,37.05,,NIFTY
2022-11-23 09:39:47,18350,PE,BUY,62.95,,NIFTY
2022-11-23 09:39:48,18350,CE,SELL,36.85,-0.19999999999999574,NIFTY
2022-11-23 09:39:48,18350,PE,SELL,63.05,0.09999999999999432,NIFTY
2022-11-23 09:39:48,18300,CE,BUY,63.0,,NIFTY
2022-11-23 09:39:48,18300,PE,BUY,39.25,,NIFTY
2022-11-23 09:39:58,18300,CE,SELL,63.3,0.29999999999999716,NIFTY
2022-11-23 09:39:58,18300,PE,SELL,38.95,-0.29999999999999716,NIFTY
2022-11-23 09:39:58,18350,CE,BUY,37.1,,NIFTY
2022-11-23 09:39:58,18350,PE,BUY,62.85,,NIFTY
2022-11-23 09:39:59,18350,CE,SELL,37.15,0.04999999999999716,NIFTY
2022-11-23 09:39:59,18350,PE,SELL,62.85,0.0,NIFTY
2022-11-23 09:39:59,18300,CE,BUY,63.4,,NIFTY
2022-11-23 09:39:59,18300,PE,BUY,39.1,,NIFTY
2022-11-23 09:40:03,18300,CE,SELL,62.85,-0.5499999999999972,NIFTY
2022-11-23 09:40:03,18300,PE,SELL,39.2,0.10000000000000142,NIFTY
2022-11-23 09:40:03,18350,CE,BUY,36.8,,NIFTY
2022-11-23 09:40:03,18350,PE,BUY,63.2,,NIFTY
2022-11-23 09:40:09,18350,CE,SELL,36.5,-0.29999999999999716,NIFTY
2022-11-23 09:40:09,18350,PE,SELL,63.7,0.5,NIFTY
2022-11-23 09:40:09,18300,CE,BUY,62.45,,NIFTY
2022-11-23 09:40:09,18300,PE,BUY,39.75,,NIFTY
2022-11-23 14:43:32,18300,CE,SELL,56.45,-6.0,NIFTY
2022-11-23 14:43:32,18300,PE,SELL,33.85,-5.899999999999999,NIFTY
2022-11-23 14:43:32,18350,CE,BUY,30.2,,NIFTY
2022-11-23 14:43:32,18350,PE,BUY,57.5,,NIFTY
2022-11-23 14:43:36,18350,CE,SELL,30.1,-0.09999999999999787,NIFTY
2022-11-23 14:43:36,18350,PE,SELL,57.55,0.04999999999999716,NIFTY
2022-11-23 14:43:36,18300,CE,BUY,56.35,,NIFTY
2022-11-23 14:43:36,18300,PE,BUY,33.8,,NIFTY
2022-11-23 14:43:54,18300,CE,SELL,56.6,0.25,NIFTY
2022-11-23 14:43:54,18300,PE,SELL,33.8,0.0,NIFTY
2022-11-23 14:43:54,18350,CE,BUY,30.25,,NIFTY
2022-11-23 14:43:54,18350,PE,BUY,57.75,,NIFTY
2022-11-23 14:43:55,18350,CE,SELL,30.1,-0.14999999999999858,NIFTY
2022-11-23 14:43:55,18350,PE,SELL,57.75,0.0,NIFTY
2022-11-23 14:43:55,18300,CE,BUY,56.4,,NIFTY
2022-11-23 14:43:55,18300,PE,BUY,33.8,,NIFTY
2022-11-23 14:44:10,18300,CE,SELL,57.55,1.1499999999999986,NIFTY
2022-11-23 14:44:10,18300,PE,SELL,33.05,-0.75,NIFTY
2022-11-23 14:44:10,18350,CE,BUY,31.0,,NIFTY
2022-11-23 14:44:10,18350,PE,BUY,56.8,,NIFTY
2022-11-23 14:44:11,18350,CE,SELL,30.95,-0.05000000000000071,NIFTY
2022-11-23 14:44:11,18350,PE,SELL,56.8,0.0,NIFTY
2022-11-23 14:44:11,18300,CE,BUY,57.45,,NIFTY
2022-11-23 14:44:11,18300,PE,BUY,33.05,,NIFTY
2022-11-23 14:44:13,18300,CE,SELL,57.6,0.14999999999999858,NIFTY
2022-11-23 14:44:13,18300,PE,SELL,32.95,-0.09999999999999432,NIFTY
2022-11-23 14:44:13,18350,CE,BUY,30.95,,NIFTY
2022-11-23 14:44:13,18350,PE,BUY,56.6,,NIFTY
2022-11-23 14:44:14,18350,CE,SELL,30.9,-0.05000000000000071,NIFTY
2022-11-23 14:44:14,18350,PE,SELL,56.6,0.0,NIFTY
2022-11-23 14:44:14,18300,CE,BUY,57.4,,NIFTY
2022-11-23 14:44:14,18300,PE,BUY,33.05,,NIFTY
2022-11-23 14:44:15,18300,CE,SELL,57.5,0.10000000000000142,NIFTY
2022-11-23 14:44:15,18300,PE,SELL,32.95,-0.09999999999999432,NIFTY
2022-11-23 14:44:15,18350,CE,BUY,30.9,,NIFTY
2022-11-23 14:44:15,18350,PE,BUY,56.5,,NIFTY
2022-11-23 14:46:31,18350,CE,SELL,30.95,0.05000000000000071,NIFTY
2022-11-23 14:46:31,18350,PE,SELL,56.75,0.25,NIFTY
2022-11-23 14:46:31,18300,CE,BUY,57.5,,NIFTY
2022-11-23 14:46:31,18300,PE,BUY,33.2,,NIFTY
2022-11-23 14:46:32,18300,CE,SELL,57.65,0.14999999999999858,NIFTY
2022-11-23 14:46:32,18300,PE,SELL,33.15,-0.05000000000000426,NIFTY
2022-11-23 14:46:32,18350,CE,BUY,31.05,,NIFTY
2022-11-23 14:46:32,18350,PE,BUY,56.75,,NIFTY
2022-11-23 14:46:34,18350,CE,SELL,31.25,0.1999999999999993,NIFTY
2022-11-23 14:46:34,18350,PE,SELL,56.45,-0.29999999999999716,NIFTY
2022-11-23 14:46:34,18300,CE,BUY,58.0,,NIFTY
2022-11-23 14:46:34,18300,PE,BUY,32.95,,NIFTY
2022-11-23 14:46:38,18300,CE,SELL,58.2,0.20000000000000284,NIFTY
2022-11-23 14:46:38,18300,PE,SELL,32.8,-0.15000000000000568,NIFTY
2022-11-23 14:46:38,18350,CE,BUY,31.6,,NIFTY
2022-11-23 14:46:38,18350,PE,BUY,56.2,,NIFTY
2022-11-23 14:46:42,18350,CE,SELL,31.45,-0.15000000000000213,NIFTY
2022-11-23 14:46:42,18350,PE,SELL,56.25,0.04999999999999716,NIFTY
2022-11-23 14:46:42,18300,CE,BUY,58.25,,NIFTY
2022-11-23 14:46:42,18300,PE,BUY,32.9,,NIFTY
2022-11-23 14:46:43,18300,CE,SELL,58.35,0.10000000000000142,NIFTY
2022-11-23 14:46:43,18300,PE,SELL,32.8,-0.10000000000000142,NIFTY
2022-11-23 14:46:43,18350,CE,BUY,31.6,,NIFTY
2022-11-23 14:46:43,18350,PE,BUY,56.1,,NIFTY
2022-11-23 14:47:58,18350,CE,SELL,31.35,-0.25,NIFTY
2022-11-23 14:47:58,18350,PE,SELL,56.5,0.3999999999999986,NIFTY
2022-11-23 14:47:58,18300,CE,BUY,57.95,,NIFTY
2022-11-23 14:47:58,18300,PE,BUY,33.0,,NIFTY
2022-11-23 14:47:59,18300,CE,SELL,58.0,0.04999999999999716,NIFTY
2022-11-23 14:47:59,18300,PE,SELL,33.1,0.10000000000000142,NIFTY
2022-11-23 14:47:59,18350,CE,BUY,31.45,,NIFTY
2022-11-23 14:47:59,18350,PE,BUY,56.65,,NIFTY
2022-11-23 14:48:01,18350,CE,SELL,31.5,0.05000000000000071,NIFTY
2022-11-23 14:48:01,18350,PE,SELL,56.75,0.10000000000000142,NIFTY
2022-11-23 14:48:01,18300,CE,BUY,57.95,,NIFTY
2022-11-23 14:48:01,18300,PE,BUY,33.1,,NIFTY
2022-11-23 14:48:03,18300,CE,SELL,57.85,-0.10000000000000142,NIFTY
2022-11-23 14:48:03,18300,PE,SELL,33.15,0.04999999999999716,NIFTY
2022-11-23 14:48:03,18350,CE,BUY,31.4,,NIFTY
2022-11-23 14:48:03,18350,PE,BUY,56.8,,NIFTY
2022-11-23 14:48:07,18350,CE,SELL,31.5,0.10000000000000142,NIFTY
2022-11-23 14:48:07,18350,PE,SELL,56.8,0.0,NIFTY
2022-11-23 14:48:07,18300,CE,BUY,57.75,,NIFTY
2022-11-23 14:48:07,18300,PE,BUY,33.15,,NIFTY
2022-11-23 14:48:08,18300,CE,SELL,57.8,0.04999999999999716,NIFTY
2022-11-23 14:48:08,18300,PE,SELL,33.05,-0.10000000000000142,NIFTY
2022-11-23 14:48:08,18350,CE,BUY,31.45,,NIFTY
2022-11-23 14:48:08,18350,PE,BUY,56.8,,NIFTY
2022-11-23 14:48:14,18350,CE,SELL,30.75,-0.6999999999999993,NIFTY
2022-11-23 14:48:14,18350,PE,SELL,57.4,0.6000000000000014,NIFTY
2022-11-23 14:48:14,18300,CE,BUY,56.9,,NIFTY
2022-11-23 14:48:14,18300,PE,BUY,33.45,,NIFTY
2022-11-23 14:48:17,18300,CE,SELL,57.15,0.25,NIFTY
2022-11-23 14:48:17,18300,PE,SELL,33.35,-0.10000000000000142,NIFTY
2022-11-23 14:48:17,18350,CE,BUY,30.85,,NIFTY
2022-11-23 14:48:17,18350,PE,BUY,56.95,,NIFTY
2022-11-23 14:48:21,18350,CE,SELL,30.6,-0.25,NIFTY
2022-11-23 14:48:21,18350,PE,SELL,57.3,0.3499999999999943,NIFTY
2022-11-23 14:48:21,18300,CE,BUY,56.45,,NIFTY
2022-11-23 14:48:21,18300,PE,BUY,33.55,,NIFTY
2022-11-23 14:49:45,18300,CE,SELL,56.7,0.25,NIFTY
2022-11-23 14:49:45,18300,PE,SELL,33.7,0.15000000000000568,NIFTY
2022-11-23 14:49:45,18350,CE,BUY,30.95,,NIFTY
2022-11-23 14:49:45,18350,PE,BUY,57.65,,NIFTY
2022-11-23 14:49:47,18350,CE,SELL,31.25,0.3000000000000007,NIFTY
2022-11-23 14:49:47,18350,PE,SELL,56.95,-0.6999999999999957,NIFTY
2022-11-23 14:49:47,18300,CE,BUY,57.3,,NIFTY
2022-11-23 14:49:47,18300,PE,BUY,33.1,,NIFTY
2022-11-23 14:49:55,18300,CE,SELL,56.8,-0.5,NIFTY
2022-11-23 14:49:55,18300,PE,SELL,33.6,0.5,NIFTY
2022-11-23 14:49:55,18350,CE,BUY,30.9,,NIFTY
2022-11-23 14:49:55,18350,PE,BUY,57.65,,NIFTY
2022-11-23 14:49:56,18350,CE,SELL,30.85,-0.04999999999999716,NIFTY
2022-11-23 14:49:56,18350,PE,SELL,57.65,0.0,NIFTY
2022-11-23 14:49:56,18300,CE,BUY,56.85,,NIFTY
2022-11-23 14:49:56,18300,PE,BUY,33.7,,NIFTY
2022-11-23 14:49:58,18300,CE,SELL,56.7,-0.14999999999999858,NIFTY
2022-11-23 14:49:58,18300,PE,SELL,33.6,-0.10000000000000142,NIFTY
2022-11-23 14:49:58,18350,CE,BUY,30.8,,NIFTY
2022-11-23 14:49:58,18350,PE,BUY,57.5,,NIFTY
2022-11-23 14:50:01,18350,CE,SELL,30.75,-0.05000000000000071,NIFTY
2022-11-23 14:50:01,18350,PE,SELL,57.7,0.20000000000000284,NIFTY
2022-11-23 14:50:01,18300,CE,BUY,56.65,,NIFTY
2022-11-23 14:50:01,18300,PE,BUY,33.85,,NIFTY
2022-11-23 14:50:11,18300,CE,SELL,56.9,0.25,NIFTY
2022-11-23 14:50:11,18300,PE,SELL,33.5,-0.3500000000000014,NIFTY
2022-11-23 14:50:11,18350,CE,BUY,30.95,,NIFTY
2022-11-23 14:50:11,18350,PE,BUY,57.3,,NIFTY
2022-11-23 14:50:15,18350,CE,SELL,31.0,0.05000000000000071,NIFTY
2022-11-23 14:50:15,18350,PE,SELL,57.55,0.25,NIFTY
2022-11-23 14:50:15,18300,CE,BUY,57.0,,NIFTY
2022-11-23 14:50:15,18300,PE,BUY,33.5,,NIFTY
2022-11-23 14:50:19,18300,CE,SELL,56.5,-0.5,NIFTY
2022-11-23 14:50:19,18300,PE,SELL,33.7,0.20000000000000284,NIFTY
2022-11-23 14:50:19,18350,CE,BUY,30.7,,NIFTY
2022-11-23 14:50:19,18350,PE,BUY,57.8,,NIFTY
2022-11-23 14:50:21,18350,CE,SELL,30.85,0.15000000000000213,NIFTY
2022-11-23 14:50:21,18350,PE,SELL,57.65,-0.14999999999999858,NIFTY
2022-11-23 14:50:21,18300,CE,BUY,56.7,,NIFTY
2022-11-23 14:50:21,18300,PE,BUY,33.9,,NIFTY
2022-11-23 14:50:22,18300,CE,SELL,56.85,0.14999999999999858,NIFTY
2022-11-23 14:50:22,18300,PE,SELL,33.75,-0.14999999999999858,NIFTY
2022-11-23 14:50:22,18350,CE,BUY,30.9,,NIFTY
2022-11-23 14:50:22,18350,PE,BUY,57.7,,NIFTY
2022-11-23 14:50:23,18350,CE,SELL,30.95,0.05000000000000071,NIFTY
2022-11-23 14:50:23,18350,PE,SELL,57.7,0.0,NIFTY
2022-11-23 14:50:23,18300,CE,BUY,57.05,,NIFTY
2022-11-23 14:50:23,18300,PE,BUY,33.85,,NIFTY
2022-11-23 14:50:28,18300,CE,SELL,56.85,-0.19999999999999574,NIFTY
2022-11-23 14:50:28,18300,PE,SELL,33.85,0.0,NIFTY
2022-11-23 14:50:28,18350,CE,BUY,30.8,,NIFTY
2022-11-23 14:50:28,18350,PE,BUY,57.8,,NIFTY
2022-11-23 14:50:33,18350,CE,SELL,31.1,0.3000000000000007,NIFTY
2022-11-23 14:50:33,18350,PE,SELL,57.5,-0.29999999999999716,NIFTY
2022-11-23 14:50:33,18300,CE,BUY,57.2,,NIFTY
2022-11-23 14:50:33,18300,PE,BUY,33.55,,NIFTY
2022-11-23 14:50:34,18300,CE,SELL,57.45,0.25,NIFTY
2022-11-23 14:50:34,18300,PE,SELL,33.5,-0.04999999999999716,NIFTY
2022-11-23 14:50:34,18350,CE,BUY,31.1,,NIFTY
2022-11-23 14:50:34,18350,PE,BUY,57.4,,NIFTY
2022-11-23 14:50:36,18350,CE,SELL,31.1,0.0,NIFTY
2022-11-23 14:50:36,18350,PE,SELL,57.65,0.25,NIFTY
2022-11-23 14:50:36,18300,CE,BUY,57.45,,NIFTY
2022-11-23 14:50:36,18300,PE,BUY,33.8,,NIFTY
2022-11-23 14:50:37,18300,CE,SELL,57.5,0.04999999999999716,NIFTY
2022-11-23 14:50:37,18300,PE,SELL,33.7,-0.09999999999999432,NIFTY
2022-11-23 14:50:37,18350,CE,BUY,31.1,,NIFTY
2022-11-23 14:50:37,18350,PE,BUY,57.5,,NIFTY
2022-11-23 14:50:38,18350,CE,SELL,31.05,-0.05000000000000071,NIFTY
2022-11-23 14:50:38,18350,PE,SELL,57.3,-0.20000000000000284,NIFTY
2022-11-23 14:50:38,18300,CE,BUY,57.35,,NIFTY
2022-11-23 14:50:38,18300,PE,BUY,33.55,,NIFTY
2022-11-23 14:50:40,18300,CE,SELL,57.35,0.0,NIFTY
2022-11-23 14:50:40,18300,PE,SELL,33.6,0.05000000000000426,NIFTY
2022-11-23 14:50:40,18350,CE,BUY,31.2,,NIFTY
2022-11-23 14:50:40,18350,PE,BUY,57.45,,NIFTY
2022-11-23 14:50:41,18350,CE,SELL,31.0,-0.1999999999999993,NIFTY
2022-11-23 14:50:41,18350,PE,SELL,57.6,0.14999999999999858,NIFTY
2022-11-23 14:50:41,18300,CE,BUY,57.45,,NIFTY
2022-11-23 14:50:41,18300,PE,BUY,33.65,,NIFTY
2022-11-23 14:50:42,18300,CE,SELL,57.3,-0.15000000000000568,NIFTY
2022-11-23 14:50:42,18300,PE,SELL,33.65,0.0,NIFTY
2022-11-23 14:50:42,18350,CE,BUY,31.05,,NIFTY
2022-11-23 14:50:42,18350,PE,BUY,57.6,,NIFTY
2022-11-23 14:50:43,18350,CE,SELL,31.1,0.05000000000000071,NIFTY
2022-11-23 14:50:43,18350,PE,SELL,57.5,-0.10000000000000142,NIFTY
2022-11-23 14:50:43,18300,CE,BUY,57.35,,NIFTY
2022-11-23 14:50:43,18300,PE,BUY,33.75,,NIFTY
2022-11-23 14:50:46,18300,CE,SELL,57.75,0.3999999999999986,NIFTY
2022-11-23 14:50:46,18300,PE,SELL,33.3,-0.45000000000000284,NIFTY
2022-11-23 14:50:46,18350,CE,BUY,31.15,,NIFTY
2022-11-23 14:50:46,18350,PE,BUY,57.0,,NIFTY
2022-11-23 15:00:24,18350,CE,SELL,29.95,-1.1999999999999993,NIFTY
2022-11-23 15:00:24,18350,PE,SELL,56.55,-0.45000000000000284,NIFTY
2022-11-23 15:00:24,18300,CE,BUY,55.75,,NIFTY
2022-11-23 15:00:24,18300,PE,BUY,32.55,,NIFTY
2022-11-23 15:00:25,18300,CE,SELL,55.75,0.0,NIFTY
2022-11-23 15:00:25,18300,PE,SELL,33.05,0.5,NIFTY
2022-11-23 15:00:25,18350,CE,BUY,29.95,,NIFTY
2022-11-23 15:00:25,18350,PE,BUY,57.5,,NIFTY
2022-11-23 15:00:26,18350,CE,SELL,28.6,-1.3499999999999979,NIFTY
2022-11-23 15:00:26,18350,PE,SELL,58.0,0.5,NIFTY
2022-11-23 15:00:26,18300,CE,BUY,53.8,,NIFTY
2022-11-23 15:00:26,18300,PE,BUY,33.25,,NIFTY
2022-11-23 15:00:44,18300,CE,SELL,57.65,3.8500000000000014,NIFTY
2022-11-23 15:00:44,18300,PE,SELL,32.0,-1.25,NIFTY
2022-11-23 15:00:44,18350,CE,BUY,31.35,,NIFTY
2022-11-23 15:00:44,18350,PE,BUY,55.45,,NIFTY
2022-11-23 15:01:16,18350,CE,SELL,30.5,-0.8500000000000014,NIFTY
2022-11-23 15:01:16,18350,PE,SELL,56.45,1.0,NIFTY
2022-11-23 15:01:16,18300,CE,BUY,57.0,,NIFTY
2022-11-23 15:01:16,18300,PE,BUY,32.7,,NIFTY
2022-11-23 15:01:37,18300,CE,SELL,56.95,-0.04999999999999716,NIFTY
2022-11-23 15:01:37,18300,PE,SELL,32.75,0.04999999999999716,NIFTY
2022-11-23 15:01:37,18350,CE,BUY,30.9,,NIFTY
2022-11-23 15:01:37,18350,PE,BUY,56.55,,NIFTY
2022-11-23 15:01:38,18350,CE,SELL,30.6,-0.29999999999999716,NIFTY
2022-11-23 15:01:38,18350,PE,SELL,56.95,0.4000000000000057,NIFTY
2022-11-23 15:01:38,18300,CE,BUY,56.5,,NIFTY
2022-11-23 15:01:38,18300,PE,BUY,33.0,,NIFTY
2022-11-23 15:01:46,18300,CE,SELL,56.8,0.29999999999999716,NIFTY
2022-11-23 15:01:46,18300,PE,SELL,33.0,0.0,NIFTY
2022-11-23 15:01:46,18350,CE,BUY,30.8,,NIFTY
2022-11-23 15:01:46,18350,PE,BUY,56.95,,NIFTY
2022-11-23 15:02:01,18350,CE,SELL,31.2,0.3999999999999986,NIFTY
2022-11-23 15:02:01,18350,PE,SELL,56.1,-0.8500000000000014,NIFTY
2022-11-23 15:02:01,18300,CE,BUY,57.45,,NIFTY
2022-11-23 15:02:01,18300,PE,BUY,32.35,,NIFTY
2022-11-23 15:02:02,18300,CE,SELL,57.6,0.14999999999999858,NIFTY
2022-11-23 15:02:02,18300,PE,SELL,32.6,0.25,NIFTY
2022-11-23 15:02:02,18350,CE,BUY,31.35,,NIFTY
2022-11-23 15:02:02,18350,PE,BUY,56.1,,NIFTY
2022-11-23 15:02:12,18350,CE,SELL,31.25,-0.10000000000000142,NIFTY
2022-11-23 15:02:12,18350,PE,SELL,56.0,-0.10000000000000142,NIFTY
2022-11-23 15:02:12,18300,CE,BUY,57.45,,NIFTY
2022-11-23 15:02:12,18300,PE,BUY,32.3,,NIFTY
2022-11-23 15:02:16,18300,CE,SELL,56.3,-1.1500000000000057,NIFTY
2022-11-23 15:02:16,18300,PE,SELL,32.7,0.4000000000000057,NIFTY
2022-11-23 15:02:16,18350,CE,BUY,30.4,,NIFTY
2022-11-23 15:02:16,18350,PE,BUY,56.65,,NIFTY
2022-11-23 15:02:19,18350,CE,SELL,30.3,-0.09999999999999787,NIFTY
2022-11-23 15:02:19,18350,PE,SELL,57.25,0.6000000000000014,NIFTY
2022-11-23 15:02:19,18300,CE,BUY,56.0,,NIFTY
2022-11-23 15:02:19,18300,PE,BUY,33.2,,NIFTY
2022-11-23 15:09:09,18300,CE,SELL,31.05,-24.95,NIFTY
2022-11-23 15:09:09,18300,PE,SELL,58.5,25.299999999999997,NIFTY
2022-11-23 15:09:09,18250,CE,BUY,58.4,,NIFTY
2022-11-23 15:09:09,18250,PE,BUY,35.95,,NIFTY
2022-11-23 15:09:11,18250,CE,SELL,59.5,1.1000000000000014,NIFTY
2022-11-23 15:09:11,18250,PE,SELL,35.4,-0.5500000000000043,NIFTY
2022-11-23 15:09:11,18300,CE,BUY,31.75,,NIFTY
2022-11-23 15:09:11,18300,PE,BUY,57.65,,NIFTY
2022-11-23 15:09:13,18300,CE,SELL,32.2,0.45000000000000284,NIFTY
2022-11-23 15:09:13,18300,PE,SELL,57.25,-0.3999999999999986,NIFTY
2022-11-23 15:09:13,18250,CE,BUY,60.35,,NIFTY
2022-11-23 15:09:13,18250,PE,BUY,35.05,,NIFTY
2022-11-23 15:09:14,18250,CE,SELL,60.8,0.44999999999999574,NIFTY
2022-11-23 15:09:14,18250,PE,SELL,35.05,0.0,NIFTY
2022-11-23 15:09:14,18300,CE,BUY,32.35,,NIFTY
2022-11-23 15:09:14,18300,PE,BUY,56.95,,NIFTY
2022-11-23 15:16:00,18300,CE,SELL,30.25,-2.1000000000000014,NIFTY
2022-11-23 15:16:00,18300,PE,SELL,58.9,1.9499999999999957,NIFTY
2022-11-23 15:16:00,18250,CE,BUY,57.2,,NIFTY
2022-11-23 15:16:00,18250,PE,BUY,36.0,,NIFTY
2022-11-23 15:16:39,18250,CE,SELL,57.7,0.5,NIFTY
2022-11-23 15:16:39,18250,PE,SELL,34.8,-1.2000000000000028,NIFTY
2022-11-23 15:16:39,18300,CE,BUY,30.0,,NIFTY
2022-11-23 15:16:39,18300,PE,BUY,57.25,,NIFTY
2022-11-23 15:16:40,18300,CE,SELL,30.0,0.0,NIFTY
2022-11-23 15:16:40,18300,PE,SELL,56.55,-0.7000000000000028,NIFTY
2022-11-23 15:16:40,18250,CE,BUY,57.7,,NIFTY
2022-11-23 15:16:40,18250,PE,BUY,34.2,,NIFTY
2022-11-23 15:16:41,18250,CE,SELL,58.1,0.3999999999999986,NIFTY
2022-11-23 15:16:41,18250,PE,SELL,34.8,0.5999999999999943,NIFTY
2022-11-23 15:16:41,18300,CE,BUY,30.2,,NIFTY
2022-11-23 15:16:41,18300,PE,BUY,57.45,,NIFTY
2022-11-23 15:16:42,18300,CE,SELL,29.8,-0.3999999999999986,NIFTY
2022-11-23 15:16:42,18300,PE,SELL,57.4,-0.05000000000000426,NIFTY
2022-11-23 15:16:42,18250,CE,BUY,57.1,,NIFTY
2022-11-23 15:16:42,18250,PE,BUY,34.75,,NIFTY
2022-11-23 15:16:44,18250,CE,SELL,57.55,0.44999999999999574,NIFTY
2022-11-23 15:16:44,18250,PE,SELL,35.1,0.3500000000000014,NIFTY
2022-11-23 15:16:44,18300,CE,BUY,29.9,,NIFTY
2022-11-23 15:16:44,18300,PE,BUY,57.55,,NIFTY
2022-11-23 15:16:47,18300,CE,SELL,29.8,-0.09999999999999787,NIFTY
2022-11-23 15:16:47,18300,PE,SELL,57.05,-0.5,NIFTY
2022-11-23 15:16:47,18250,CE,BUY,57.3,,NIFTY
2022-11-23 15:16:47,18250,PE,BUY,34.8,,NIFTY
2022-11-23 15:16:53,18250,CE,SELL,58.2,0.9000000000000057,NIFTY
2022-11-23 15:16:53,18250,PE,SELL,34.05,-0.75,NIFTY
2022-11-23 15:16:53,18300,CE,BUY,30.4,,NIFTY
2022-11-23 15:16:53,18300,PE,BUY,56.65,,NIFTY
2022-11-23 15:16:55,18300,CE,SELL,30.5,0.10000000000000142,NIFTY
2022-11-23 15:16:55,18300,PE,SELL,56.35,-0.29999999999999716,NIFTY
2022-11-23 15:16:55,18250,CE,BUY,58.3,,NIFTY
2022-11-23 15:16:55,18250,PE,BUY,34.0,,NIFTY
2022-11-23 15:16:58,18250,CE,SELL,59.1,0.8000000000000043,NIFTY
2022-11-23 15:16:58,18250,PE,SELL,33.05,-0.9500000000000028,NIFTY
2022-11-23 15:16:58,18300,CE,BUY,30.85,,NIFTY
2022-11-23 15:16:58,18300,PE,BUY,55.3,,NIFTY
2022-11-23 15:17:13,18300,CE,SELL,30.65,-0.20000000000000284,NIFTY
2022-11-23 15:17:13,18300,PE,SELL,56.35,1.0500000000000043,NIFTY
2022-11-23 15:17:13,18250,CE,BUY,58.55,,NIFTY
2022-11-23 15:17:13,18250,PE,BUY,34.2,,NIFTY
2022-11-23 15:17:14,18250,CE,SELL,58.85,0.30000000000000426,NIFTY
2022-11-23 15:17:14,18250,PE,SELL,34.15,-0.05000000000000426,NIFTY
2022-11-23 15:17:14,18300,CE,BUY,30.95,,NIFTY
2022-11-23 15:17:14,18300,PE,BUY,56.35,,NIFTY
2022-11-23 15:19:36,18300,CE,SELL,29.3,-1.6499999999999986,NIFTY
2022-11-23 15:19:36,18300,PE,SELL,57.35,1.0,NIFTY
2022-11-23 15:19:36,18250,CE,BUY,56.75,,NIFTY
2022-11-23 15:19:36,18250,PE,BUY,34.55,,NIFTY
2022-11-23 15:19:37,18250,CE,SELL,56.7,-0.04999999999999716,NIFTY
2022-11-23 15:19:37,18250,PE,SELL,34.55,0.0,NIFTY
2022-11-23 15:19:37,18300,CE,BUY,29.45,,NIFTY
2022-11-23 15:19:37,18300,PE,BUY,57.35,,NIFTY
2022-11-23 15:19:40,18300,CE,SELL,29.8,0.3500000000000014,NIFTY
2022-11-23 15:19:40,18300,PE,SELL,56.7,-0.6499999999999986,NIFTY
2022-11-23 15:19:40,18250,CE,BUY,57.45,,NIFTY
2022-11-23 15:19:40,18250,PE,BUY,34.2,,NIFTY
2022-11-23 15:19:41,18250,CE,SELL,57.85,0.3999999999999986,NIFTY
2022-11-23 15:19:41,18250,PE,SELL,34.25,0.04999999999999716,NIFTY
2022-11-23 15:19:41,18300,CE,BUY,30.0,,NIFTY
2022-11-23 15:19:41,18300,PE,BUY,57.0,,NIFTY
2022-11-23 15:19:43,18300,CE,SELL,29.95,-0.05000000000000071,NIFTY
2022-11-23 15:19:43,18300,PE,SELL,56.7,-0.29999999999999716,NIFTY
2022-11-23 15:19:43,18250,CE,BUY,57.6,,NIFTY
2022-11-23 15:19:43,18250,PE,BUY,34.2,,NIFTY
2022-11-23 15:19:44,18250,CE,SELL,57.6,0.0,NIFTY
2022-11-23 15:19:44,18250,PE,SELL,34.2,0.0,NIFTY
2022-11-23 15:19:44,18300,CE,BUY,30.0,,NIFTY
2022-11-23 15:19:44,18300,PE,BUY,56.6,,NIFTY
2022-11-23 15:19:46,18300,CE,SELL,29.6,-0.3999999999999986,NIFTY
2022-11-23 15:19:46,18300,PE,SELL,56.85,0.25,NIFTY
2022-11-23 15:19:46,18250,CE,BUY,57.15,,NIFTY
2022-11-23 15:19:46,18250,PE,BUY,34.4,,NIFTY
2022-11-23 15:19:52,18250,CE,SELL,57.55,0.3999999999999986,NIFTY
2022-11-23 15:19:52,18250,PE,SELL,33.85,-0.5499999999999972,NIFTY
2022-11-23 15:19:52,18300,CE,BUY,29.8,,NIFTY
2022-11-23 15:19:52,18300,PE,BUY,56.25,,NIFTY
2022-11-23 15:19:57,18300,CE,SELL,29.45,-0.3500000000000014,NIFTY
2022-11-23 15:19:57,18300,PE,SELL,56.6,0.3500000000000014,NIFTY
2022-11-23 15:19:57,18250,CE,BUY,57.1,,NIFTY
2022-11-23 15:19:57,18250,PE,BUY,34.05,,NIFTY
2022-11-23 15:20:00,18250,CE,SELL,57.55,0.44999999999999574,NIFTY
2022-11-23 15:20:00,18250,PE,SELL,33.95,-0.09999999999999432,NIFTY
2022-11-23 15:20:00,18300,CE,BUY,29.75,,NIFTY
2022-11-23 15:20:00,18300,PE,BUY,56.55,,NIFTY
2022-11-23 15:20:03,18300,CE,SELL,29.55,-0.1999999999999993,NIFTY
2022-11-23 15:20:03,18300,PE,SELL,57.2,0.6500000000000057,NIFTY
2022-11-23 15:20:03,18250,CE,BUY,56.8,,NIFTY
2022-11-23 15:20:03,18250,PE,BUY,34.55,,NIFTY
2022-11-23 15:20:04,18250,CE,SELL,56.5,-0.29999999999999716,NIFTY
2022-11-23 15:20:04,18250,PE,SELL,34.75,0.20000000000000284,NIFTY
2022-11-23 15:20:04,18300,CE,BUY,29.4,,NIFTY
2022-11-23 15:20:04,18300,PE,BUY,57.35,,NIFTY
2022-11-23 15:20:05,18300,CE,SELL,29.4,0.0,NIFTY
2022-11-23 15:20:05,18300,PE,SELL,57.6,0.25,NIFTY
2022-11-23 15:20:05,18250,CE,BUY,56.65,,NIFTY
2022-11-23 15:20:05,18250,PE,BUY,34.9,,NIFTY
2022-11-23 15:20:08,18250,CE,SELL,56.6,-0.04999999999999716,NIFTY
2022-11-23 15:20:08,18250,PE,SELL,34.8,-0.10000000000000142,NIFTY
2022-11-23 15:20:08,18300,CE,BUY,29.5,,NIFTY
2022-11-23 15:20:08,18300,PE,BUY,57.5,,NIFTY
2022-11-23 15:20:09,18300,CE,SELL,29.6,0.10000000000000142,NIFTY
2022-11-23 15:20:09,18300,PE,SELL,57.2,-0.29999999999999716,NIFTY
2022-11-23 15:20:09,18250,CE,BUY,56.9,,NIFTY
2022-11-23 15:20:09,18250,PE,BUY,34.55,,NIFTY
2022-11-23 15:20:10,18250,CE,SELL,57.1,0.20000000000000284,NIFTY
2022-11-23 15:20:10,18250,PE,SELL,34.5,-0.04999999999999716,NIFTY
2022-11-23 15:20:10,18300,CE,BUY,29.7,,NIFTY
2022-11-23 15:20:10,18300,PE,BUY,57.15,,NIFTY
2022-11-23 15:20:12,18300,CE,SELL,29.6,-0.09999999999999787,NIFTY
2022-11-23 15:20:12,18300,PE,SELL,57.3,0.14999999999999858,NIFTY
2022-11-23 15:20:12,18250,CE,BUY,56.95,,NIFTY
2022-11-23 15:20:12,18250,PE,BUY,34.65,,NIFTY
2022-11-23 15:20:14,18250,CE,SELL,56.2,-0.75,NIFTY
2022-11-23 15:20:14,18250,PE,SELL,34.85,0.20000000000000284,NIFTY
2022-11-23 15:20:14,18300,CE,BUY,29.2,,NIFTY
2022-11-23 15:20:14,18300,PE,BUY,57.4,,NIFTY
2022-11-23 15:20:16,18300,CE,SELL,29.55,0.3500000000000014,NIFTY
2022-11-23 15:20:16,18300,PE,SELL,57.4,0.0,NIFTY
2022-11-23 15:20:16,18250,CE,BUY,56.85,,NIFTY
2022-11-23 15:20:16,18250,PE,BUY,34.85,,NIFTY
2022-11-23 15:20:18,18250,CE,SELL,57.0,0.14999999999999858,NIFTY
2022-11-23 15:20:18,18250,PE,SELL,34.55,-0.30000000000000426,NIFTY
2022-11-23 15:20:18,18300,CE,BUY,29.5,,NIFTY
2022-11-23 15:20:18,18300,PE,BUY,57.05,,NIFTY
2022-11-23 15:20:19,18300,CE,SELL,29.55,0.05000000000000071,NIFTY
2022-11-23 15:20:19,18300,PE,SELL,56.6,-0.44999999999999574,NIFTY
2022-11-23 15:20:19,18250,CE,BUY,57.05,,NIFTY
2022-11-23 15:20:19,18250,PE,BUY,34.2,,NIFTY
2022-11-23 15:20:20,18250,CE,SELL,56.5,-0.5499999999999972,NIFTY
2022-11-23 15:20:20,18250,PE,SELL,34.45,0.25,NIFTY
2022-11-23 15:20:20,18300,CE,BUY,29.3,,NIFTY
2022-11-23 15:20:20,18300,PE,BUY,57.15,,NIFTY
2022-11-23 15:20:21,18300,CE,SELL,29.45,0.14999999999999858,NIFTY
2022-11-23 15:20:21,18300,PE,SELL,57.35,0.20000000000000284,NIFTY
2022-11-23 15:20:21,18250,CE,BUY,56.65,,NIFTY
2022-11-23 15:20:21,18250,PE,BUY,34.6,,NIFTY
2022-11-23 15:20:22,18250,CE,SELL,56.8,0.14999999999999858,NIFTY
2022-11-23 15:20:22,18250,PE,SELL,34.45,-0.14999999999999858,NIFTY
2022-11-23 15:20:22,18300,CE,BUY,29.5,,NIFTY
2022-11-23 15:20:22,18300,PE,BUY,57.15,,NIFTY
2022-11-23 15:20:24,18300,CE,SELL,29.25,-0.25,NIFTY
2022-11-23 15:20:24,18300,PE,SELL,57.3,0.14999999999999858,NIFTY
2022-11-23 15:20:24,18250,CE,BUY,56.3,,NIFTY
2022-11-23 15:20:24,18250,PE,BUY,34.6,,NIFTY
2022-11-23 15:21:30,18250,CE,SELL,56.2,-0.09999999999999432,NIFTY
2022-11-23 15:21:30,18250,PE,SELL,33.95,-0.6499999999999986,NIFTY
2022-11-23 15:21:30,18300,CE,BUY,29.0,,NIFTY
2022-11-23 15:21:30,18300,PE,BUY,56.65,,NIFTY
2022-11-23 15:21:31,18300,CE,SELL,29.0,0.0,NIFTY
2022-11-23 15:21:31,18300,PE,SELL,56.8,0.14999999999999858,NIFTY
2022-11-23 15:21:31,18250,CE,BUY,56.2,,NIFTY
2022-11-23 15:21:31,18250,PE,BUY,33.75,,NIFTY
2022-11-23 15:21:32,18250,CE,SELL,56.25,0.04999999999999716,NIFTY
2022-11-23 15:21:32,18250,PE,SELL,33.85,0.10000000000000142,NIFTY
2022-11-23 15:21:32,18300,CE,BUY,29.0,,NIFTY
2022-11-23 15:21:32,18300,PE,BUY,56.8,,NIFTY
2022-11-23 15:21:38,18300,CE,SELL,28.9,-0.10000000000000142,NIFTY
2022-11-23 15:21:38,18300,PE,SELL,56.45,-0.3499999999999943,NIFTY
2022-11-23 15:21:38,18250,CE,BUY,56.15,,NIFTY
2022-11-23 15:21:38,18250,PE,BUY,33.6,,NIFTY
2022-11-23 15:21:39,18250,CE,SELL,56.6,0.45000000000000284,NIFTY
2022-11-23 15:21:39,18250,PE,SELL,33.6,0.0,NIFTY
2022-11-23 15:21:39,18300,CE,BUY,29.15,,NIFTY
2022-11-23 15:21:39,18300,PE,BUY,56.05,,NIFTY
2022-11-23 15:21:45,18300,CE,SELL,29.15,0.0,NIFTY
2022-11-23 15:21:45,18300,PE,SELL,55.1,-0.9499999999999957,NIFTY
2022-11-23 15:21:45,18250,CE,BUY,56.75,,NIFTY
2022-11-23 15:21:45,18250,PE,BUY,32.65,,NIFTY
2022-11-23 15:21:48,18250,CE,SELL,56.6,-0.14999999999999858,NIFTY
2022-11-23 15:21:48,18250,PE,SELL,32.75,0.10000000000000142,NIFTY
2022-11-23 15:21:48,18300,CE,BUY,29.05,,NIFTY
2022-11-23 15:21:48,18300,PE,BUY,55.15,,NIFTY
2022-11-23 15:21:49,18300,CE,SELL,28.9,-0.15000000000000213,NIFTY
2022-11-23 15:21:49,18300,PE,SELL,55.45,0.30000000000000426,NIFTY
2022-11-23 15:21:49,18250,CE,BUY,56.25,,NIFTY
2022-11-23 15:21:49,18250,PE,BUY,32.95,,NIFTY
2022-11-23 15:21:50,18250,CE,SELL,56.35,0.10000000000000142,NIFTY
2022-11-23 15:21:50,18250,PE,SELL,32.9,-0.05000000000000426,NIFTY
2022-11-23 15:21:50,18300,CE,BUY,28.85,,NIFTY
2022-11-23 15:21:50,18300,PE,BUY,55.35,,NIFTY
2022-11-23 15:21:52,18300,CE,SELL,28.9,0.04999999999999716,NIFTY
2022-11-23 15:21:52,18300,PE,SELL,55.5,0.14999999999999858,NIFTY
2022-11-23 15:21:52,18250,CE,BUY,56.25,,NIFTY
2022-11-23 15:21:52,18250,PE,BUY,33.1,,NIFTY
2022-11-23 15:22:00,18250,CE,SELL,56.35,0.10000000000000142,NIFTY
2022-11-23 15:22:00,18250,PE,SELL,33.0,-0.10000000000000142,NIFTY
2022-11-23 15:22:00,18300,CE,BUY,28.9,,NIFTY
2022-11-23 15:22:00,18300,PE,BUY,55.75,,NIFTY
2022-11-23 15:22:03,18300,CE,SELL,29.2,0.3000000000000007,NIFTY
2022-11-23 15:22:03,18300,PE,SELL,55.0,-0.75,NIFTY
2022-11-23 15:22:03,18250,CE,BUY,57.0,,NIFTY
2022-11-23 15:22:03,18250,PE,BUY,32.45,,NIFTY
2022-11-23 15:22:05,18250,CE,SELL,56.9,-0.10000000000000142,NIFTY
2022-11-23 15:22:05,18250,PE,SELL,32.4,-0.05000000000000426,NIFTY
2022-11-23 15:22:05,18300,CE,BUY,29.3,,NIFTY
2022-11-23 15:22:05,18300,PE,BUY,54.75,,NIFTY
2022-11-23 15:22:07,18300,CE,SELL,29.6,0.3000000000000007,NIFTY
2022-11-23 15:22:07,18300,PE,SELL,54.45,-0.29999999999999716,NIFTY
2022-11-23 15:22:07,18250,CE,BUY,57.5,,NIFTY
2022-11-23 15:22:07,18250,PE,BUY,32.25,,NIFTY
2022-11-23 15:22:08,18250,CE,SELL,57.6,0.10000000000000142,NIFTY
2022-11-23 15:22:08,18250,PE,SELL,31.8,-0.4499999999999993,NIFTY
2022-11-23 15:22:08,18300,CE,BUY,29.6,,NIFTY
2022-11-23 15:22:08,18300,PE,BUY,54.0,,NIFTY
2022-11-23 15:22:26,18300,CE,SELL,28.6,-1.0,NIFTY
2022-11-23 15:22:26,18300,PE,SELL,54.5,0.5,NIFTY
2022-11-23 15:22:26,18250,CE,BUY,56.15,,NIFTY
2022-11-23 15:22:26,18250,PE,BUY,31.95,,NIFTY
2022-11-23 15:22:27,18250,CE,SELL,55.6,-0.5499999999999972,NIFTY
2022-11-23 15:22:27,18250,PE,SELL,31.9,-0.05000000000000071,NIFTY
2022-11-23 15:22:27,18300,CE,BUY,28.3,,NIFTY
2022-11-23 15:22:27,18300,PE,BUY,54.65,,NIFTY
2022-11-23 15:22:37,18300,CE,SELL,28.55,0.25,NIFTY
2022-11-23 15:22:37,18300,PE,SELL,53.95,-0.6999999999999957,NIFTY
2022-11-23 15:22:37,18250,CE,BUY,56.05,,NIFTY
2022-11-23 15:22:37,18250,PE,BUY,31.55,,NIFTY
2022-11-23 15:22:39,18250,CE,SELL,55.9,-0.14999999999999858,NIFTY
2022-11-23 15:22:39,18250,PE,SELL,31.8,0.25,NIFTY
2022-11-23 15:22:39,18300,CE,BUY,28.4,,NIFTY
2022-11-23 15:22:39,18300,PE,BUY,54.3,,NIFTY
2022-11-23 15:23:31,18300,CE,SELL,28.65,0.25,NIFTY
2022-11-23 15:23:31,18300,PE,SELL,56.7,2.4000000000000057,NIFTY
2022-11-23 15:23:31,18250,CE,BUY,55.6,,NIFTY
2022-11-23 15:23:31,18250,PE,BUY,33.65,,NIFTY
2022-11-23 15:24:04,18250,CE,SELL,56.25,0.6499999999999986,NIFTY
2022-11-23 15:24:04,18250,PE,SELL,33.5,-0.14999999999999858,NIFTY
2022-11-23 15:24:04,18300,CE,BUY,28.85,,NIFTY
2022-11-23 15:24:04,18300,PE,BUY,56.25,,NIFTY
2022-11-23 15:24:06,18300,CE,SELL,28.85,0.0,NIFTY
2022-11-23 15:24:06,18300,PE,SELL,56.2,-0.04999999999999716,NIFTY
2022-11-23 15:24:06,18250,CE,BUY,56.15,,NIFTY
2022-11-23 15:24:06,18250,PE,BUY,33.45,,NIFTY
2022-11-23 15:24:08,18250,CE,SELL,56.0,-0.14999999999999858,NIFTY
2022-11-23 15:24:08,18250,PE,SELL,33.6,0.14999999999999858,NIFTY
2022-11-23 15:24:08,18300,CE,BUY,28.85,,NIFTY
2022-11-23 15:24:08,18300,PE,BUY,56.3,,NIFTY
2022-11-23 15:24:09,18300,CE,SELL,28.85,0.0,NIFTY
2022-11-23 15:24:09,18300,PE,SELL,56.5,0.20000000000000284,NIFTY
2022-11-23 15:24:09,18250,CE,BUY,56.1,,NIFTY
2022-11-23 15:24:09,18250,PE,BUY,33.65,,NIFTY
2022-11-23 15:24:11,18250,CE,SELL,55.9,-0.20000000000000284,NIFTY
2022-11-23 15:24:11,18250,PE,SELL,33.8,0.14999999999999858,NIFTY
2022-11-23 15:24:11,18300,CE,BUY,28.75,,NIFTY
2022-11-23 15:24:11,18300,PE,BUY,56.5,,NIFTY
2022-11-23 15:24:17,18300,CE,SELL,28.7,-0.05000000000000071,NIFTY
2022-11-23 15:24:17,18300,PE,SELL,56.9,0.3999999999999986,NIFTY
2022-11-23 15:24:17,18250,CE,BUY,56.05,,NIFTY
2022-11-23 15:24:17,18250,PE,BUY,33.95,,NIFTY
2022-11-23 15:25:13,18250,CE,SELL,55.9,-0.14999999999999858,NIFTY
2022-11-23 15:25:13,18250,PE,SELL,33.7,-0.25,NIFTY
2022-11-23 15:25:13,18300,CE,BUY,28.75,,NIFTY
2022-11-23 15:25:13,18300,PE,BUY,56.4,,NIFTY
2022-11-23 15:25:15,18300,CE,SELL,28.8,0.05000000000000071,NIFTY
2022-11-23 15:25:15,18300,PE,SELL,56.15,-0.25,NIFTY
2022-11-23 15:25:15,18250,CE,BUY,55.95,,NIFTY
2022-11-23 15:25:15,18250,PE,BUY,33.6,,NIFTY
2022-11-23 15:25:16,18250,CE,SELL,56.0,0.04999999999999716,NIFTY
2022-11-23 15:25:16,18250,PE,SELL,33.3,-0.30000000000000426,NIFTY
2022-11-23 15:25:16,18300,CE,BUY,28.8,,NIFTY
2022-11-23 15:25:16,18300,PE,BUY,56.1,,NIFTY
2022-11-23 15:25:19,18300,CE,SELL,28.75,-0.05000000000000071,NIFTY
2022-11-23 15:25:19,18300,PE,SELL,55.7,-0.3999999999999986,NIFTY
2022-11-23 15:25:19,18250,CE,BUY,56.0,,NIFTY
2022-11-23 15:25:19,18250,PE,BUY,33.2,,NIFTY
2022-11-23 15:25:24,18250,CE,SELL,56.15,0.14999999999999858,NIFTY
2022-11-23 15:25:24,18250,PE,SELL,32.7,-0.5,NIFTY
2022-11-23 15:25:24,18300,CE,BUY,28.8,,NIFTY
2022-11-23 15:25:24,18300,PE,BUY,55.3,,NIFTY
2022-11-23 15:25:32,18300,CE,SELL,28.6,-0.1999999999999993,NIFTY
2022-11-23 15:25:32,18300,PE,SELL,55.85,0.5500000000000043,NIFTY
2022-11-23 15:25:32,18250,CE,BUY,55.55,,NIFTY
2022-11-23 15:25:32,18250,PE,BUY,33.35,,NIFTY
2022-11-23 15:25:33,18250,CE,SELL,55.7,0.15000000000000568,NIFTY
2022-11-23 15:25:33,18250,PE,SELL,33.35,0.0,NIFTY
2022-11-23 15:25:33,18300,CE,BUY,28.5,,NIFTY
2022-11-23 15:25:33,18300,PE,BUY,56.0,,NIFTY
2022-11-23 15:25:38,18300,CE,SELL,27.9,-0.6000000000000014,NIFTY
2022-11-23 15:25:38,18300,PE,SELL,55.35,-0.6499999999999986,NIFTY
2022-11-23 15:25:38,18250,CE,BUY,55.15,,NIFTY
2022-11-23 15:25:38,18250,PE,BUY,32.7,,NIFTY
2022-11-23 15:25:40,18250,CE,SELL,54.5,-0.6499999999999986,NIFTY
2022-11-23 15:25:40,18250,PE,SELL,32.45,-0.25,NIFTY
2022-11-23 15:25:40,18300,CE,BUY,27.3,,NIFTY
2022-11-23 15:25:40,18300,PE,BUY,55.05,,NIFTY
2022-11-23 15:25:41,18300,CE,SELL,27.4,0.09999999999999787,NIFTY
2022-11-23 15:25:41,18300,PE,SELL,55.6,0.5500000000000043,NIFTY
2022-11-23 15:25:41,18250,CE,BUY,54.3,,NIFTY
2022-11-23 15:25:41,18250,PE,BUY,32.65,,NIFTY
2022-11-23 15:26:44,18250,CE,SELL,54.9,0.6000000000000014,NIFTY
2022-11-23 15:26:44,18250,PE,SELL,32.15,-0.5,NIFTY
2022-11-23 15:26:44,18300,CE,BUY,27.8,,NIFTY
2022-11-23 15:26:44,18300,PE,BUY,54.9,,NIFTY
2022-11-23 15:26:46,18300,CE,SELL,27.75,-0.05000000000000071,NIFTY
2022-11-23 15:26:46,18300,PE,SELL,54.0,-0.8999999999999986,NIFTY
2022-11-23 15:26:46,18250,CE,BUY,55.2,,NIFTY
2022-11-23 15:26:46,18250,PE,BUY,31.65,,NIFTY
2022-11-23 15:26:47,18250,CE,SELL,55.15,-0.05000000000000426,NIFTY
2022-11-23 15:26:47,18250,PE,SELL,31.6,-0.04999999999999716,NIFTY
2022-11-23 15:26:47,18300,CE,BUY,27.75,,NIFTY
2022-11-23 15:26:47,18300,PE,BUY,53.95,,NIFTY
2022-11-23 15:26:48,18300,CE,SELL,27.7,-0.05000000000000071,NIFTY
2022-11-23 15:26:48,18300,PE,SELL,54.45,0.5,NIFTY
2022-11-23 15:26:48,18250,CE,BUY,55.05,,NIFTY
2022-11-23 15:26:48,18250,PE,BUY,31.8,,NIFTY
2022-11-23 15:26:52,18250,CE,SELL,54.55,-0.5,NIFTY
2022-11-23 15:26:52,18250,PE,SELL,31.9,0.09999999999999787,NIFTY
2022-11-23 15:26:52,18300,CE,BUY,27.4,,NIFTY
2022-11-23 15:26:52,18300,PE,BUY,54.75,,NIFTY
2022-11-23 15:26:53,18300,CE,SELL,27.25,-0.14999999999999858,NIFTY
2022-11-23 15:26:53,18300,PE,SELL,55.0,0.25,NIFTY
2022-11-23 15:26:53,18250,CE,BUY,54.5,,NIFTY
2022-11-23 15:26:53,18250,PE,BUY,32.3,,NIFTY
2022-11-23 15:26:57,18250,CE,SELL,54.4,-0.10000000000000142,NIFTY
2022-11-23 15:26:57,18250,PE,SELL,32.05,-0.25,NIFTY
2022-11-23 15:26:57,18300,CE,BUY,27.3,,NIFTY
2022-11-23 15:26:57,18300,PE,BUY,55.05,,NIFTY
2022-11-23 15:26:58,18300,CE,SELL,27.25,-0.05000000000000071,NIFTY
2022-11-23 15:26:58,18300,PE,SELL,55.2,0.15000000000000568,NIFTY
2022-11-23 15:26:58,18250,CE,BUY,54.2,,NIFTY
2022-11-23 15:26:58,18250,PE,BUY,32.05,,NIFTY
2022-11-23 15:27:00,18250,CE,SELL,54.1,-0.10000000000000142,NIFTY
2022-11-23 15:27:00,18250,PE,SELL,32.15,0.10000000000000142,NIFTY
2022-11-23 15:27:00,18300,CE,BUY,27.25,,NIFTY
2022-11-23 15:27:00,18300,PE,BUY,55.2,,NIFTY
2022-11-23 15:27:02,18300,CE,SELL,27.3,0.05000000000000071,NIFTY
2022-11-23 15:27:02,18300,PE,SELL,55.5,0.29999999999999716,NIFTY
2022-11-23 15:27:02,18250,CE,BUY,53.85,,NIFTY
2022-11-23 15:27:02,18250,PE,BUY,32.2,,NIFTY
2022-11-23 15:30:00,18250,CE,SELL,49.5,-4.350000000000001,NIFTY
2022-11-23 15:30:00,18250,PE,SELL,34.0,1.7999999999999972,NIFTY
2022-11-24 09:15:00,18300,CE,BUY,42.45,,NIFTY
2022-11-24 09:15:00,18300,PE,BUY,22.95,,NIFTY
2022-11-24 09:31:51,18300,CE,SELL,38.6,-3.8500000000000014,NIFTY
2022-11-24 09:31:51,18300,PE,SELL,18.4,-4.550000000000001,NIFTY
2022-11-24 09:31:51,18350,CE,BUY,14.25,,NIFTY
2022-11-24 09:31:51,18350,PE,BUY,44.0,,NIFTY
2022-11-24 09:31:52,18350,CE,SELL,14.9,0.6500000000000004,NIFTY
2022-11-24 09:31:52,18350,PE,SELL,42.7,-1.2999999999999972,NIFTY
2022-11-24 09:31:52,18300,CE,BUY,39.85,,NIFTY
2022-11-24 09:31:52,18300,PE,BUY,17.7,,NIFTY
2022-11-24 09:31:54,18300,CE,SELL,43.8,3.9499999999999957,NIFTY
2022-11-24 09:31:54,18300,PE,SELL,18.25,0.5500000000000007,NIFTY
2022-11-24 09:31:54,18350,CE,BUY,16.8,,NIFTY
2022-11-24 09:31:54,18350,PE,BUY,43.4,,NIFTY
2022-11-24 09:32:03,18350,CE,SELL,15.75,-1.0500000000000007,NIFTY
2022-11-24 09:32:03,18350,PE,SELL,43.3,-0.10000000000000142,NIFTY
2022-11-24 09:32:03,18300,CE,BUY,40.55,,NIFTY
2022-11-24 09:32:03,18300,PE,BUY,18.35,,NIFTY
2022-11-24 09:32:06,18300,CE,SELL,41.4,0.8500000000000014,NIFTY
2022-11-24 09:32:06,18300,PE,SELL,17.9,-0.45000000000000284,NIFTY
2022-11-24 09:32:06,18350,CE,BUY,15.95,,NIFTY
2022-11-24 09:32:06,18350,PE,BUY,42.65,,NIFTY
2022-11-24 09:32:22,18350,CE,SELL,15.05,-0.8999999999999986,NIFTY
2022-11-24 09:32:22,18350,PE,SELL,43.35,0.7000000000000028,NIFTY
2022-11-24 09:32:22,18300,CE,BUY,40.0,,NIFTY
2022-11-24 09:32:22,18300,PE,BUY,18.3,,NIFTY
2022-11-24 09:32:46,18300,CE,SELL,41.2,1.2000000000000028,NIFTY
2022-11-24 09:32:46,18300,PE,SELL,18.1,-0.1999999999999993,NIFTY
2022-11-24 09:32:46,18350,CE,BUY,15.75,,NIFTY
2022-11-24 09:32:46,18350,PE,BUY,42.65,,NIFTY
2022-11-24 09:32:53,18350,CE,SELL,16.15,0.3999999999999986,NIFTY
2022-11-24 09:32:53,18350,PE,SELL,43.0,0.3500000000000014,NIFTY
2022-11-24 09:32:53,18300,CE,BUY,41.55,,NIFTY
2022-11-24 09:32:53,18300,PE,BUY,18.2,,NIFTY
2022-11-24 09:32:55,18300,CE,SELL,41.15,-0.3999999999999986,NIFTY
2022-11-24 09:32:55,18300,PE,SELL,18.15,-0.05000000000000071,NIFTY
2022-11-24 09:32:55,18350,CE,BUY,15.9,,NIFTY
2022-11-24 09:32:55,18350,PE,BUY,43.0,,NIFTY
2022-11-24 09:32:57,18350,CE,SELL,15.9,0.0,NIFTY
2022-11-24 09:32:57,18350,PE,SELL,42.6,-0.3999999999999986,NIFTY
2022-11-24 09:32:57,18300,CE,BUY,41.1,,NIFTY
2022-11-24 09:32:57,18300,PE,BUY,18.1,,NIFTY
2022-11-24 09:32:59,18300,CE,SELL,41.5,0.3999999999999986,NIFTY
2022-11-24 09:32:59,18300,PE,SELL,18.1,0.0,NIFTY
2022-11-24 09:32:59,18350,CE,BUY,15.95,,NIFTY
2022-11-24 09:32:59,18350,PE,BUY,42.65,,NIFTY
2022-11-24 09:33:08,18350,CE,SELL,16.75,0.8000000000000007,NIFTY
2022-11-24 09:33:08,18350,PE,SELL,41.3,-1.3500000000000014,NIFTY
2022-11-24 09:33:08,18300,CE,BUY,43.15,,NIFTY
2022-11-24 09:33:08,18300,PE,BUY,17.6,,NIFTY
2022-11-24 09:33:09,18300,CE,SELL,43.15,0.0,NIFTY
2022-11-24 09:33:09,18300,PE,SELL,17.4,-0.20000000000000284,NIFTY
2022-11-24 09:33:09,18350,CE,BUY,16.75,,NIFTY
2022-11-24 09:33:09,18350,PE,BUY,40.95,,NIFTY
2022-11-24 09:34:14,18350,CE,SELL,15.7,-1.0500000000000007,NIFTY
2022-11-24 09:34:14,18350,PE,SELL,43.0,2.049999999999997,NIFTY
2022-11-24 09:34:14,18300,CE,BUY,40.95,,NIFTY
2022-11-24 09:34:14,18300,PE,BUY,18.3,,NIFTY
2022-11-24 09:34:16,18300,CE,SELL,41.05,0.09999999999999432,NIFTY
2022-11-24 09:34:16,18300,PE,SELL,18.55,0.25,NIFTY
2022-11-24 09:34:16,18350,CE,BUY,15.75,,NIFTY
2022-11-24 09:34:16,18350,PE,BUY,43.25,,NIFTY
2022-11-24 09:34:18,18350,CE,SELL,15.7,-0.05000000000000071,NIFTY
2022-11-24 09:34:18,18350,PE,SELL,43.25,0.0,NIFTY
2022-11-24 09:34:18,18300,CE,BUY,41.1,,NIFTY
2022-11-24 09:34:18,18300,PE,BUY,18.5,,NIFTY
2022-11-24 09:34:20,18300,CE,SELL,41.05,-0.05000000000000426,NIFTY
2022-11-24 09:34:20,18300,PE,SELL,18.5,0.0,NIFTY
2022-11-24 09:34:20,18350,CE,BUY,15.75,,NIFTY
2022-11-24 09:34:20,18350,PE,BUY,43.2,,NIFTY
2022-11-24 09:34:21,18350,CE,SELL,15.75,0.0,NIFTY
2022-11-24 09:34:21,18350,PE,SELL,43.0,-0.20000000000000284,NIFTY
2022-11-24 09:34:21,18300,CE,BUY,41.05,,NIFTY
2022-11-24 09:34:21,18300,PE,BUY,18.45,,NIFTY
2022-11-24 09:34:22,18300,CE,SELL,41.75,0.7000000000000028,NIFTY
2022-11-24 09:34:22,18300,PE,SELL,18.35,-0.09999999999999787,NIFTY
2022-11-24 09:34:22,18350,CE,BUY,16.4,,NIFTY
2022-11-24 09:34:22,18350,PE,BUY,42.75,,NIFTY
2022-11-24 09:35:38,18350,CE,SELL,16.45,0.05000000000000071,NIFTY
2022-11-24 09:35:38,18350,PE,SELL,42.3,-0.45000000000000284,NIFTY
2022-11-24 09:35:38,18300,CE,BUY,42.3,,NIFTY
2022-11-24 09:35:38,18300,PE,BUY,18.05,,NIFTY
2022-11-24 09:35:39,18300,CE,SELL,42.25,-0.04999999999999716,NIFTY
2022-11-24 09:35:39,18300,PE,SELL,17.85,-0.1999999999999993,NIFTY
2022-11-24 09:35:39,18350,CE,BUY,16.5,,NIFTY
2022-11-24 09:35:39,18350,PE,BUY,41.95,,NIFTY
2022-11-24 09:35:47,18350,CE,SELL,16.15,-0.3500000000000014,NIFTY
2022-11-24 09:35:47,18350,PE,SELL,42.25,0.29999999999999716,NIFTY
2022-11-24 09:35:47,18300,CE,BUY,41.65,,NIFTY
2022-11-24 09:35:47,18300,PE,BUY,17.9,,NIFTY
2022-11-24 09:35:48,18300,CE,SELL,41.65,0.0,NIFTY
2022-11-24 09:35:48,18300,PE,SELL,17.95,0.05000000000000071,NIFTY
2022-11-24 09:35:48,18350,CE,BUY,16.1,,NIFTY
2022-11-24 09:35:48,18350,PE,BUY,42.45,,NIFTY
2022-11-24 09:36:04,18350,CE,SELL,15.95,-0.15000000000000213,NIFTY
2022-11-24 09:36:04,18350,PE,SELL,42.85,0.3999999999999986,NIFTY
2022-11-24 09:36:04,18300,CE,BUY,41.55,,NIFTY
2022-11-24 09:36:04,18300,PE,BUY,18.1,,NIFTY
2022-11-24 09:36:05,18300,CE,SELL,41.1,-0.44999999999999574,NIFTY
2022-11-24 09:36:05,18300,PE,SELL,18.1,0.0,NIFTY
2022-11-24 09:36:05,18350,CE,BUY,15.8,,NIFTY
2022-11-24 09:36:05,18350,PE,BUY,43.05,,NIFTY
2022-11-24 09:36:06,18350,CE,SELL,15.55,-0.25,NIFTY
2022-11-24 09:36:06,18350,PE,SELL,43.3,0.25,NIFTY
2022-11-24 09:36:06,18300,CE,BUY,40.7,,NIFTY
2022-11-24 09:36:06,18300,PE,BUY,18.25,,NIFTY
2022-11-24 09:36:09,18300,CE,SELL,40.8,0.09999999999999432,NIFTY
2022-11-24 09:36:09,18300,PE,SELL,18.15,-0.10000000000000142,NIFTY
2022-11-24 09:36:09,18350,CE,BUY,15.75,,NIFTY
2022-11-24 09:36:09,18350,PE,BUY,43.05,,NIFTY
2022-11-24 09:36:10,18350,CE,SELL,15.65,-0.09999999999999964,NIFTY
2022-11-24 09:36:10,18350,PE,SELL,43.25,0.20000000000000284,NIFTY
2022-11-24 09:36:10,18300,CE,BUY,40.85,,NIFTY
2022-11-24 09:36:10,18300,PE,BUY,18.25,,NIFTY
2022-11-24 09:36:11,18300,CE,SELL,41.65,0.7999999999999972,NIFTY
2022-11-24 09:36:11,18300,PE,SELL,17.9,-0.3500000000000014,NIFTY
2022-11-24 09:36:11,18350,CE,BUY,16.0,,NIFTY
2022-11-24 09:36:11,18350,PE,BUY,42.3,,NIFTY
2022-11-24 09:36:15,18350,CE,SELL,15.65,-0.34999999999999964,NIFTY
2022-11-24 09:36:15,18350,PE,SELL,43.15,0.8500000000000014,NIFTY
2022-11-24 09:36:15,18300,CE,BUY,40.95,,NIFTY
2022-11-24 09:36:15,18300,PE,BUY,18.25,,NIFTY
2022-11-24 09:36:16,18300,CE,SELL,40.85,-0.10000000000000142,NIFTY
2022-11-24 09:36:16,18300,PE,SELL,18.3,0.05000000000000071,NIFTY
2022-11-24 09:36:16,18350,CE,BUY,15.8,,NIFTY
2022-11-24 09:36:16,18350,PE,BUY,43.45,,NIFTY
2022-11-24 09:36:17,18350,CE,SELL,15.85,0.049999999999998934,NIFTY
2022-11-24 09:36:17,18350,PE,SELL,43.4,-0.05000000000000426,NIFTY
2022-11-24 09:36:17,18300,CE,BUY,40.95,,NIFTY
2022-11-24 09:36:17,18300,PE,BUY,18.4,,NIFTY
2022-11-24 09:36:21,18300,CE,SELL,40.65,-0.30000000000000426,NIFTY
2022-11-24 09:36:21,18300,PE,SELL,18.25,-0.14999999999999858,NIFTY
2022-11-24 09:36:21,18350,CE,BUY,15.65,,NIFTY
2022-11-24 09:36:21,18350,PE,BUY,43.15,,NIFTY
2022-11-24 09:36:25,18350,CE,SELL,15.5,-0.15000000000000036,NIFTY
2022-11-24 09:36:25,18350,PE,SELL,43.7,0.5500000000000043,NIFTY
2022-11-24 09:36:25,18300,CE,BUY,40.5,,NIFTY
2022-11-24 09:36:25,18300,PE,BUY,18.45,,NIFTY
2022-11-24 09:36:40,18300,CE,SELL,41.2,0.7000000000000028,NIFTY
2022-11-24 09:36:40,18300,PE,SELL,17.8,-0.6499999999999986,NIFTY
2022-11-24 09:36:40,18350,CE,BUY,15.75,,NIFTY
2022-11-24 09:36:40,18350,PE,BUY,42.6,,NIFTY
2022-11-24 09:36:47,18350,CE,SELL,15.6,-0.15000000000000036,NIFTY
2022-11-24 09:36:47,18350,PE,SELL,43.25,0.6499999999999986,NIFTY
2022-11-24 09:36:47,18300,CE,BUY,40.65,,NIFTY
2022-11-24 09:36:47,18300,PE,BUY,18.15,,NIFTY
2022-11-24 09:36:50,18300,CE,SELL,41.3,0.6499999999999986,NIFTY
2022-11-24 09:36:50,18300,PE,SELL,18.1,-0.04999999999999716,NIFTY
2022-11-24 09:36:50,18350,CE,BUY,16.0,,NIFTY
2022-11-24 09:36:50,18350,PE,BUY,43.0,,NIFTY
2022-11-24 09:36:51,18350,CE,SELL,15.6,-0.40000000000000036,NIFTY
2022-11-24 09:36:51,18350,PE,SELL,43.0,0.0,NIFTY
2022-11-24 09:36:51,18300,CE,BUY,40.6,,NIFTY
2022-11-24 09:36:51,18300,PE,BUY,18.1,,NIFTY
2022-11-24 09:36:55,18300,CE,SELL,40.65,0.04999999999999716,NIFTY
2022-11-24 09:36:55,18300,PE,SELL,18.35,0.25,NIFTY
2022-11-24 09:36:55,18350,CE,BUY,15.65,,NIFTY
2022-11-24 09:36:55,18350,PE,BUY,43.35,,NIFTY
2022-11-24 09:36:57,18350,CE,SELL,15.7,0.049999999999998934,NIFTY
2022-11-24 09:36:57,18350,PE,SELL,43.35,0.0,NIFTY
2022-11-24 09:36:57,18300,CE,BUY,40.75,,NIFTY
2022-11-24 09:36:57,18300,PE,BUY,18.3,,NIFTY
2022-11-24 09:37:28,18300,CE,SELL,42.4,1.6499999999999986,NIFTY
2022-11-24 09:37:28,18300,PE,SELL,17.45,-0.8500000000000014,NIFTY
2022-11-24 09:37:28,18350,CE,BUY,16.5,,NIFTY
2022-11-24 09:37:28,18350,PE,BUY,41.55,,NIFTY
2022-11-24 12:08:20,18350,CE,SELL,36.9,20.4,NIFTY
2022-11-24 12:08:20,18350,PE,SELL,10.6,-30.949999999999996,NIFTY
2022-11-24 12:08:20,18400,CE,BUY,10.85,,NIFTY
2022-11-24 12:08:20,18400,PE,BUY,33.6,,NIFTY
2022-11-24 12:08:24,18400,CE,SELL,10.8,-0.049999999999998934,NIFTY
2022-11-24 12:08:24,18400,PE,SELL,34.65,1.0499999999999972,NIFTY
2022-11-24 12:08:24,18350,CE,BUY,37.05,,NIFTY
2022-11-24 12:08:24,18350,PE,BUY,10.9,,NIFTY
2022-11-24 12:08:25,18350,CE,SELL,36.95,-0.09999999999999432,NIFTY
2022-11-24 12:08:25,18350,PE,SELL,10.9,0.0,NIFTY
2022-11-24 12:08:25,18400,CE,BUY,10.65,,NIFTY
2022-11-24 12:08:25,18400,PE,BUY,34.7,,NIFTY
2022-11-24 12:08:26,18400,CE,SELL,10.65,0.0,NIFTY
2022-11-24 12:08:26,18400,PE,SELL,34.95,0.25,NIFTY
2022-11-24 12:08:26,18350,CE,BUY,36.5,,NIFTY
2022-11-24 12:08:26,18350,PE,BUY,11.0,,NIFTY
2022-11-24 12:08:27,18350,CE,SELL,36.55,0.04999999999999716,NIFTY
2022-11-24 12:08:27,18350,PE,SELL,10.9,-0.09999999999999964,NIFTY
2022-11-24 12:08:27,18400,CE,BUY,10.6,,NIFTY
2022-11-24 12:08:27,18400,PE,BUY,34.95,,NIFTY
2022-11-24 12:08:28,18400,CE,SELL,10.6,0.0,NIFTY
2022-11-24 12:08:28,18400,PE,SELL,35.1,0.14999999999999858,NIFTY
2022-11-24 12:08:28,18350,CE,BUY,36.55,,NIFTY
2022-11-24 12:08:28,18350,PE,BUY,11.0,,NIFTY
2022-11-24 12:08:30,18350,CE,SELL,36.05,-0.5,NIFTY
2022-11-24 12:08:30,18350,PE,SELL,11.1,0.09999999999999964,NIFTY
2022-11-24 12:08:30,18400,CE,BUY,10.4,,NIFTY
2022-11-24 12:08:30,18400,PE,BUY,35.45,,NIFTY
2022-11-24 12:08:32,18400,CE,SELL,10.35,-0.05000000000000071,NIFTY
2022-11-24 12:08:32,18400,PE,SELL,35.35,-0.10000000000000142,NIFTY
2022-11-24 12:08:32,18350,CE,BUY,36.0,,NIFTY
2022-11-24 12:08:32,18350,PE,BUY,11.15,,NIFTY
2022-11-24 12:08:33,18350,CE,SELL,36.05,0.04999999999999716,NIFTY
2022-11-24 12:08:33,18350,PE,SELL,11.15,0.0,NIFTY
2022-11-24 12:08:33,18400,CE,BUY,10.35,,NIFTY
2022-11-24 12:08:33,18400,PE,BUY,35.45,,NIFTY
2022-11-24 12:08:39,18400,CE,SELL,10.75,0.40000000000000036,NIFTY
2022-11-24 12:08:39,18400,PE,SELL,35.2,-0.25,NIFTY
2022-11-24 12:08:39,18350,CE,BUY,36.75,,NIFTY
2022-11-24 12:08:39,18350,PE,BUY,11.15,,NIFTY
2022-11-24 12:08:43,18350,CE,SELL,37.9,1.1499999999999986,NIFTY
2022-11-24 12:08:43,18350,PE,SELL,10.95,-0.20000000000000107,NIFTY
2022-11-24 12:08:43,18400,CE,BUY,11.25,,NIFTY
2022-11-24 12:08:43,18400,PE,BUY,34.35,,NIFTY
2022-11-24 12:08:49,18400,CE,SELL,10.75,-0.5,NIFTY
2022-11-24 12:08:49,18400,PE,SELL,35.25,0.8999999999999986,NIFTY
2022-11-24 12:08:49,18350,CE,BUY,36.65,,NIFTY
2022-11-24 12:08:49,18350,PE,BUY,11.25,,NIFTY
2022-11-24 12:09:00,18350,CE,SELL,37.5,0.8500000000000014,NIFTY
2022-11-24 12:09:00,18350,PE,SELL,10.95,-0.3000000000000007,NIFTY
2022-11-24 12:09:00,18400,CE,BUY,11.25,,NIFTY
2022-11-24 12:09:00,18400,PE,BUY,33.3,,NIFTY
2022-11-24 12:09:39,18400,CE,SELL,11.05,-0.1999999999999993,NIFTY
2022-11-24 12:09:39,18400,PE,SELL,35.15,1.8500000000000014,NIFTY
2022-11-24 12:09:39,18350,CE,BUY,37.2,,NIFTY
2022-11-24 12:09:39,18350,PE,BUY,11.4,,NIFTY
2022-11-24 12:09:41,18350,CE,SELL,37.2,0.0,NIFTY
2022-11-24 12:09:41,18350,PE,SELL,11.3,-0.09999999999999964,NIFTY
2022-11-24 12:09:41,18400,CE,BUY,11.0,,NIFTY
2022-11-24 12:09:41,18400,PE,BUY,35.2,,NIFTY
2022-11-24 12:09:42,18400,CE,SELL,10.75,-0.25,NIFTY
2022-11-24 12:09:42,18400,PE,SELL,35.35,0.14999999999999858,NIFTY
2022-11-24 12:09:42,18350,CE,BUY,36.95,,NIFTY
2022-11-24 12:09:42,18350,PE,BUY,11.35,,NIFTY
2022-11-24 12:09:44,18350,CE,SELL,37.25,0.29999999999999716,NIFTY
2022-11-24 12:09:44,18350,PE,SELL,11.3,-0.049999999999998934,NIFTY
2022-11-24 12:09:44,18400,CE,BUY,10.95,,NIFTY
2022-11-24 12:09:44,18400,PE,BUY,35.1,,NIFTY
2022-11-24 12:09:45,18400,CE,SELL,10.95,0.0,NIFTY
2022-11-24 12:09:45,18400,PE,SELL,35.15,0.04999999999999716,NIFTY
2022-11-24 12:09:45,18350,CE,BUY,37.25,,NIFTY
2022-11-24 12:09:45,18350,PE,BUY,11.35,,NIFTY
2022-11-24 12:09:46,18350,CE,SELL,37.35,0.10000000000000142,NIFTY
2022-11-24 12:09:46,18350,PE,SELL,11.4,0.05000000000000071,NIFTY
2022-11-24 12:09:46,18400,CE,BUY,10.95,,NIFTY
2022-11-24 12:09:46,18400,PE,BUY,35.25,,NIFTY
2022-11-24 12:09:52,18400,CE,SELL,11.15,0.20000000000000107,NIFTY
2022-11-24 12:09:52,18400,PE,SELL,35.45,0.20000000000000284,NIFTY
2022-11-24 12:09:52,18350,CE,BUY,37.15,,NIFTY
2022-11-24 12:09:52,18350,PE,BUY,11.55,,NIFTY
2022-11-24 12:09:55,18350,CE,SELL,37.85,0.7000000000000028,NIFTY
2022-11-24 12:09:55,18350,PE,SELL,11.4,-0.15000000000000036,NIFTY
2022-11-24 12:09:55,18400,CE,BUY,11.4,,NIFTY
2022-11-24 12:09:55,18400,PE,BUY,35.15,,NIFTY
2022-11-24 12:10:57,18400,CE,SELL,10.85,-0.5500000000000007,NIFTY
2022-11-24 12:10:57,18400,PE,SELL,36.0,0.8500000000000014,NIFTY
2022-11-24 12:10:57,18350,CE,BUY,36.65,,NIFTY
2022-11-24 12:10:57,18350,PE,BUY,11.85,,NIFTY
2022-11-24 12:11:00,18350,CE,SELL,36.45,-0.19999999999999574,NIFTY
2022-11-24 12:11:00,18350,PE,SELL,11.9,0.05000000000000071,NIFTY
2022-11-24 12:11:00,18400,CE,BUY,10.8,,NIFTY
2022-11-24 12:11:00,18400,PE,BUY,36.3,,NIFTY
2022-11-24 12:11:01,18400,CE,SELL,10.5,-0.3000000000000007,NIFTY
2022-11-24 12:11:01,18400,PE,SELL,36.2,-0.09999999999999432,NIFTY
2022-11-24 12:11:01,18350,CE,BUY,36.05,,NIFTY
2022-11-24 12:11:01,18350,PE,BUY,11.9,,NIFTY
2022-11-24 12:11:41,18350,CE,SELL,37.0,0.9500000000000028,NIFTY
2022-11-24 12:11:41,18350,PE,SELL,11.9,0.0,NIFTY
2022-11-24 12:11:41,18400,CE,BUY,11.15,,NIFTY
2022-11-24 12:11:41,18400,PE,BUY,36.0,,NIFTY
2022-11-24 12:11:50,18400,CE,SELL,11.25,0.09999999999999964,NIFTY
2022-11-24 12:11:50,18400,PE,SELL,36.15,0.14999999999999858,NIFTY
2022-11-24 12:11:50,18350,CE,BUY,37.05,,NIFTY
2022-11-24 12:11:50,18350,PE,BUY,12.0,,NIFTY
2022-11-24 12:11:54,18350,CE,SELL,37.1,0.05000000000000426,NIFTY
2022-11-24 12:11:54,18350,PE,SELL,11.9,-0.09999999999999964,NIFTY
2022-11-24 12:11:54,18400,CE,BUY,11.15,,NIFTY
2022-11-24 12:11:54,18400,PE,BUY,35.9,,NIFTY
2022-11-24 12:11:56,18400,CE,SELL,11.1,-0.05000000000000071,NIFTY
2022-11-24 12:11:56,18400,PE,SELL,36.0,0.10000000000000142,NIFTY
2022-11-24 12:11:56,18350,CE,BUY,37.0,,NIFTY
2022-11-24 12:11:56,18350,PE,BUY,11.95,,NIFTY
2022-11-24 12:11:57,18350,CE,SELL,37.2,0.20000000000000284,NIFTY
2022-11-24 12:11:57,18350,PE,SELL,11.9,-0.049999999999998934,NIFTY
2022-11-24 12:11:57,18400,CE,BUY,11.2,,NIFTY
2022-11-24 12:11:57,18400,PE,BUY,36.0,,NIFTY
2022-11-24 12:11:59,18400,CE,SELL,11.1,-0.09999999999999964,NIFTY
2022-11-24 12:11:59,18400,PE,SELL,36.0,0.0,NIFTY
2022-11-24 12:11:59,18350,CE,BUY,37.15,,NIFTY
2022-11-24 12:11:59,18350,PE,BUY,11.95,,NIFTY
2022-11-24 12:12:09,18350,CE,SELL,38.0,0.8500000000000014,NIFTY
2022-11-24 12:12:09,18350,PE,SELL,11.7,-0.25,NIFTY
2022-11-24 12:12:09,18400,CE,BUY,11.45,,NIFTY
2022-11-24 12:12:09,18400,PE,BUY,35.15,,NIFTY
2022-11-24 12:21:14,18400,CE,SELL,10.75,-0.6999999999999993,NIFTY
2022-11-24 12:21:14,18400,PE,SELL,35.1,-0.04999999999999716,NIFTY
2022-11-24 12:21:14,18350,CE,BUY,37.65,,NIFTY
2022-11-24 12:21:14,18350,PE,BUY,12.3,,NIFTY
2022-11-24 12:21:19,18350,CE,SELL,38.05,0.3999999999999986,NIFTY
2022-11-24 12:21:19,18350,PE,SELL,12.45,0.14999999999999858,NIFTY
2022-11-24 12:21:19,18400,CE,BUY,10.75,,NIFTY
2022-11-24 12:21:19,18400,PE,BUY,35.25,,NIFTY
2022-11-24 12:21:21,18400,CE,SELL,10.65,-0.09999999999999964,NIFTY
2022-11-24 12:21:21,18400,PE,SELL,35.3,0.04999999999999716,NIFTY
2022-11-24 12:21:21,18350,CE,BUY,37.95,,NIFTY
2022-11-24 12:21:21,18350,PE,BUY,12.45,,NIFTY
2022-11-24 12:21:40,18350,CE,SELL,38.75,0.7999999999999972,NIFTY
2022-11-24 12:21:40,18350,PE,SELL,12.05,-0.3999999999999986,NIFTY
2022-11-24 12:21:40,18400,CE,BUY,10.9,,NIFTY
2022-11-24 12:21:40,18400,PE,BUY,34.3,,NIFTY
2022-11-24 12:21:55,18400,CE,SELL,10.65,-0.25,NIFTY
2022-11-24 12:21:55,18400,PE,SELL,34.45,0.15000000000000568,NIFTY
2022-11-24 12:21:55,18350,CE,BUY,38.6,,NIFTY
2022-11-24 12:21:55,18350,PE,BUY,12.15,,NIFTY
2022-11-24 12:21:58,18350,CE,SELL,38.5,-0.10000000000000142,NIFTY
2022-11-24 12:21:58,18350,PE,SELL,12.2,0.049999999999998934,NIFTY
2022-11-24 12:21:58,18400,CE,BUY,10.65,,NIFTY
2022-11-24 12:21:58,18400,PE,BUY,34.7,,NIFTY
2022-11-24 12:22:01,18400,CE,SELL,10.65,0.0,NIFTY
2022-11-24 12:22:01,18400,PE,SELL,34.7,0.0,NIFTY
2022-11-24 12:22:01,18350,CE,BUY,38.4,,NIFTY
2022-11-24 12:22:01,18350,PE,BUY,12.25,,NIFTY
2022-11-24 12:22:03,18350,CE,SELL,38.4,0.0,NIFTY
2022-11-24 12:22:03,18350,PE,SELL,12.2,-0.05000000000000071,NIFTY
2022-11-24 12:22:03,18400,CE,BUY,10.7,,NIFTY
2022-11-24 12:22:03,18400,PE,BUY,34.5,,NIFTY
2022-11-24 12:22:06,18400,CE,SELL,10.65,-0.049999999999998934,NIFTY
2022-11-24 12:22:06,18400,PE,SELL,34.55,0.04999999999999716,NIFTY
2022-11-24 12:22:06,18350,CE,BUY,38.3,,NIFTY
2022-11-24 12:22:06,18350,PE,BUY,12.15,,NIFTY
2022-11-24 12:22:10,18350,CE,SELL,38.5,0.20000000000000284,NIFTY
2022-11-24 12:22:10,18350,PE,SELL,12.15,0.0,NIFTY
2022-11-24 12:22:10,18400,CE,BUY,10.7,,NIFTY
2022-11-24 12:22:10,18400,PE,BUY,34.35,,NIFTY
2022-11-24 12:22:17,18400,CE,SELL,10.55,-0.14999999999999858,NIFTY
2022-11-24 12:22:17,18400,PE,SELL,34.65,0.29999999999999716,NIFTY
2022-11-24 12:22:17,18350,CE,BUY,38.1,,NIFTY
2022-11-24 12:22:17,18350,PE,BUY,12.2,,NIFTY
2022-11-24 12:22:20,18350,CE,SELL,38.3,0.19999999999999574,NIFTY
2022-11-24 12:22:20,18350,PE,SELL,12.15,-0.049999999999998934,NIFTY
2022-11-24 12:22:20,18400,CE,BUY,10.55,,NIFTY
2022-11-24 12:22:20,18400,PE,BUY,34.7,,NIFTY
2022-11-24 12:22:25,18400,CE,SELL,10.4,-0.15000000000000036,NIFTY
2022-11-24 12:22:25,18400,PE,SELL,34.65,-0.05000000000000426,NIFTY
2022-11-24 12:22:25,18350,CE,BUY,37.9,,NIFTY
2022-11-24 12:22:25,18350,PE,BUY,12.15,,NIFTY
2022-11-24 12:22:47,18350,CE,SELL,36.85,-1.0499999999999972,NIFTY
2022-11-24 12:22:47,18350,PE,SELL,12.5,0.34999999999999964,NIFTY
2022-11-24 12:22:47,18400,CE,BUY,9.85,,NIFTY
2022-11-24 12:22:47,18400,PE,BUY,35.5,,NIFTY
2022-11-24 12:22:50,18400,CE,SELL,9.95,0.09999999999999964,NIFTY
2022-11-24 12:22:50,18400,PE,SELL,35.2,-0.29999999999999716,NIFTY
2022-11-24 12:22:50,18350,CE,BUY,37.15,,NIFTY
2022-11-24 12:22:50,18350,PE,BUY,12.35,,NIFTY
2022-11-24 12:22:52,18350,CE,SELL,37.5,0.3500000000000014,NIFTY
2022-11-24 12:22:52,18350,PE,SELL,12.4,0.05000000000000071,NIFTY
2022-11-24 12:22:52,18400,CE,BUY,10.25,,NIFTY
2022-11-24 12:22:52,18400,PE,BUY,35.2,,NIFTY
2022-11-24 12:23:00,18400,CE,SELL,9.9,-0.34999999999999964,NIFTY
2022-11-24 12:23:00,18400,PE,SELL,35.6,0.3999999999999986,NIFTY
2022-11-24 12:23:00,18350,CE,BUY,36.9,,NIFTY
2022-11-24 12:23:00,18350,PE,BUY,12.5,,NIFTY
2022-11-24 12:27:55,18350,CE,SELL,37.95,1.0500000000000043,NIFTY
2022-11-24 12:27:55,18350,PE,SELL,11.4,-1.0999999999999996,NIFTY
2022-11-24 12:27:55,18400,CE,BUY,10.6,,NIFTY
2022-11-24 12:27:55,18400,PE,BUY,34.2,,NIFTY
2022-11-24 12:28:36,18400,CE,SELL,10.7,0.09999999999999964,NIFTY
2022-11-24 12:28:36,18400,PE,SELL,34.25,0.04999999999999716,NIFTY
2022-11-24 12:28:36,18350,CE,BUY,37.85,,NIFTY
2022-11-24 12:28:36,18350,PE,BUY,11.4,,NIFTY
2022-11-24 12:28:38,18350,CE,SELL,37.9,0.04999999999999716,NIFTY
2022-11-24 12:28:38,18350,PE,SELL,11.4,0.0,NIFTY
2022-11-24 12:28:38,18400,CE,BUY,10.75,,NIFTY
2022-11-24 12:28:38,18400,PE,BUY,34.25,,NIFTY
2022-11-24 12:29:12,18400,CE,SELL,10.6,-0.15000000000000036,NIFTY
2022-11-24 12:29:12,18400,PE,SELL,34.45,0.20000000000000284,NIFTY
2022-11-24 12:29:12,18350,CE,BUY,37.7,,NIFTY
2022-11-24 12:29:12,18350,PE,BUY,11.6,,NIFTY
2022-11-24 12:29:13,18350,CE,SELL,37.5,-0.20000000000000284,NIFTY
2022-11-24 12:29:13,18350,PE,SELL,11.6,0.0,NIFTY
2022-11-24 12:29:13,18400,CE,BUY,10.5,,NIFTY
2022-11-24 12:29:13,18400,PE,BUY,34.85,,NIFTY
2022-11-24 12:29:19,18400,CE,SELL,10.15,-0.34999999999999964,NIFTY
2022-11-24 12:29:19,18400,PE,SELL,35.5,0.6499999999999986,NIFTY
2022-11-24 12:29:19,18350,CE,BUY,36.55,,NIFTY
2022-11-24 12:29:19,18350,PE,BUY,12.0,,NIFTY
2022-11-24 12:29:21,18350,CE,SELL,36.9,0.3500000000000014,NIFTY
2022-11-24 12:29:21,18350,PE,SELL,12.05,0.05000000000000071,NIFTY
2022-11-24 12:29:21,18400,CE,BUY,10.2,,NIFTY
2022-11-24 12:29:21,18400,PE,BUY,35.5,,NIFTY
2022-11-24 12:29:39,18400,CE,SELL,10.1,-0.09999999999999964,NIFTY
2022-11-24 12:29:39,18400,PE,SELL,35.8,0.29999999999999716,NIFTY
2022-11-24 12:29:39,18350,CE,BUY,36.35,,NIFTY
2022-11-24 12:29:39,18350,PE,BUY,12.15,,NIFTY
2022-11-24 12:29:42,18350,CE,SELL,36.1,-0.25,NIFTY
2022-11-24 12:29:42,18350,PE,SELL,12.3,0.15000000000000036,NIFTY
2022-11-24 12:29:42,18400,CE,BUY,9.9,,NIFTY
2022-11-24 12:29:42,18400,PE,BUY,36.0,,NIFTY
2022-11-24 12:29:44,18400,CE,SELL,9.9,0.0,NIFTY
2022-11-24 12:29:44,18400,PE,SELL,35.8,-0.20000000000000284,NIFTY
2022-11-24 12:29:44,18350,CE,BUY,36.15,,NIFTY
2022-11-24 12:29:44,18350,PE,BUY,12.2,,NIFTY
2022-11-24 12:29:56,18350,CE,SELL,36.5,0.3500000000000014,NIFTY
2022-11-24 12:29:56,18350,PE,SELL,12.25,0.05000000000000071,NIFTY
2022-11-24 12:29:56,18400,CE,BUY,10.1,,NIFTY
2022-11-24 12:29:56,18400,PE,BUY,35.65,,NIFTY
2022-11-24 12:29:58,18400,CE,SELL,10.0,-0.09999999999999964,NIFTY
2022-11-24 12:29:58,18400,PE,SELL,35.8,0.14999999999999858,NIFTY
2022-11-24 12:29:58,18350,CE,BUY,36.45,,NIFTY
2022-11-24 12:29:58,18350,PE,BUY,12.25,,NIFTY
2022-11-24 12:30:43,18350,CE,SELL,37.05,0.5999999999999943,NIFTY
2022-11-24 12:30:43,18350,PE,SELL,11.8,-0.4499999999999993,NIFTY
2022-11-24 12:30:43,18400,CE,BUY,10.25,,NIFTY
2022-11-24 12:30:43,18400,PE,BUY,34.7,,NIFTY
2022-11-24 12:32:24,18400,CE,SELL,10.7,0.4499999999999993,NIFTY
2022-11-24 12:32:24,18400,PE,SELL,34.2,-0.5,NIFTY
2022-11-24 12:32:24,18350,CE,BUY,37.8,,NIFTY
2022-11-24 12:32:24,18350,PE,BUY,11.75,,NIFTY
2022-11-24 12:32:25,18350,CE,SELL,38.25,0.45000000000000284,NIFTY
2022-11-24 12:32:25,18350,PE,SELL,11.7,-0.05000000000000071,NIFTY
2022-11-24 12:32:25,18400,CE,BUY,10.8,,NIFTY
2022-11-24 12:32:25,18400,PE,BUY,34.2,,NIFTY
2022-11-24 12:35:51,18400,CE,SELL,9.6,-1.200000000000001,NIFTY
2022-11-24 12:35:51,18400,PE,SELL,35.5,1.2999999999999972,NIFTY
2022-11-24 12:35:51,18350,CE,BUY,36.2,,NIFTY
2022-11-24 12:35:51,18350,PE,BUY,12.15,,NIFTY
2022-11-24 12:35:57,18350,CE,SELL,36.15,-0.05000000000000426,NIFTY
2022-11-24 12:35:57,18350,PE,SELL,12.15,0.0,NIFTY
2022-11-24 12:35:57,18400,CE,BUY,9.75,,NIFTY
2022-11-24 12:35:57,18400,PE,BUY,35.6,,NIFTY
2022-11-24 12:36:01,18400,CE,SELL,9.4,-0.34999999999999964,NIFTY
2022-11-24 12:36:01,18400,PE,SELL,36.05,0.44999999999999574,NIFTY
2022-11-24 12:36:01,18350,CE,BUY,35.5,,NIFTY
2022-11-24 12:36:01,18350,PE,BUY,12.35,,NIFTY
2022-11-24 12:36:11,18350,CE,SELL,36.4,0.8999999999999986,NIFTY
2022-11-24 12:36:11,18350,PE,SELL,12.1,-0.25,NIFTY
2022-11-24 12:36:11,18400,CE,BUY,9.7,,NIFTY
2022-11-24 12:36:11,18400,PE,BUY,35.45,,NIFTY
2022-11-24 12:36:14,18400,CE,SELL,9.4,-0.29999999999999893,NIFTY
2022-11-24 12:36:14,18400,PE,SELL,35.9,0.44999999999999574,NIFTY
2022-11-24 12:36:14,18350,CE,BUY,35.65,,NIFTY
2022-11-24 12:36:14,18350,PE,BUY,12.2,,NIFTY
2022-11-24 12:37:53,18350,CE,SELL,37.0,1.3500000000000014,NIFTY
2022-11-24 12:37:53,18350,PE,SELL,12.1,-0.09999999999999964,NIFTY
2022-11-24 12:37:53,18400,CE,BUY,10.15,,NIFTY
2022-11-24 12:37:53,18400,PE,BUY,35.1,,NIFTY
2022-11-24 12:37:58,18400,CE,SELL,10.1,-0.05000000000000071,NIFTY
2022-11-24 12:37:58,18400,PE,SELL,35.5,0.3999999999999986,NIFTY
2022-11-24 12:37:58,18350,CE,BUY,36.7,,NIFTY
2022-11-24 12:37:58,18350,PE,BUY,12.3,,NIFTY
2022-11-24 12:37:59,18350,CE,SELL,36.85,0.14999999999999858,NIFTY
2022-11-24 12:37:59,18350,PE,SELL,12.25,-0.05000000000000071,NIFTY
2022-11-24 12:37:59,18400,CE,BUY,10.1,,NIFTY
2022-11-24 12:37:59,18400,PE,BUY,35.5,,NIFTY
2022-11-24 12:38:02,18400,CE,SELL,10.0,-0.09999999999999964,NIFTY
2022-11-24 12:38:02,18400,PE,SELL,35.5,0.0,NIFTY
2022-11-24 12:38:02,18350,CE,BUY,36.9,,NIFTY
2022-11-24 12:38:02,18350,PE,BUY,12.25,,NIFTY
2022-11-24 12:38:05,18350,CE,SELL,37.0,0.10000000000000142,NIFTY
2022-11-24 12:38:05,18350,PE,SELL,12.25,0.0,NIFTY
2022-11-24 12:38:05,18400,CE,BUY,10.2,,NIFTY
2022-11-24 12:38:05,18400,PE,BUY,35.35,,NIFTY
2022-11-24 12:38:06,18400,CE,SELL,10.2,0.0,NIFTY
2022-11-24 12:38:06,18400,PE,SELL,35.3,-0.05000000000000426,NIFTY
2022-11-24 12:38:06,18350,CE,BUY,37.0,,NIFTY
2022-11-24 12:38:06,18350,PE,BUY,12.15,,NIFTY
2022-11-24 12:38:08,18350,CE,SELL,36.95,-0.04999999999999716,NIFTY
2022-11-24 12:38:08,18350,PE,SELL,12.2,0.049999999999998934,NIFTY
2022-11-24 12:38:08,18400,CE,BUY,10.15,,NIFTY
2022-11-24 12:38:08,18400,PE,BUY,35.4,,NIFTY
2022-11-24 12:38:09,18400,CE,SELL,10.1,-0.05000000000000071,NIFTY
2022-11-24 12:38:09,18400,PE,SELL,35.6,0.20000000000000284,NIFTY
2022-11-24 12:38:09,18350,CE,BUY,36.85,,NIFTY
2022-11-24 12:38:09,18350,PE,BUY,12.25,,NIFTY
2022-11-24 12:38:11,18350,CE,SELL,37.15,0.29999999999999716,NIFTY
2022-11-24 12:38:11,18350,PE,SELL,12.1,-0.15000000000000036,NIFTY
2022-11-24 12:38:11,18400,CE,BUY,10.2,,NIFTY
2022-11-24 12:38:11,18400,PE,BUY,35.25,,NIFTY
2022-11-24 12:38:12,18400,CE,SELL,10.25,0.05000000000000071,NIFTY
2022-11-24 12:38:12,18400,PE,SELL,35.0,-0.25,NIFTY
2022-11-24 12:38:12,18350,CE,BUY,37.4,,NIFTY
2022-11-24 12:38:12,18350,PE,BUY,12.05,,NIFTY
2022-11-24 12:38:20,18350,CE,SELL,38.15,0.75,NIFTY
2022-11-24 12:38:20,18350,PE,SELL,11.85,-0.20000000000000107,NIFTY
2022-11-24 12:38:20,18400,CE,BUY,10.6,,NIFTY
2022-11-24 12:38:20,18400,PE,BUY,34.55,,NIFTY
2022-11-24 12:38:29,18400,CE,SELL,10.4,-0.1999999999999993,NIFTY
2022-11-24 12:38:29,18400,PE,SELL,34.4,-0.14999999999999858,NIFTY
2022-11-24 12:38:29,18350,CE,BUY,37.9,,NIFTY
2022-11-24 12:38:29,18350,PE,BUY,11.8,,NIFTY
2022-11-24 12:38:32,18350,CE,SELL,38.1,0.20000000000000284,NIFTY
2022-11-24 12:38:32,18350,PE,SELL,11.7,-0.10000000000000142,NIFTY
2022-11-24 12:38:32,18400,CE,BUY,10.5,,NIFTY
2022-11-24 12:38:32,18400,PE,BUY,34.15,,NIFTY
2022-11-24 12:41:24,18400,CE,SELL,10.15,-0.34999999999999964,NIFTY
2022-11-24 12:41:24,18400,PE,SELL,34.25,0.10000000000000142,NIFTY
2022-11-24 12:41:24,18350,CE,BUY,37.65,,NIFTY
2022-11-24 12:41:24,18350,PE,BUY,11.75,,NIFTY
2022-11-24 12:41:25,18350,CE,SELL,37.6,-0.04999999999999716,NIFTY
2022-11-24 12:41:25,18350,PE,SELL,11.8,0.05000000000000071,NIFTY
2022-11-24 12:41:25,18400,CE,BUY,10.2,,NIFTY
2022-11-24 12:41:25,18400,PE,BUY,34.2,,NIFTY
2022-11-24 12:41:30,18400,CE,SELL,9.9,-0.29999999999999893,NIFTY
2022-11-24 12:41:30,18400,PE,SELL,34.65,0.44999999999999574,NIFTY
2022-11-24 12:41:30,18350,CE,BUY,37.0,,NIFTY
2022-11-24 12:41:30,18350,PE,BUY,11.9,,NIFTY
2022-11-24 12:41:34,18350,CE,SELL,37.35,0.3500000000000014,NIFTY
2022-11-24 12:41:34,18350,PE,SELL,11.9,0.0,NIFTY
2022-11-24 12:41:34,18400,CE,BUY,10.1,,NIFTY
2022-11-24 12:41:34,18400,PE,BUY,34.5,,NIFTY
2022-11-24 12:41:36,18400,CE,SELL,10.15,0.05000000000000071,NIFTY
2022-11-24 12:41:36,18400,PE,SELL,34.45,-0.04999999999999716,NIFTY
2022-11-24 12:41:36,18350,CE,BUY,37.55,,NIFTY
2022-11-24 12:41:36,18350,PE,BUY,11.9,,NIFTY
2022-11-24 12:41:43,18350,CE,SELL,37.55,0.0,NIFTY
2022-11-24 12:41:43,18350,PE,SELL,11.85,-0.05000000000000071,NIFTY
2022-11-24 12:41:43,18400,CE,BUY,10.15,,NIFTY
2022-11-24 12:41:43,18400,PE,BUY,34.3,,NIFTY
2022-11-24 12:41:45,18400,CE,SELL,10.2,0.049999999999998934,NIFTY
2022-11-24 12:41:45,18400,PE,SELL,34.25,-0.04999999999999716,NIFTY
2022-11-24 12:41:45,18350,CE,BUY,37.8,,NIFTY
2022-11-24 12:41:45,18350,PE,BUY,11.85,,NIFTY
2022-11-24 12:43:48,18350,CE,SELL,37.1,-0.6999999999999957,NIFTY
2022-11-24 12:43:48,18350,PE,SELL,11.95,0.09999999999999964,NIFTY
2022-11-24 12:43:48,18400,CE,BUY,10.05,,NIFTY
2022-11-24 12:43:48,18400,PE,BUY,34.75,,NIFTY
2022-11-24 12:43:56,18400,CE,SELL,10.0,-0.05000000000000071,NIFTY
2022-11-24 12:43:56,18400,PE,SELL,34.9,0.14999999999999858,NIFTY
2022-11-24 12:43:56,18350,CE,BUY,37.2,,NIFTY
2022-11-24 12:43:56,18350,PE,BUY,12.0,,NIFTY
2022-11-24 12:44:01,18350,CE,SELL,37.1,-0.10000000000000142,NIFTY
2022-11-24 12:44:01,18350,PE,SELL,12.05,0.05000000000000071,NIFTY
2022-11-24 12:44:01,18400,CE,BUY,9.9,,NIFTY
2022-11-24 12:44:01,18400,PE,BUY,34.75,,NIFTY
2022-11-24 12:44:14,18400,CE,SELL,10.1,0.1999999999999993,NIFTY
2022-11-24 12:44:14,18400,PE,SELL,34.5,-0.25,NIFTY
2022-11-24 12:44:14,18350,CE,BUY,37.5,,NIFTY
2022-11-24 12:44:14,18350,PE,BUY,11.85,,NIFTY
2022-11-24 12:44:16,18350,CE,SELL,37.55,0.04999999999999716,NIFTY
2022-11-24 12:44:16,18350,PE,SELL,11.85,0.0,NIFTY
2022-11-24 12:44:16,18400,CE,BUY,10.15,,NIFTY
2022-11-24 12:44:16,18400,PE,BUY,34.2,,NIFTY
2022-11-24 12:44:39,18400,CE,SELL,9.9,-0.25,NIFTY
2022-11-24 12:44:39,18400,PE,SELL,34.35,0.14999999999999858,NIFTY
2022-11-24 12:44:39,18350,CE,BUY,37.3,,NIFTY
2022-11-24 12:44:39,18350,PE,BUY,11.75,,NIFTY
2022-11-24 12:44:41,18350,CE,SELL,37.65,0.3500000000000014,NIFTY
2022-11-24 12:44:41,18350,PE,SELL,11.75,0.0,NIFTY
2022-11-24 12:44:41,18400,CE,BUY,10.0,,NIFTY
2022-11-24 12:44:41,18400,PE,BUY,34.0,,NIFTY
2022-11-24 12:44:43,18400,CE,SELL,10.0,0.0,NIFTY
2022-11-24 12:44:43,18400,PE,SELL,34.15,0.14999999999999858,NIFTY
2022-11-24 12:44:43,18350,CE,BUY,37.7,,NIFTY
2022-11-24 12:44:43,18350,PE,BUY,11.75,,NIFTY
2022-11-24 12:44:45,18350,CE,SELL,37.7,0.0,NIFTY
2022-11-24 12:44:45,18350,PE,SELL,11.75,0.0,NIFTY
2022-11-24 12:44:45,18400,CE,BUY,10.0,,NIFTY
2022-11-24 12:44:45,18400,PE,BUY,34.05,,NIFTY
2022-11-24 12:45:02,18400,CE,SELL,9.75,-0.25,NIFTY
2022-11-24 12:45:02,18400,PE,SELL,34.5,0.45000000000000284,NIFTY
2022-11-24 12:45:02,18350,CE,BUY,37.05,,NIFTY
2022-11-24 12:45:02,18350,PE,BUY,11.9,,NIFTY
2022-11-24 12:45:04,18350,CE,SELL,36.85,-0.19999999999999574,NIFTY
2022-11-24 12:45:04,18350,PE,SELL,11.9,0.0,NIFTY
2022-11-24 12:45:04,18400,CE,BUY,9.7,,NIFTY
2022-11-24 12:45:04,18400,PE,BUY,34.7,,NIFTY
2022-11-24 12:45:08,18400,CE,SELL,9.75,0.05000000000000071,NIFTY
2022-11-24 12:45:08,18400,PE,SELL,34.85,0.14999999999999858,NIFTY
2022-11-24 12:45:08,18350,CE,BUY,36.85,,NIFTY
2022-11-24 12:45:08,18350,PE,BUY,12.0,,NIFTY
2022-11-24 12:45:19,18350,CE,SELL,37.4,0.5499999999999972,NIFTY
2022-11-24 12:45:19,18350,PE,SELL,11.8,-0.1999999999999993,NIFTY
2022-11-24 12:45:19,18400,CE,BUY,9.9,,NIFTY
2022-11-24 12:45:19,18400,PE,BUY,34.25,,NIFTY
2022-11-24 12:45:25,18400,CE,SELL,9.85,-0.05000000000000071,NIFTY
2022-11-24 12:45:25,18400,PE,SELL,34.2,-0.04999999999999716,NIFTY
2022-11-24 12:45:25,18350,CE,BUY,37.4,,NIFTY
2022-11-24 12:45:25,18350,PE,BUY,11.8,,NIFTY
2022-11-24 12:45:28,18350,CE,SELL,37.55,0.14999999999999858,NIFTY
2022-11-24 12:45:28,18350,PE,SELL,11.75,-0.05000000000000071,NIFTY
2022-11-24 12:45:28,18400,CE,BUY,10.0,,NIFTY
2022-11-24 12:45:28,18400,PE,BUY,34.25,,NIFTY
2022-11-24 12:45:30,18400,CE,SELL,9.95,-0.05000000000000071,NIFTY
2022-11-24 12:45:30,18400,PE,SELL,34.1,-0.14999999999999858,NIFTY
2022-11-24 12:45:30,18350,CE,BUY,37.35,,NIFTY
2022-11-24 12:45:30,18350,PE,BUY,11.65,,NIFTY
2022-11-24 12:45:52,18350,CE,SELL,37.65,0.29999999999999716,NIFTY
2022-11-24 12:45:52,18350,PE,SELL,11.6,-0.05000000000000071,NIFTY
2022-11-24 12:45:52,18400,CE,BUY,9.95,,NIFTY
2022-11-24 12:45:52,18400,PE,BUY,33.9,,NIFTY
2022-11-24 13:10:41,18400,CE,SELL,9.15,-0.7999999999999989,NIFTY
2022-11-24 13:10:41,18400,PE,SELL,34.0,0.10000000000000142,NIFTY
2022-11-24 13:10:41,18350,CE,BUY,36.55,,NIFTY
2022-11-24 13:10:41,18350,PE,BUY,11.4,,NIFTY
2022-11-24 13:10:56,18350,CE,SELL,37.1,0.5500000000000043,NIFTY
2022-11-24 13:10:56,18350,PE,SELL,11.3,-0.09999999999999964,NIFTY
2022-11-24 13:10:56,18400,CE,BUY,9.4,,NIFTY
2022-11-24 13:10:56,18400,PE,BUY,33.75,,NIFTY
2022-11-24 13:11:03,18400,CE,SELL,9.5,0.09999999999999964,NIFTY
2022-11-24 13:11:03,18400,PE,SELL,33.1,-0.6499999999999986,NIFTY
2022-11-24 13:11:03,18350,CE,BUY,37.4,,NIFTY
2022-11-24 13:11:03,18350,PE,BUY,11.1,,NIFTY
2022-11-24 13:11:04,18350,CE,SELL,37.6,0.20000000000000284,NIFTY
2022-11-24 13:11:04,18350,PE,SELL,11.1,0.0,NIFTY
2022-11-24 13:11:04,18400,CE,BUY,9.55,,NIFTY
2022-11-24 13:11:04,18400,PE,BUY,33.1,,NIFTY
2022-11-24 13:11:07,18400,CE,SELL,9.5,-0.05000000000000071,NIFTY
2022-11-24 13:11:07,18400,PE,SELL,33.4,0.29999999999999716,NIFTY
2022-11-24 13:11:07,18350,CE,BUY,37.4,,NIFTY
2022-11-24 13:11:07,18350,PE,BUY,11.25,,NIFTY
2022-11-24 13:11:08,18350,CE,SELL,37.45,0.05000000000000426,NIFTY
2022-11-24 13:11:08,18350,PE,SELL,11.1,-0.15000000000000036,NIFTY
2022-11-24 13:11:08,18400,CE,BUY,9.5,,NIFTY
2022-11-24 13:11:08,18400,PE,BUY,33.0,,NIFTY
2022-11-24 13:19:06,18400,CE,SELL,9.0,-0.5,NIFTY
2022-11-24 13:19:06,18400,PE,SELL,35.0,2.0,NIFTY
2022-11-24 13:19:06,18350,CE,BUY,35.7,,NIFTY
2022-11-24 13:19:06,18350,PE,BUY,11.85,,NIFTY
2022-11-24 13:19:08,18350,CE,SELL,35.15,-0.5500000000000043,NIFTY
2022-11-24 13:19:08,18350,PE,SELL,12.1,0.25,NIFTY
2022-11-24 13:19:08,18400,CE,BUY,8.65,,NIFTY
2022-11-24 13:19:08,18400,PE,BUY,35.35,,NIFTY
2022-11-24 13:19:11,18400,CE,SELL,8.75,0.09999999999999964,NIFTY
2022-11-24 13:19:11,18400,PE,SELL,35.1,-0.25,NIFTY
2022-11-24 13:19:11,18350,CE,BUY,35.3,,NIFTY
2022-11-24 13:19:11,18350,PE,BUY,11.9,,NIFTY
2022-11-24 13:19:55,18350,CE,SELL,37.2,1.9000000000000057,NIFTY
2022-11-24 13:19:55,18350,PE,SELL,11.35,-0.5500000000000007,NIFTY
2022-11-24 13:19:55,18400,CE,BUY,9.45,,NIFTY
2022-11-24 13:19:55,18400,PE,BUY,33.9,,NIFTY
2022-11-24 13:19:59,18400,CE,SELL,9.4,-0.049999999999998934,NIFTY
2022-11-24 13:19:59,18400,PE,SELL,33.6,-0.29999999999999716,NIFTY
2022-11-24 13:19:59,18350,CE,BUY,37.35,,NIFTY
2022-11-24 13:19:59,18350,PE,BUY,11.2,,NIFTY
2022-11-24 13:20:00,18350,CE,SELL,37.35,0.0,NIFTY
2022-11-24 13:20:00,18350,PE,SELL,11.35,0.15000000000000036,NIFTY
2022-11-24 13:20:00,18400,CE,BUY,9.4,,NIFTY
2022-11-24 13:20:00,18400,PE,BUY,33.8,,NIFTY
2022-11-24 13:20:04,18400,CE,SELL,9.0,-0.40000000000000036,NIFTY
2022-11-24 13:20:04,18400,PE,SELL,34.35,0.5500000000000043,NIFTY
2022-11-24 13:20:04,18350,CE,BUY,36.05,,NIFTY
2022-11-24 13:20:04,18350,PE,BUY,11.55,,NIFTY
2022-11-24 13:20:05,18350,CE,SELL,35.8,-0.25,NIFTY
2022-11-24 13:20:05,18350,PE,SELL,11.55,0.0,NIFTY
2022-11-24 13:20:05,18400,CE,BUY,8.8,,NIFTY
2022-11-24 13:20:05,18400,PE,BUY,34.6,,NIFTY
2022-11-24 13:20:06,18400,CE,SELL,8.8,0.0,NIFTY
2022-11-24 13:20:06,18400,PE,SELL,34.6,0.0,NIFTY
2022-11-24 13:20:06,18350,CE,BUY,35.8,,NIFTY
2022-11-24 13:20:06,18350,PE,BUY,11.65,,NIFTY
2022-11-24 13:20:31,18350,CE,SELL,36.95,1.1500000000000057,NIFTY
2022-11-24 13:20:31,18350,PE,SELL,11.15,-0.5,NIFTY
2022-11-24 13:20:31,18400,CE,BUY,9.4,,NIFTY
2022-11-24 13:20:31,18400,PE,BUY,33.15,,NIFTY
2022-11-24 13:20:41,18400,CE,SELL,9.35,-0.05000000000000071,NIFTY
2022-11-24 13:20:41,18400,PE,SELL,33.2,0.05000000000000426,NIFTY
2022-11-24 13:20:41,18350,CE,BUY,37.25,,NIFTY
2022-11-24 13:20:41,18350,PE,BUY,11.05,,NIFTY
2022-11-24 13:20:43,18350,CE,SELL,37.55,0.29999999999999716,NIFTY
2022-11-24 13:20:43,18350,PE,SELL,11.0,-0.05000000000000071,NIFTY
2022-11-24 13:20:43,18400,CE,BUY,9.5,,NIFTY
2022-11-24 13:20:43,18400,PE,BUY,33.05,,NIFTY
2022-11-24 13:23:00,18400,CE,SELL,9.25,-0.25,NIFTY
2022-11-24 13:23:00,18400,PE,SELL,33.45,0.4000000000000057,NIFTY
2022-11-24 13:23:00,18350,CE,BUY,36.85,,NIFTY
2022-11-24 13:23:00,18350,PE,BUY,11.0,,NIFTY
2022-11-24 13:23:01,18350,CE,SELL,36.85,0.0,NIFTY
2022-11-24 13:23:01,18350,PE,SELL,10.95,-0.05000000000000071,NIFTY
2022-11-24 13:23:01,18400,CE,BUY,9.2,,NIFTY
2022-11-24 13:23:01,18400,PE,BUY,33.3,,NIFTY
2022-11-24 13:23:03,18400,CE,SELL,9.0,-0.1999999999999993,NIFTY
2022-11-24 13:23:03,18400,PE,SELL,33.7,0.4000000000000057,NIFTY
2022-11-24 13:23:03,18350,CE,BUY,36.4,,NIFTY
2022-11-24 13:23:03,18350,PE,BUY,11.05,,NIFTY
2022-11-24 13:23:05,18350,CE,SELL,36.5,0.10000000000000142,NIFTY
2022-11-24 13:23:05,18350,PE,SELL,11.1,0.049999999999998934,NIFTY
2022-11-24 13:23:05,18400,CE,BUY,9.1,,NIFTY
2022-11-24 13:23:05,18400,PE,BUY,33.8,,NIFTY
2022-11-24 13:23:06,18400,CE,SELL,9.0,-0.09999999999999964,NIFTY
2022-11-24 13:23:06,18400,PE,SELL,34.2,0.4000000000000057,NIFTY
2022-11-24 13:23:06,18350,CE,BUY,36.15,,NIFTY
2022-11-24 13:23:06,18350,PE,BUY,11.3,,NIFTY
2022-11-24 13:23:10,18350,CE,SELL,36.4,0.25,NIFTY
2022-11-24 13:23:10,18350,PE,SELL,11.25,-0.05000000000000071,NIFTY
2022-11-24 13:23:10,18400,CE,BUY,9.05,,NIFTY
2022-11-24 13:23:10,18400,PE,BUY,33.65,,NIFTY
2022-11-24 13:23:16,18400,CE,SELL,8.95,-0.10000000000000142,NIFTY
2022-11-24 13:23:16,18400,PE,SELL,33.75,0.10000000000000142,NIFTY
2022-11-24 13:23:16,18350,CE,BUY,36.35,,NIFTY
2022-11-24 13:23:16,18350,PE,BUY,11.25,,NIFTY
2022-11-24 13:23:19,18350,CE,SELL,36.05,-0.30000000000000426,NIFTY
2022-11-24 13:23:19,18350,PE,SELL,11.45,0.1999999999999993,NIFTY
2022-11-24 13:23:19,18400,CE,BUY,8.9,,NIFTY
2022-11-24 13:23:19,18400,PE,BUY,34.15,,NIFTY
2022-11-24 13:23:33,18400,CE,SELL,8.95,0.049999999999998934,NIFTY
2022-11-24 13:23:33,18400,PE,SELL,34.15,0.0,NIFTY
2022-11-24 13:23:33,18350,CE,BUY,36.0,,NIFTY
2022-11-24 13:23:33,18350,PE,BUY,11.45,,NIFTY
2022-11-24 13:23:34,18350,CE,SELL,36.0,0.0,NIFTY
2022-11-24 13:23:34,18350,PE,SELL,11.45,0.0,NIFTY
2022-11-24 13:23:34,18400,CE,BUY,8.85,,NIFTY
2022-11-24 13:23:34,18400,PE,BUY,34.4,,NIFTY
2022-11-24 13:23:39,18400,CE,SELL,8.7,-0.15000000000000036,NIFTY
2022-11-24 13:23:39,18400,PE,SELL,34.85,0.45000000000000284,NIFTY
2022-11-24 13:23:39,18350,CE,BUY,35.35,,NIFTY
2022-11-24 13:23:39,18350,PE,BUY,11.7,,NIFTY
2022-11-24 13:23:42,18350,CE,SELL,35.3,-0.05000000000000426,NIFTY
2022-11-24 13:23:42,18350,PE,SELL,11.75,0.05000000000000071,NIFTY
2022-11-24 13:23:42,18400,CE,BUY,8.65,,NIFTY
2022-11-24 13:23:42,18400,PE,BUY,34.9,,NIFTY
2022-11-24 13:23:44,18400,CE,SELL,8.55,-0.09999999999999964,NIFTY
2022-11-24 13:23:44,18400,PE,SELL,34.9,0.0,NIFTY
2022-11-24 13:23:44,18350,CE,BUY,35.05,,NIFTY
2022-11-24 13:23:44,18350,PE,BUY,11.8,,NIFTY
2022-11-24 13:32:13,18350,CE,SELL,35.1,0.05000000000000426,NIFTY
2022-11-24 13:32:13,18350,PE,SELL,9.65,-2.1500000000000004,NIFTY
2022-11-24 13:32:13,18400,CE,BUY,8.2,,NIFTY
2022-11-24 13:32:13,18400,PE,BUY,32.5,,NIFTY
2022-11-24 13:32:14,18400,CE,SELL,8.2,0.0,NIFTY
2022-11-24 13:32:14,18400,PE,SELL,32.95,0.45000000000000284,NIFTY
2022-11-24 13:32:14,18350,CE,BUY,34.95,,NIFTY
2022-11-24 13:32:14,18350,PE,BUY,9.75,,NIFTY
2022-11-24 13:32:45,18350,CE,SELL,34.6,-0.3500000000000014,NIFTY
2022-11-24 13:32:45,18350,PE,SELL,9.95,0.1999999999999993,NIFTY
2022-11-24 13:32:45,18400,CE,BUY,8.0,,NIFTY
2022-11-24 13:32:45,18400,PE,BUY,33.5,,NIFTY
2022-11-24 13:32:46,18400,CE,SELL,8.05,0.05000000000000071,NIFTY
2022-11-24 13:32:46,18400,PE,SELL,33.4,-0.10000000000000142,NIFTY
2022-11-24 13:32:46,18350,CE,BUY,34.55,,NIFTY
2022-11-24 13:32:46,18350,PE,BUY,9.9,,NIFTY
2022-11-24 13:40:04,18350,CE,SELL,34.8,0.25,NIFTY
2022-11-24 13:40:04,18350,PE,SELL,9.2,-0.7000000000000011,NIFTY
2022-11-24 13:40:04,18400,CE,BUY,8.05,,NIFTY
2022-11-24 13:40:04,18400,PE,BUY,31.95,,NIFTY
2022-11-24 13:40:05,18400,CE,SELL,8.2,0.14999999999999858,NIFTY
2022-11-24 13:40:05,18400,PE,SELL,32.1,0.15000000000000213,NIFTY
2022-11-24 13:40:05,18350,CE,BUY,34.9,,NIFTY
2022-11-24 13:40:05,18350,PE,BUY,9.1,,NIFTY
2022-11-24 13:40:13,18350,CE,SELL,35.15,0.25,NIFTY
2022-11-24 13:40:13,18350,PE,SELL,8.8,-0.29999999999999893,NIFTY
2022-11-24 13:40:13,18400,CE,BUY,8.25,,NIFTY
2022-11-24 13:40:13,18400,PE,BUY,31.55,,NIFTY
2022-11-24 13:42:01,18400,CE,SELL,7.65,-0.5999999999999996,NIFTY
2022-11-24 13:42:01,18400,PE,SELL,32.9,1.3499999999999979,NIFTY
2022-11-24 13:42:01,18350,CE,BUY,33.65,,NIFTY
2022-11-24 13:42:01,18350,PE,BUY,9.0,,NIFTY
2022-11-24 13:43:11,18350,CE,SELL,34.85,1.2000000000000028,NIFTY
2022-11-24 13:43:11,18350,PE,SELL,9.1,0.09999999999999964,NIFTY
2022-11-24 13:43:11,18400,CE,BUY,8.1,,NIFTY
2022-11-24 13:43:11,18400,PE,BUY,32.5,,NIFTY
2022-11-24 13:43:14,18400,CE,SELL,8.0,-0.09999999999999964,NIFTY
2022-11-24 13:43:14,18400,PE,SELL,32.3,-0.20000000000000284,NIFTY
2022-11-24 13:43:14,18350,CE,BUY,34.7,,NIFTY
2022-11-24 13:43:14,18350,PE,BUY,8.95,,NIFTY
2022-11-24 13:43:19,18350,CE,SELL,35.4,0.6999999999999957,NIFTY
2022-11-24 13:43:19,18350,PE,SELL,8.7,-0.25,NIFTY
2022-11-24 13:43:19,18400,CE,BUY,8.25,,NIFTY
2022-11-24 13:43:19,18400,PE,BUY,31.8,,NIFTY
2022-11-24 13:43:41,18400,CE,SELL,7.95,-0.2999999999999998,NIFTY
2022-11-24 13:43:41,18400,PE,SELL,32.2,0.40000000000000213,NIFTY
2022-11-24 13:43:41,18350,CE,BUY,34.85,,NIFTY
2022-11-24 13:43:41,18350,PE,BUY,8.95,,NIFTY
2022-11-24 13:43:43,18350,CE,SELL,35.05,0.19999999999999574,NIFTY
2022-11-24 13:43:43,18350,PE,SELL,8.8,-0.14999999999999858,NIFTY
2022-11-24 13:43:43,18400,CE,BUY,8.05,,NIFTY
2022-11-24 13:43:43,18400,PE,BUY,32.0,,NIFTY
2022-11-24 13:43:44,18400,CE,SELL,8.1,0.049999999999998934,NIFTY
2022-11-24 13:43:44,18400,PE,SELL,31.8,-0.1999999999999993,NIFTY
2022-11-24 13:43:44,18350,CE,BUY,35.1,,NIFTY
2022-11-24 13:43:44,18350,PE,BUY,8.7,,NIFTY
2022-11-24 13:43:45,18350,CE,SELL,35.25,0.14999999999999858,NIFTY
2022-11-24 13:43:45,18350,PE,SELL,8.8,0.10000000000000142,NIFTY
2022-11-24 13:43:45,18400,CE,BUY,8.15,,NIFTY
2022-11-24 13:43:45,18400,PE,BUY,32.0,,NIFTY
2022-11-24 13:43:53,18400,CE,SELL,8.0,-0.15000000000000036,NIFTY
2022-11-24 13:43:53,18400,PE,SELL,32.1,0.10000000000000142,NIFTY
2022-11-24 13:43:53,18350,CE,BUY,34.95,,NIFTY
2022-11-24 13:43:53,18350,PE,BUY,8.85,,NIFTY
2022-11-24 13:43:54,18350,CE,SELL,35.2,0.25,NIFTY
2022-11-24 13:43:54,18350,PE,SELL,8.9,0.05000000000000071,NIFTY
2022-11-24 13:43:54,18400,CE,BUY,8.05,,NIFTY
2022-11-24 13:43:54,18400,PE,BUY,32.15,,NIFTY
2022-11-24 13:44:06,18400,CE,SELL,8.05,0.0,NIFTY
2022-11-24 13:44:06,18400,PE,SELL,32.0,-0.14999999999999858,NIFTY
2022-11-24 13:44:06,18350,CE,BUY,35.25,,NIFTY
2022-11-24 13:44:06,18350,PE,BUY,8.85,,NIFTY
2022-11-24 13:44:09,18350,CE,SELL,35.25,0.0,NIFTY
2022-11-24 13:44:09,18350,PE,SELL,8.85,0.0,NIFTY
2022-11-24 13:44:09,18400,CE,BUY,8.1,,NIFTY
2022-11-24 13:44:09,18400,PE,BUY,31.85,,NIFTY
2022-11-24 13:44:37,18400,CE,SELL,8.05,-0.049999999999998934,NIFTY
2022-11-24 13:44:37,18400,PE,SELL,31.85,0.0,NIFTY
2022-11-24 13:44:37,18350,CE,BUY,35.0,,NIFTY
2022-11-24 13:44:37,18350,PE,BUY,8.75,,NIFTY
2022-11-24 13:44:40,18350,CE,SELL,34.6,-0.3999999999999986,NIFTY
2022-11-24 13:44:40,18350,PE,SELL,8.9,0.15000000000000036,NIFTY
2022-11-24 13:44:40,18400,CE,BUY,7.9,,NIFTY
2022-11-24 13:44:40,18400,PE,BUY,32.3,,NIFTY
2022-11-24 13:44:41,18400,CE,SELL,7.85,-0.05000000000000071,NIFTY
2022-11-24 13:44:41,18400,PE,SELL,32.35,0.05000000000000426,NIFTY
2022-11-24 13:44:41,18350,CE,BUY,34.45,,NIFTY
2022-11-24 13:44:41,18350,PE,BUY,8.9,,NIFTY
2022-11-24 13:44:43,18350,CE,SELL,34.5,0.04999999999999716,NIFTY
2022-11-24 13:44:43,18350,PE,SELL,8.85,-0.05000000000000071,NIFTY
2022-11-24 13:44:43,18400,CE,BUY,7.9,,NIFTY
2022-11-24 13:44:43,18400,PE,BUY,32.4,,NIFTY
2022-11-24 13:44:45,18400,CE,SELL,7.75,-0.15000000000000036,NIFTY
2022-11-24 13:44:45,18400,PE,SELL,32.3,-0.10000000000000142,NIFTY
2022-11-24 13:44:45,18350,CE,BUY,34.55,,NIFTY
2022-11-24 13:44:45,18350,PE,BUY,8.95,,NIFTY
2022-11-24 13:44:47,18350,CE,SELL,34.65,0.10000000000000142,NIFTY
2022-11-24 13:44:47,18350,PE,SELL,8.9,-0.049999999999998934,NIFTY
2022-11-24 13:44:47,18400,CE,BUY,7.8,,NIFTY
2022-11-24 13:44:47,18400,PE,BUY,32.35,,NIFTY
2022-11-24 15:02:15,18400,CE,SELL,25.85,18.05,NIFTY
2022-11-24 15:02:15,18400,PE,SELL,1.85,-30.5,NIFTY
2022-11-24 15:02:15,18450,CE,BUY,1.6,,NIFTY
2022-11-24 15:02:15,18450,PE,BUY,27.55,,NIFTY
2022-11-24 15:02:16,18450,CE,SELL,1.55,-0.050000000000000044,NIFTY
2022-11-24 15:02:16,18450,PE,SELL,27.15,-0.40000000000000213,NIFTY
2022-11-24 15:02:16,18400,CE,BUY,26.3,,NIFTY
2022-11-24 15:02:16,18400,PE,BUY,1.75,,NIFTY
2022-11-24 15:02:21,18400,CE,SELL,25.35,-0.9499999999999993,NIFTY
2022-11-24 15:02:21,18400,PE,SELL,1.55,-0.19999999999999996,NIFTY
2022-11-24 15:02:21,18450,CE,BUY,1.55,,NIFTY
2022-11-24 15:02:21,18450,PE,BUY,27.35,,NIFTY
2022-11-24 15:02:24,18450,CE,SELL,1.4,-0.15000000000000013,NIFTY
2022-11-24 15:02:24,18450,PE,SELL,27.95,0.5999999999999979,NIFTY
2022-11-24 15:02:24,18400,CE,BUY,24.4,,NIFTY
2022-11-24 15:02:24,18400,PE,BUY,1.45,,NIFTY
2022-11-24 15:02:25,18400,CE,SELL,25.15,0.75,NIFTY
2022-11-24 15:02:25,18400,PE,SELL,1.3,-0.1499999999999999,NIFTY
2022-11-24 15:02:25,18450,CE,BUY,1.4,,NIFTY
2022-11-24 15:02:25,18450,PE,BUY,27.4,,NIFTY
2022-11-24 15:02:26,18450,CE,SELL,1.35,-0.04999999999999982,NIFTY
2022-11-24 15:02:26,18450,PE,SELL,27.2,-0.1999999999999993,NIFTY
2022-11-24 15:02:26,18400,CE,BUY,25.6,,NIFTY
2022-11-24 15:02:26,18400,PE,BUY,1.4,,NIFTY
2022-11-24 15:02:27,18400,CE,SELL,25.35,-0.25,NIFTY
2022-11-24 15:02:27,18400,PE,SELL,1.4,0.0,NIFTY
2022-11-24 15:02:27,18450,CE,BUY,1.4,,NIFTY
2022-11-24 15:02:27,18450,PE,BUY,27.45,,NIFTY
2022-11-24 15:02:28,18450,CE,SELL,1.35,-0.04999999999999982,NIFTY
2022-11-24 15:02:28,18450,PE,SELL,27.7,0.25,NIFTY
2022-11-24 15:02:28,18400,CE,BUY,25.0,,NIFTY
2022-11-24 15:02:28,18400,PE,BUY,1.45,,NIFTY
2022-11-24 15:02:31,18400,CE,SELL,25.5,0.5,NIFTY
2022-11-24 15:02:31,18400,PE,SELL,1.2,-0.25,NIFTY
2022-11-24 15:02:31,18450,CE,BUY,1.35,,NIFTY
2022-11-24 15:02:31,18450,PE,BUY,27.25,,NIFTY
2022-11-24 15:02:33,18450,CE,SELL,1.3,-0.050000000000000044,NIFTY
2022-11-24 15:02:33,18450,PE,SELL,27.1,-0.14999999999999858,NIFTY
2022-11-24 15:02:33,18400,CE,BUY,25.6,,NIFTY
2022-11-24 15:02:33,18400,PE,BUY,1.4,,NIFTY
2022-11-24 15:02:35,18400,CE,SELL,25.85,0.25,NIFTY
2022-11-24 15:02:35,18400,PE,SELL,1.5,0.10000000000000009,NIFTY
2022-11-24 15:02:35,18450,CE,BUY,1.4,,NIFTY
2022-11-24 15:02:35,18450,PE,BUY,27.0,,NIFTY
2022-11-24 15:02:36,18450,CE,SELL,1.5,0.10000000000000009,NIFTY
2022-11-24 15:02:36,18450,PE,SELL,26.5,-0.5,NIFTY
2022-11-24 15:02:36,18400,CE,BUY,26.2,,NIFTY
2022-11-24 15:02:36,18400,PE,BUY,1.45,,NIFTY
2022-11-24 15:02:37,18400,CE,SELL,26.4,0.1999999999999993,NIFTY
2022-11-24 15:02:37,18400,PE,SELL,1.35,-0.09999999999999987,NIFTY
2022-11-24 15:02:37,18450,CE,BUY,1.6,,NIFTY
2022-11-24 15:02:37,18450,PE,BUY,26.0,,NIFTY
2022-11-24 15:16:53,18450,CE,SELL,24.55,22.95,NIFTY
2022-11-24 15:16:53,18450,PE,SELL,0.2,-25.8,NIFTY
2022-11-24 15:16:53,18500,CE,BUY,1.1,,NIFTY
2022-11-24 15:16:53,18500,PE,BUY,26.4,,NIFTY
2022-11-24 15:16:54,18500,CE,SELL,1.1,0.0,NIFTY
2022-11-24 15:16:54,18500,PE,SELL,26.9,0.5,NIFTY
2022-11-24 15:16:54,18450,CE,BUY,24.25,,NIFTY
2022-11-24 15:16:54,18450,PE,BUY,0.25,,NIFTY
2022-11-24 15:17:36,18450,CE,SELL,26.85,2.6000000000000014,NIFTY
2022-11-24 15:17:36,18450,PE,SELL,0.2,-0.04999999999999999,NIFTY
2022-11-24 15:17:36,18500,CE,BUY,0.9,,NIFTY
2022-11-24 15:17:36,18500,PE,BUY,24.3,,NIFTY
2022-11-24 15:17:41,18500,CE,SELL,0.95,0.04999999999999993,NIFTY
2022-11-24 15:17:41,18500,PE,SELL,25.0,0.6999999999999993,NIFTY
2022-11-24 15:17:41,18450,CE,BUY,26.45,,NIFTY
2022-11-24 15:17:41,18450,PE,BUY,0.25,,NIFTY
2022-11-24 15:17:42,18450,CE,SELL,26.35,-0.09999999999999787,NIFTY
2022-11-24 15:17:42,18450,PE,SELL,0.25,0.0,NIFTY
2022-11-24 15:17:42,18500,CE,BUY,1.0,,NIFTY
2022-11-24 15:17:42,18500,PE,BUY,24.75,,NIFTY
2022-11-24 15:17:49,18500,CE,SELL,1.2,0.19999999999999996,NIFTY
2022-11-24 15:17:49,18500,PE,SELL,25.9,1.1499999999999986,NIFTY
2022-11-24 15:17:49,18450,CE,BUY,25.55,,NIFTY
2022-11-24 15:17:49,18450,PE,BUY,0.25,,NIFTY
2022-11-24 15:17:51,18450,CE,SELL,25.2,-0.3500000000000014,NIFTY
2022-11-24 15:17:51,18450,PE,SELL,0.25,0.0,NIFTY
2022-11-24 15:17:51,18500,CE,BUY,1.1,,NIFTY
2022-11-24 15:17:51,18500,PE,BUY,26.1,,NIFTY
2022-11-24 15:17:54,18500,CE,SELL,1.1,0.0,NIFTY
2022-11-24 15:17:54,18500,PE,SELL,25.15,-0.9500000000000028,NIFTY
2022-11-24 15:17:54,18450,CE,BUY,26.0,,NIFTY
2022-11-24 15:17:54,18450,PE,BUY,0.25,,NIFTY
2022-11-24 15:17:55,18450,CE,SELL,26.4,0.3999999999999986,NIFTY
2022-11-24 15:17:55,18450,PE,SELL,0.25,0.0,NIFTY
2022-11-24 15:17:55,18500,CE,BUY,1.1,,NIFTY
2022-11-24 15:17:55,18500,PE,BUY,24.8,,NIFTY
2022-11-24 15:18:00,18500,CE,SELL,1.15,0.04999999999999982,NIFTY
2022-11-24 15:18:00,18500,PE,SELL,24.45,-0.3500000000000014,NIFTY
2022-11-24 15:18:00,18450,CE,BUY,27.65,,NIFTY
2022-11-24 15:18:00,18450,PE,BUY,0.25,,NIFTY
2022-11-24 15:18:01,18450,CE,SELL,26.3,-1.3499999999999979,NIFTY
2022-11-24 15:18:01,18450,PE,SELL,0.3,0.04999999999999999,NIFTY
2022-11-24 15:18:01,18500,CE,BUY,1.1,,NIFTY
2022-11-24 15:18:01,18500,PE,BUY,25.4,,NIFTY
2022-11-24 15:18:19,18500,CE,SELL,1.1,0.0,NIFTY
2022-11-24 15:18:19,18500,PE,SELL,25.85,0.45000000000000284,NIFTY
2022-11-24 15:18:19,18450,CE,BUY,26.0,,NIFTY
2022-11-24 15:18:19,18450,PE,BUY,0.8,,NIFTY
2022-11-24 15:18:21,18450,CE,SELL,25.8,-0.1999999999999993,NIFTY
2022-11-24 15:18:21,18450,PE,SELL,1.05,0.25,NIFTY
2022-11-24 15:18:21,18500,CE,BUY,1.1,,NIFTY
2022-11-24 15:18:21,18500,PE,BUY,26.3,,NIFTY
2022-11-24 15:18:22,18500,CE,SELL,1.05,-0.050000000000000044,NIFTY
2022-11-24 15:18:22,18500,PE,SELL,26.8,0.5,NIFTY
2022-11-24 15:18:22,18450,CE,BUY,25.8,,NIFTY
2022-11-24 15:18:22,18450,PE,BUY,1.05,,NIFTY
2022-11-24 15:18:33,18450,CE,SELL,27.5,1.6999999999999993,NIFTY
2022-11-24 15:18:33,18450,PE,SELL,0.35,-0.7000000000000001,NIFTY
2022-11-24 15:18:33,18500,CE,BUY,0.95,,NIFTY
2022-11-24 15:18:33,18500,PE,BUY,23.7,,NIFTY
2022-11-24 15:29:59,18500,CE,SELL,0.05,-0.8999999999999999,NIFTY
2022-11-24 15:29:59,18500,PE,SELL,15.8,-7.899999999999999,NIFTY
2022-11-25 09:15:00,18600,CE,BUY,78.85,,NIFTY
2022-11-25 09:15:00,18600,PE,BUY,135.7,,NIFTY
2022-11-25 09:15:01,18600,CE,SELL,70.5,-8.349999999999994,NIFTY
2022-11-25 09:15:01,18600,PE,SELL,135.7,0.0,NIFTY
2022-11-25 09:15:01,18700,CE,BUY,34.8,,NIFTY
2022-11-25 09:15:01,18700,PE,BUY,192.65,,NIFTY
2022-11-25 09:15:02,18700,CE,SELL,34.3,-0.5,NIFTY
2022-11-25 09:15:02,18700,PE,SELL,198.7,6.049999999999983,NIFTY
2022-11-25 09:15:02,18650,CE,BUY,50.15,,NIFTY
2022-11-25 09:15:02,18650,PE,BUY,165.75,,NIFTY
2022-11-25 09:15:42,18650,CE,SELL,46.8,-3.3500000000000014,NIFTY
2022-11-25 09:15:42,18650,PE,SELL,184.7,18.94999999999999,NIFTY
2022-11-25 09:15:42,18600,CE,BUY,64.15,,NIFTY
2022-11-25 09:15:42,18600,PE,BUY,152.1,,NIFTY
2022-11-25 09:32:00,18600,CE,SELL,60.45,-3.700000000000003,NIFTY
2022-11-25 09:32:00,18600,PE,SELL,140.2,-11.900000000000006,NIFTY
2022-11-25 09:32:00,18650,CE,BUY,43.05,,NIFTY
2022-11-25 09:32:00,18650,PE,BUY,172.6,,NIFTY
2022-11-25 09:34:09,18650,CE,SELL,44.15,1.1000000000000014,NIFTY
2022-11-25 09:34:09,18650,PE,SELL,174.75,2.1500000000000057,NIFTY
2022-11-25 09:34:09,18600,CE,BUY,60.4,,NIFTY
2022-11-25 09:34:09,18600,PE,BUY,142.05,,NIFTY
2022-11-25 09:51:05,18600,CE,SELL,57.7,-2.6999999999999957,NIFTY
2022-11-25 09:51:05,18600,PE,SELL,146.3,4.25,NIFTY
2022-11-25 09:51:05,18650,CE,BUY,41.0,,NIFTY
2022-11-25 09:51:05,18650,PE,BUY,181.0,,NIFTY
2022-11-25 09:53:41,18650,CE,SELL,41.0,0.0,NIFTY
2022-11-25 09:53:41,18650,PE,SELL,183.0,2.0,NIFTY
2022-11-25 09:53:41,18600,CE,BUY,57.3,,NIFTY
2022-11-25 09:53:41,18600,PE,BUY,149.15,,NIFTY
2022-11-25 09:53:42,18600,CE,SELL,57.7,0.4000000000000057,NIFTY
2022-11-25 09:53:42,18600,PE,SELL,148.55,-0.5999999999999943,NIFTY
2022-11-25 09:53:42,18650,CE,BUY,41.2,,NIFTY
2022-11-25 09:53:42,18650,PE,BUY,182.25,,NIFTY
2022-11-25 09:54:37,18650,CE,SELL,42.0,0.7999999999999972,NIFTY
2022-11-25 09:54:37,18650,PE,SELL,182.2,-0.05000000000001137,NIFTY
2022-11-25 09:54:37,18600,CE,BUY,58.7,,NIFTY
2022-11-25 09:54:37,18600,PE,BUY,148.6,,NIFTY
2022-11-25 09:54:38,18600,CE,SELL,58.65,-0.05000000000000426,NIFTY
2022-11-25 09:54:38,18600,PE,SELL,148.4,-0.19999999999998863,NIFTY
2022-11-25 09:54:38,18650,CE,BUY,41.85,,NIFTY
2022-11-25 09:54:38,18650,PE,BUY,182.2,,NIFTY
2022-11-25 09:54:40,18650,CE,SELL,41.75,-0.10000000000000142,NIFTY
2022-11-25 09:54:40,18650,PE,SELL,182.4,0.20000000000001705,NIFTY
2022-11-25 09:54:40,18600,CE,BUY,58.3,,NIFTY
2022-11-25 09:54:40,18600,PE,BUY,149.2,,NIFTY
2022-11-25 09:54:42,18600,CE,SELL,58.45,0.15000000000000568,NIFTY
2022-11-25 09:54:42,18600,PE,SELL,148.65,-0.549999999999983,NIFTY
2022-11-25 09:54:42,18650,CE,BUY,41.95,,NIFTY
2022-11-25 09:54:42,18650,PE,BUY,182.35,,NIFTY
2022-11-25 09:54:43,18650,CE,SELL,41.6,-0.3500000000000014,NIFTY
2022-11-25 09:54:43,18650,PE,SELL,183.0,0.6500000000000057,NIFTY
2022-11-25 09:54:43,18600,CE,BUY,58.25,,NIFTY
2022-11-25 09:54:43,18600,PE,BUY,149.4,,NIFTY
2022-11-25 10:29:50,18600,CE,SELL,57.75,-0.5,NIFTY
2022-11-25 10:29:50,18600,PE,SELL,144.0,-5.400000000000006,NIFTY
2022-11-25 10:29:50,18650,CE,BUY,40.85,,NIFTY
2022-11-25 10:29:50,18650,PE,BUY,177.0,,NIFTY
2022-11-25 10:29:52,18650,CE,SELL,40.4,-0.45000000000000284,NIFTY
2022-11-25 10:29:52,18650,PE,SELL,178.2,1.1999999999999886,NIFTY
2022-11-25 10:29:52,18600,CE,BUY,57.1,,NIFTY
2022-11-25 10:29:52,18600,PE,BUY,145.2,,NIFTY
2022-11-25 10:29:54,18600,CE,SELL,57.2,0.10000000000000142,NIFTY
2022-11-25 10:29:54,18600,PE,SELL,145.25,0.05000000000001137,NIFTY
2022-11-25 10:29:54,18650,CE,BUY,40.55,,NIFTY
2022-11-25 10:29:54,18650,PE,BUY,178.15,,NIFTY
2022-11-25 10:29:59,18650,CE,SELL,40.15,-0.3999999999999986,NIFTY
2022-11-25 10:29:59,18650,PE,SELL,178.3,0.15000000000000568,NIFTY
2022-11-25 10:29:59,18600,CE,BUY,56.85,,NIFTY
2022-11-25 10:29:59,18600,PE,BUY,145.3,,NIFTY
2022-11-25 10:30:03,18600,CE,SELL,57.9,1.0499999999999972,NIFTY
2022-11-25 10:30:03,18600,PE,SELL,144.55,-0.75,NIFTY
2022-11-25 10:30:03,18650,CE,BUY,40.55,,NIFTY
2022-11-25 10:30:03,18650,PE,BUY,178.1,,NIFTY
2022-11-25 10:30:08,18650,CE,SELL,39.95,-0.5999999999999943,NIFTY
2022-11-25 10:30:08,18650,PE,SELL,179.7,1.5999999999999943,NIFTY
2022-11-25 10:30:08,18600,CE,BUY,56.8,,NIFTY
2022-11-25 10:30:08,18600,PE,BUY,146.8,,NIFTY
2022-11-25 10:30:37,18600,CE,SELL,58.15,1.3500000000000014,NIFTY
2022-11-25 10:30:37,18600,PE,SELL,146.0,-0.8000000000000114,NIFTY
2022-11-25 10:30:37,18650,CE,BUY,41.15,,NIFTY
2022-11-25 10:30:37,18650,PE,BUY,179.2,,NIFTY
2022-11-25 10:30:39,18650,CE,SELL,40.7,-0.44999999999999574,NIFTY
2022-11-25 10:30:39,18650,PE,SELL,179.2,0.0,NIFTY
2022-11-25 10:30:39,18600,CE,BUY,57.7,,NIFTY
2022-11-25 10:30:39,18600,PE,BUY,146.95,,NIFTY
2022-11-25 10:37:52,18600,CE,SELL,58.15,0.44999999999999574,NIFTY
2022-11-25 10:37:52,18600,PE,SELL,145.5,-1.4499999999999886,NIFTY
2022-11-25 10:37:52,18650,CE,BUY,41.2,,NIFTY
2022-11-25 10:37:52,18650,PE,BUY,178.8,,NIFTY
2022-11-25 10:37:55,18650,CE,SELL,40.85,-0.3500000000000014,NIFTY
2022-11-25 10:37:55,18650,PE,SELL,179.95,1.1499999999999773,NIFTY
2022-11-25 10:37:55,18600,CE,BUY,57.9,,NIFTY
2022-11-25 10:37:55,18600,PE,BUY,146.55,,NIFTY
2022-11-25 10:43:01,18600,CE,SELL,57.25,-0.6499999999999986,NIFTY
2022-11-25 10:43:01,18600,PE,SELL,145.25,-1.3000000000000114,NIFTY
2022-11-25 10:43:01,18650,CE,BUY,40.4,,NIFTY
2022-11-25 10:43:01,18650,PE,BUY,178.3,,NIFTY
2022-11-25 10:43:05,18650,CE,SELL,40.2,-0.19999999999999574,NIFTY
2022-11-25 10:43:05,18650,PE,SELL,178.85,0.549999999999983,NIFTY
2022-11-25 10:43:05,18600,CE,BUY,57.15,,NIFTY
2022-11-25 10:43:05,18600,PE,BUY,145.25,,NIFTY
2022-11-25 10:43:07,18600,CE,SELL,57.15,0.0,NIFTY
2022-11-25 10:43:07,18600,PE,SELL,143.45,-1.8000000000000114,NIFTY
2022-11-25 10:43:07,18650,CE,BUY,40.3,,NIFTY
2022-11-25 10:43:07,18650,PE,BUY,178.25,,NIFTY
2022-11-25 10:43:50,18650,CE,SELL,40.7,0.4000000000000057,NIFTY
2022-11-25 10:43:50,18650,PE,SELL,179.0,0.75,NIFTY
2022-11-25 10:43:50,18600,CE,BUY,57.55,,NIFTY
2022-11-25 10:43:50,18600,PE,BUY,145.65,,NIFTY
2022-11-25 10:43:51,18600,CE,SELL,57.75,0.20000000000000284,NIFTY
2022-11-25 10:43:51,18600,PE,SELL,145.05,-0.5999999999999943,NIFTY
2022-11-25 10:43:51,18650,CE,BUY,40.65,,NIFTY
2022-11-25 10:43:51,18650,PE,BUY,178.9,,NIFTY
2022-11-25 10:50:14,18650,CE,SELL,39.2,-1.4499999999999957,NIFTY
2022-11-25 10:50:14,18650,PE,SELL,180.45,1.549999999999983,NIFTY
2022-11-25 10:50:14,18600,CE,BUY,55.65,,NIFTY
2022-11-25 10:50:14,18600,PE,BUY,146.55,,NIFTY
2022-11-25 10:50:15,18600,CE,SELL,55.75,0.10000000000000142,NIFTY
2022-11-25 10:50:15,18600,PE,SELL,146.6,0.04999999999998295,NIFTY
2022-11-25 10:50:15,18650,CE,BUY,39.15,,NIFTY
2022-11-25 10:50:15,18650,PE,BUY,179.95,,NIFTY
2022-11-25 10:50:18,18650,CE,SELL,39.2,0.05000000000000426,NIFTY
2022-11-25 10:50:18,18650,PE,SELL,180.45,0.5,NIFTY
2022-11-25 10:50:18,18600,CE,BUY,55.75,,NIFTY
2022-11-25 10:50:18,18600,PE,BUY,146.85,,NIFTY
2022-11-25 10:51:10,18600,CE,SELL,56.25,0.5,NIFTY
2022-11-25 10:51:10,18600,PE,SELL,146.75,-0.09999999999999432,NIFTY
2022-11-25 10:51:10,18650,CE,BUY,39.6,,NIFTY
2022-11-25 10:51:10,18650,PE,BUY,181.0,,NIFTY
2022-11-25 10:51:21,18650,CE,SELL,39.45,-0.14999999999999858,NIFTY
2022-11-25 10:51:21,18650,PE,SELL,180.7,-0.30000000000001137,NIFTY
2022-11-25 10:51:21,18600,CE,BUY,55.9,,NIFTY
2022-11-25 10:51:21,18600,PE,BUY,147.6,,NIFTY
2022-11-25 10:52:03,18600,CE,SELL,56.15,0.25,NIFTY
2022-11-25 10:52:03,18600,PE,SELL,146.7,-0.9000000000000057,NIFTY
2022-11-25 10:52:03,18650,CE,BUY,39.6,,NIFTY
2022-11-25 10:52:03,18650,PE,BUY,180.3,,NIFTY
2022-11-25 10:52:04,18650,CE,SELL,39.65,0.04999999999999716,NIFTY
2022-11-25 10:52:04,18650,PE,SELL,180.3,0.0,NIFTY
2022-11-25 10:52:04,18600,CE,BUY,56.1,,NIFTY
2022-11-25 10:52:04,18600,PE,BUY,146.7,,NIFTY
2022-11-25 10:52:08,18600,CE,SELL,56.4,0.29999999999999716,NIFTY
2022-11-25 10:52:08,18600,PE,SELL,146.35,-0.3499999999999943,NIFTY
2022-11-25 10:52:08,18650,CE,BUY,39.75,,NIFTY
2022-11-25 10:52:08,18650,PE,BUY,180.0,,NIFTY
2022-11-25 10:52:10,18650,CE,SELL,39.75,0.0,NIFTY
2022-11-25 10:52:10,18650,PE,SELL,180.25,0.25,NIFTY
2022-11-25 10:52:10,18600,CE,BUY,56.45,,NIFTY
2022-11-25 10:52:10,18600,PE,BUY,146.4,,NIFTY
2022-11-25 10:52:13,18600,CE,SELL,56.1,-0.3500000000000014,NIFTY
2022-11-25 10:52:13,18600,PE,SELL,146.55,0.15000000000000568,NIFTY
2022-11-25 10:52:13,18650,CE,BUY,39.5,,NIFTY
2022-11-25 10:52:13,18650,PE,BUY,180.3,,NIFTY
2022-11-25 10:52:15,18650,CE,SELL,39.25,-0.25,NIFTY
2022-11-25 10:52:15,18650,PE,SELL,180.65,0.3499999999999943,NIFTY
2022-11-25 10:52:15,18600,CE,BUY,56.15,,NIFTY
2022-11-25 10:52:15,18600,PE,BUY,146.6,,NIFTY
2022-11-25 10:52:18,18600,CE,SELL,55.85,-0.29999999999999716,NIFTY
2022-11-25 10:52:18,18600,PE,SELL,147.0,0.4000000000000057,NIFTY
2022-11-25 10:52:18,18650,CE,BUY,39.25,,NIFTY
2022-11-25 10:52:18,18650,PE,BUY,180.55,,NIFTY
2022-11-25 10:52:19,18650,CE,SELL,39.25,0.0,NIFTY
2022-11-25 10:52:19,18650,PE,SELL,180.55,0.0,NIFTY
2022-11-25 10:52:19,18600,CE,BUY,55.85,,NIFTY
2022-11-25 10:52:19,18600,PE,BUY,147.3,,NIFTY
2022-11-25 10:52:20,18600,CE,SELL,55.75,-0.10000000000000142,NIFTY
2022-11-25 10:52:20,18600,PE,SELL,147.4,0.09999999999999432,NIFTY
2022-11-25 10:52:20,18650,CE,BUY,39.2,,NIFTY
2022-11-25 10:52:20,18650,PE,BUY,181.0,,NIFTY
2022-11-25 10:52:23,18650,CE,SELL,39.0,-0.20000000000000284,NIFTY
2022-11-25 10:52:23,18650,PE,SELL,181.2,0.19999999999998863,NIFTY
2022-11-25 10:52:23,18600,CE,BUY,55.6,,NIFTY
2022-11-25 10:52:23,18600,PE,BUY,147.3,,NIFTY
2022-11-25 12:42:05,18600,CE,SELL,55.0,-0.6000000000000014,NIFTY
2022-11-25 12:42:05,18600,PE,SELL,142.85,-4.450000000000017,NIFTY
2022-11-25 12:42:05,18650,CE,BUY,38.25,,NIFTY
2022-11-25 12:42:05,18650,PE,BUY,176.4,,NIFTY
2022-11-25 12:42:32,18650,CE,SELL,37.95,-0.29999999999999716,NIFTY
2022-11-25 12:42:32,18650,PE,SELL,176.95,0.549999999999983,NIFTY
2022-11-25 12:42:32,18600,CE,BUY,54.8,,NIFTY
2022-11-25 12:42:32,18600,PE,BUY,143.5,,NIFTY
2022-11-25 12:42:35,18600,CE,SELL,54.7,-0.09999999999999432,NIFTY
2022-11-25 12:42:35,18600,PE,SELL,143.35,-0.15000000000000568,NIFTY
2022-11-25 12:42:35,18650,CE,BUY,38.0,,NIFTY
2022-11-25 12:42:35,18650,PE,BUY,176.85,,NIFTY
2022-11-25 12:42:36,18650,CE,SELL,38.0,0.0,NIFTY
2022-11-25 12:42:36,18650,PE,SELL,176.85,0.0,NIFTY
2022-11-25 12:42:36,18600,CE,BUY,54.95,,NIFTY
2022-11-25 12:42:36,18600,PE,BUY,143.3,,NIFTY
2022-11-25 12:42:42,18600,CE,SELL,55.0,0.04999999999999716,NIFTY
2022-11-25 12:42:42,18600,PE,SELL,143.5,0.19999999999998863,NIFTY
2022-11-25 12:42:42,18650,CE,BUY,38.15,,NIFTY
2022-11-25 12:42:42,18650,PE,BUY,177.35,,NIFTY
2022-11-25 12:42:52,18650,CE,SELL,38.25,0.10000000000000142,NIFTY
2022-11-25 12:42:52,18650,PE,SELL,176.7,-0.6500000000000057,NIFTY
2022-11-25 12:42:52,18600,CE,BUY,55.0,,NIFTY
2022-11-25 12:42:52,18600,PE,BUY,143.7,,NIFTY
2022-11-25 12:42:55,18600,CE,SELL,55.15,0.14999999999999858,NIFTY
2022-11-25 12:42:55,18600,PE,SELL,144.1,0.4000000000000057,NIFTY
2022-11-25 12:42:55,18650,CE,BUY,38.35,,NIFTY
2022-11-25 12:42:55,18650,PE,BUY,177.9,,NIFTY
2022-11-25 12:42:58,18650,CE,SELL,38.1,-0.25,NIFTY
2022-11-25 12:42:58,18650,PE,SELL,178.3,0.4000000000000057,NIFTY
2022-11-25 12:42:58,18600,CE,BUY,54.8,,NIFTY
2022-11-25 12:42:58,18600,PE,BUY,144.45,,NIFTY
2022-11-25 12:43:02,18600,CE,SELL,55.0,0.20000000000000284,NIFTY
2022-11-25 12:43:02,18600,PE,SELL,144.15,-0.29999999999998295,NIFTY
2022-11-25 12:43:02,18650,CE,BUY,38.2,,NIFTY
2022-11-25 12:43:02,18650,PE,BUY,178.6,,NIFTY
2022-11-25 12:43:04,18650,CE,SELL,38.35,0.14999999999999858,NIFTY
2022-11-25 12:43:04,18650,PE,SELL,178.6,0.0,NIFTY
2022-11-25 12:43:04,18600,CE,BUY,55.15,,NIFTY
2022-11-25 12:43:04,18600,PE,BUY,143.75,,NIFTY
2022-11-25 12:43:09,18600,CE,SELL,55.3,0.14999999999999858,NIFTY
2022-11-25 12:43:09,18600,PE,SELL,143.4,-0.3499999999999943,NIFTY
2022-11-25 12:43:09,18650,CE,BUY,38.35,,NIFTY
2022-11-25 12:43:09,18650,PE,BUY,176.65,,NIFTY
2022-11-25 12:43:11,18650,CE,SELL,38.2,-0.14999999999999858,NIFTY
2022-11-25 12:43:11,18650,PE,SELL,176.65,0.0,NIFTY
2022-11-25 12:43:11,18600,CE,BUY,55.1,,NIFTY
2022-11-25 12:43:11,18600,PE,BUY,143.9,,NIFTY
2022-11-25 12:43:14,18600,CE,SELL,55.1,0.0,NIFTY
2022-11-25 12:43:14,18600,PE,SELL,143.75,-0.15000000000000568,NIFTY
2022-11-25 12:43:14,18650,CE,BUY,38.35,,NIFTY
2022-11-25 12:43:14,18650,PE,BUY,176.65,,NIFTY
2022-11-25 12:43:19,18650,CE,SELL,38.1,-0.25,NIFTY
2022-11-25 12:43:19,18650,PE,SELL,177.3,0.6500000000000057,NIFTY
2022-11-25 12:43:19,18600,CE,BUY,55.0,,NIFTY
2022-11-25 12:43:19,18600,PE,BUY,143.95,,NIFTY
2022-11-25 12:49:11,18600,CE,SELL,55.25,0.25,NIFTY
2022-11-25 12:49:11,18600,PE,SELL,142.15,-1.799999999999983,NIFTY
2022-11-25 12:49:11,18650,CE,BUY,38.35,,NIFTY
2022-11-25 12:49:11,18650,PE,BUY,175.45,,NIFTY
2022-11-25 12:49:22,18650,CE,SELL,38.25,-0.10000000000000142,NIFTY
2022-11-25 12:49:22,18650,PE,SELL,175.9,0.45000000000001705,NIFTY
2022-11-25 12:49:22,18600,CE,BUY,55.2,,NIFTY
2022-11-25 12:49:22,18600,PE,BUY,142.5,,NIFTY
2022-11-25 12:49:26,18600,CE,SELL,54.8,-0.4000000000000057,NIFTY
2022-11-25 12:49:26,18600,PE,SELL,143.25,0.75,NIFTY
2022-11-25 12:49:26,18650,CE,BUY,37.85,,NIFTY
2022-11-25 12:49:26,18650,PE,BUY,176.35,,NIFTY
2022-11-25 12:49:28,18650,CE,SELL,37.55,-0.30000000000000426,NIFTY
2022-11-25 12:49:28,18650,PE,SELL,177.65,1.3000000000000114,NIFTY
2022-11-25 12:49:28,18600,CE,BUY,54.4,,NIFTY
2022-11-25 12:49:28,18600,PE,BUY,143.95,,NIFTY
2022-11-25 12:49:53,18600,CE,SELL,55.45,1.0500000000000043,NIFTY
2022-11-25 12:49:53,18600,PE,SELL,142.45,-1.5,NIFTY
2022-11-25 12:49:53,18650,CE,BUY,38.45,,NIFTY
2022-11-25 12:49:53,18650,PE,BUY,176.25,,NIFTY
2022-11-25 12:49:57,18650,CE,SELL,38.4,-0.05000000000000426,NIFTY
2022-11-25 12:49:57,18650,PE,SELL,175.9,-0.3499999999999943,NIFTY
2022-11-25 12:49:57,18600,CE,BUY,55.25,,NIFTY
2022-11-25 12:49:57,18600,PE,BUY,142.1,,NIFTY
2022-11-25 12:49:59,18600,CE,SELL,55.5,0.25,NIFTY
2022-11-25 12:49:59,18600,PE,SELL,142.75,0.6500000000000057,NIFTY
2022-11-25 12:49:59,18650,CE,BUY,38.45,,NIFTY
2022-11-25 12:49:59,18650,PE,BUY,176.2,,NIFTY
2022-11-25 12:50:49,18650,CE,SELL,38.45,0.0,NIFTY
2022-11-25 12:50:49,18650,PE,SELL,176.1,-0.09999999999999432,NIFTY
2022-11-25 12:50:49,18600,CE,BUY,55.45,,NIFTY
2022-11-25 12:50:49,18600,PE,BUY,142.5,,NIFTY
2022-11-25 12:50:50,18600,CE,SELL,55.2,-0.25,NIFTY
2022-11-25 12:50:50,18600,PE,SELL,143.05,0.5500000000000114,NIFTY
2022-11-25 12:50:50,18650,CE,BUY,38.2,,NIFTY
2022-11-25 12:50:50,18650,PE,BUY,176.1,,NIFTY
2022-11-25 12:50:57,18650,CE,SELL,38.4,0.19999999999999574,NIFTY
2022-11-25 12:50:57,18650,PE,SELL,175.85,-0.25,NIFTY
2022-11-25 12:50:57,18600,CE,BUY,55.55,,NIFTY
2022-11-25 12:50:57,18600,PE,BUY,142.6,,NIFTY
2022-11-25 12:50:59,18600,CE,SELL,55.3,-0.25,NIFTY
2022-11-25 12:50:59,18600,PE,SELL,143.25,0.6500000000000057,NIFTY
2022-11-25 12:50:59,18650,CE,BUY,38.4,,NIFTY
2022-11-25 12:50:59,18650,PE,BUY,176.45,,NIFTY
2022-11-25 12:51:01,18650,CE,SELL,38.25,-0.14999999999999858,NIFTY
2022-11-25 12:51:01,18650,PE,SELL,176.9,0.45000000000001705,NIFTY
2022-11-25 12:51:01,18600,CE,BUY,55.2,,NIFTY
2022-11-25 12:51:01,18600,PE,BUY,143.15,,NIFTY
2022-11-25 12:51:02,18600,CE,SELL,54.9,-0.30000000000000426,NIFTY
2022-11-25 12:51:02,18600,PE,SELL,142.95,-0.20000000000001705,NIFTY
2022-11-25 12:51:02,18650,CE,BUY,38.2,,NIFTY
2022-11-25 12:51:02,18650,PE,BUY,176.9,,NIFTY
2022-11-25 12:51:04,18650,CE,SELL,38.3,0.09999999999999432,NIFTY
2022-11-25 12:51:04,18650,PE,SELL,176.4,-0.5,NIFTY
2022-11-25 12:51:04,18600,CE,BUY,55.35,,NIFTY
2022-11-25 12:51:04,18600,PE,BUY,143.0,,NIFTY
2022-11-25 12:51:09,18600,CE,SELL,54.9,-0.45000000000000284,NIFTY
2022-11-25 12:51:09,18600,PE,SELL,143.05,0.05000000000001137,NIFTY
2022-11-25 12:51:09,18650,CE,BUY,38.15,,NIFTY
2022-11-25 12:51:09,18650,PE,BUY,176.55,,NIFTY
2022-11-25 12:51:18,18650,CE,SELL,37.9,-0.25,NIFTY
2022-11-25 12:51:18,18650,PE,SELL,177.55,1.0,NIFTY
2022-11-25 12:51:18,18600,CE,BUY,54.75,,NIFTY
2022-11-25 12:51:18,18600,PE,BUY,143.85,,NIFTY
2022-11-25 12:53:34,18600,CE,SELL,56.35,1.6000000000000014,NIFTY
2022-11-25 12:53:34,18600,PE,SELL,141.25,-2.5999999999999943,NIFTY
2022-11-25 12:53:34,18650,CE,BUY,39.4,,NIFTY
2022-11-25 12:53:34,18650,PE,BUY,174.0,,NIFTY
2022-11-25 12:53:39,18650,CE,SELL,38.95,-0.44999999999999574,NIFTY
2022-11-25 12:53:39,18650,PE,SELL,175.4,1.4000000000000057,NIFTY
2022-11-25 12:53:39,18600,CE,BUY,55.75,,NIFTY
2022-11-25 12:53:39,18600,PE,BUY,142.05,,NIFTY
2022-11-25 12:53:41,18600,CE,SELL,55.65,-0.10000000000000142,NIFTY
2022-11-25 12:53:41,18600,PE,SELL,142.6,0.549999999999983,NIFTY
2022-11-25 12:53:41,18650,CE,BUY,38.6,,NIFTY
2022-11-25 12:53:41,18650,PE,BUY,175.9,,NIFTY
2022-11-25 12:53:45,18650,CE,SELL,38.5,-0.10000000000000142,NIFTY
2022-11-25 12:53:45,18650,PE,SELL,176.8,0.9000000000000057,NIFTY
2022-11-25 12:53:45,18600,CE,BUY,55.25,,NIFTY
2022-11-25 12:53:45,18600,PE,BUY,143.5,,NIFTY
2022-11-25 12:53:46,18600,CE,SELL,55.15,-0.10000000000000142,NIFTY
2022-11-25 12:53:46,18600,PE,SELL,143.3,-0.19999999999998863,NIFTY
2022-11-25 12:53:46,18650,CE,BUY,38.5,,NIFTY
2022-11-25 12:53:46,18650,PE,BUY,176.8,,NIFTY
2022-11-25 12:53:54,18650,CE,SELL,38.65,0.14999999999999858,NIFTY
2022-11-25 12:53:54,18650,PE,SELL,175.75,-1.0500000000000114,NIFTY
2022-11-25 12:53:54,18600,CE,BUY,55.5,,NIFTY
2022-11-25 12:53:54,18600,PE,BUY,142.8,,NIFTY
2022-11-25 12:54:01,18600,CE,SELL,55.5,0.0,NIFTY
2022-11-25 12:54:01,18600,PE,SELL,143.15,0.3499999999999943,NIFTY
2022-11-25 12:54:01,18650,CE,BUY,38.55,,NIFTY
2022-11-25 12:54:01,18650,PE,BUY,176.0,,NIFTY
2022-11-25 12:54:03,18650,CE,SELL,38.5,-0.04999999999999716,NIFTY
2022-11-25 12:54:03,18650,PE,SELL,176.35,0.3499999999999943,NIFTY
2022-11-25 12:54:03,18600,CE,BUY,55.45,,NIFTY
2022-11-25 12:54:03,18600,PE,BUY,143.5,,NIFTY
2022-11-25 12:54:05,18600,CE,SELL,55.0,-0.45000000000000284,NIFTY
2022-11-25 12:54:05,18600,PE,SELL,143.9,0.4000000000000057,NIFTY
2022-11-25 12:54:05,18650,CE,BUY,38.3,,NIFTY
2022-11-25 12:54:05,18650,PE,BUY,177.25,,NIFTY
2022-11-25 12:54:06,18650,CE,SELL,38.1,-0.19999999999999574,NIFTY
2022-11-25 12:54:06,18650,PE,SELL,177.3,0.05000000000001137,NIFTY
2022-11-25 12:54:06,18600,CE,BUY,54.95,,NIFTY
2022-11-25 12:54:06,18600,PE,BUY,144.1,,NIFTY
2022-11-25 12:54:09,18600,CE,SELL,55.2,0.25,NIFTY
2022-11-25 12:54:09,18600,PE,SELL,143.45,-0.6500000000000057,NIFTY
2022-11-25 12:54:09,18650,CE,BUY,38.45,,NIFTY
2022-11-25 12:54:09,18650,PE,BUY,177.05,,NIFTY
2022-11-25 12:54:10,18650,CE,SELL,38.55,0.09999999999999432,NIFTY
2022-11-25 12:54:10,18650,PE,SELL,177.05,0.0,NIFTY
2022-11-25 12:54:10,18600,CE,BUY,55.2,,NIFTY
2022-11-25 12:54:10,18600,PE,BUY,143.6,,NIFTY
2022-11-25 12:54:16,18600,CE,SELL,55.5,0.29999999999999716,NIFTY
2022-11-25 12:54:16,18600,PE,SELL,143.2,-0.4000000000000057,NIFTY
2022-11-25 12:54:16,18650,CE,BUY,38.65,,NIFTY
2022-11-25 12:54:16,18650,PE,BUY,176.4,,NIFTY
2022-11-25 12:54:19,18650,CE,SELL,38.5,-0.14999999999999858,NIFTY
2022-11-25 12:54:19,18650,PE,SELL,176.7,0.29999999999998295,NIFTY
2022-11-25 12:54:19,18600,CE,BUY,55.35,,NIFTY
2022-11-25 12:54:19,18600,PE,BUY,143.3,,NIFTY
2022-11-25 12:54:22,18600,CE,SELL,55.5,0.14999999999999858,NIFTY
2022-11-25 12:54:22,18600,PE,SELL,143.05,-0.25,NIFTY
2022-11-25 12:54:22,18650,CE,BUY,38.65,,NIFTY
2022-11-25 12:54:22,18650,PE,BUY,176.7,,NIFTY
2022-11-25 12:54:23,18650,CE,SELL,38.65,0.0,NIFTY
2022-11-25 12:54:23,18650,PE,SELL,176.7,0.0,NIFTY
2022-11-25 12:54:23,18600,CE,BUY,55.65,,NIFTY
2022-11-25 12:54:23,18600,PE,BUY,143.4,,NIFTY
2022-11-25 12:54:33,18600,CE,SELL,55.55,-0.10000000000000142,NIFTY
2022-11-25 12:54:33,18600,PE,SELL,143.15,-0.25,NIFTY
2022-11-25 12:54:33,18650,CE,BUY,38.65,,NIFTY
2022-11-25 12:54:33,18650,PE,BUY,176.7,,NIFTY
2022-11-25 12:54:40,18650,CE,SELL,38.65,0.0,NIFTY
2022-11-25 12:54:40,18650,PE,SELL,176.2,-0.5,NIFTY
2022-11-25 12:54:40,18600,CE,BUY,55.65,,NIFTY
2022-11-25 12:54:40,18600,PE,BUY,143.1,,NIFTY
2022-11-25 12:54:42,18600,CE,SELL,55.5,-0.14999999999999858,NIFTY
2022-11-25 12:54:42,18600,PE,SELL,143.45,0.3499999999999943,NIFTY
2022-11-25 12:54:42,18650,CE,BUY,38.65,,NIFTY
2022-11-25 12:54:42,18650,PE,BUY,176.15,,NIFTY
2022-11-25 12:54:45,18650,CE,SELL,38.65,0.0,NIFTY
2022-11-25 12:54:45,18650,PE,SELL,176.4,0.25,NIFTY
2022-11-25 12:54:45,18600,CE,BUY,55.5,,NIFTY
2022-11-25 12:54:45,18600,PE,BUY,143.45,,NIFTY
2022-11-25 12:54:52,18600,CE,SELL,55.9,0.3999999999999986,NIFTY
2022-11-25 12:54:52,18600,PE,SELL,142.8,-0.6499999999999773,NIFTY
2022-11-25 12:54:52,18650,CE,BUY,38.9,,NIFTY
2022-11-25 12:54:52,18650,PE,BUY,176.1,,NIFTY
2022-11-25 13:04:30,18650,CE,SELL,37.25,-1.6499999999999986,NIFTY
2022-11-25 13:04:30,18650,PE,SELL,178.45,2.3499999999999943,NIFTY
2022-11-25 13:04:30,18600,CE,BUY,53.85,,NIFTY
2022-11-25 13:04:30,18600,PE,BUY,144.6,,NIFTY
2022-11-25 13:04:33,18600,CE,SELL,54.45,0.6000000000000014,NIFTY
2022-11-25 13:04:33,18600,PE,SELL,144.25,-0.3499999999999943,NIFTY
2022-11-25 13:04:33,18650,CE,BUY,37.7,,NIFTY
2022-11-25 13:04:33,18650,PE,BUY,177.85,,NIFTY
2022-11-25 13:04:39,18650,CE,SELL,37.5,-0.20000000000000284,NIFTY
2022-11-25 13:04:39,18650,PE,SELL,178.15,0.30000000000001137,NIFTY
2022-11-25 13:04:39,18600,CE,BUY,54.1,,NIFTY
2022-11-25 13:04:39,18600,PE,BUY,144.35,,NIFTY
2022-11-25 13:04:44,18600,CE,SELL,54.3,0.19999999999999574,NIFTY
2022-11-25 13:04:44,18600,PE,SELL,144.25,-0.09999999999999432,NIFTY
2022-11-25 13:04:44,18650,CE,BUY,37.7,,NIFTY
2022-11-25 13:04:44,18650,PE,BUY,177.8,,NIFTY
2022-11-25 13:04:52,18650,CE,SELL,37.6,-0.10000000000000142,NIFTY
2022-11-25 13:04:52,18650,PE,SELL,177.7,-0.10000000000002274,NIFTY
2022-11-25 13:04:52,18600,CE,BUY,54.3,,NIFTY
2022-11-25 13:04:52,18600,PE,BUY,144.35,,NIFTY
2022-11-25 13:05:04,18600,CE,SELL,54.2,-0.09999999999999432,NIFTY
2022-11-25 13:05:04,18600,PE,SELL,144.4,0.05000000000001137,NIFTY
2022-11-25 13:05:04,18650,CE,BUY,37.35,,NIFTY
2022-11-25 13:05:04,18650,PE,BUY,178.0,,NIFTY
2022-11-25 13:05:08,18650,CE,SELL,37.15,-0.20000000000000284,NIFTY
2022-11-25 13:05:08,18650,PE,SELL,178.25,0.25,NIFTY
2022-11-25 13:05:08,18600,CE,BUY,53.75,,NIFTY
2022-11-25 13:05:08,18600,PE,BUY,144.45,,NIFTY
2022-11-25 13:05:12,18600,CE,SELL,54.2,0.45000000000000284,NIFTY
2022-11-25 13:05:12,18600,PE,SELL,144.05,-0.39999999999997726,NIFTY
2022-11-25 13:05:12,18650,CE,BUY,37.4,,NIFTY
2022-11-25 13:05:12,18650,PE,BUY,178.2,,NIFTY
2022-11-25 13:05:23,18650,CE,SELL,37.85,0.45000000000000284,NIFTY
2022-11-25 13:05:23,18650,PE,SELL,177.65,-0.549999999999983,NIFTY
2022-11-25 13:05:23,18600,CE,BUY,54.6,,NIFTY
2022-11-25 13:05:23,18600,PE,BUY,144.05,,NIFTY
2022-11-25 13:05:28,18600,CE,SELL,54.9,0.29999999999999716,NIFTY
2022-11-25 13:05:28,18600,PE,SELL,144.0,-0.05000000000001137,NIFTY
2022-11-25 13:05:28,18650,CE,BUY,38.05,,NIFTY
2022-11-25 13:05:28,18650,PE,BUY,177.0,,NIFTY
2022-11-25 13:05:32,18650,CE,SELL,37.9,-0.14999999999999858,NIFTY
2022-11-25 13:05:32,18650,PE,SELL,177.75,0.75,NIFTY
2022-11-25 13:05:32,18600,CE,BUY,54.75,,NIFTY
2022-11-25 13:05:32,18600,PE,BUY,144.45,,NIFTY
2022-11-25 13:05:34,18600,CE,SELL,55.0,0.25,NIFTY
2022-11-25 13:05:34,18600,PE,SELL,144.0,-0.44999999999998863,NIFTY
2022-11-25 13:05:34,18650,CE,BUY,38.0,,NIFTY
2022-11-25 13:05:34,18650,PE,BUY,177.55,,NIFTY
2022-11-25 13:05:41,18650,CE,SELL,38.2,0.20000000000000284,NIFTY
2022-11-25 13:05:41,18650,PE,SELL,176.7,-0.8500000000000227,NIFTY
2022-11-25 13:05:41,18600,CE,BUY,55.0,,NIFTY
2022-11-25 13:05:41,18600,PE,BUY,143.55,,NIFTY
2022-11-25 13:05:47,18600,CE,SELL,54.65,-0.3500000000000014,NIFTY
2022-11-25 13:05:47,18600,PE,SELL,144.1,0.549999999999983,NIFTY
2022-11-25 13:05:47,18650,CE,BUY,37.9,,NIFTY
2022-11-25 13:05:47,18650,PE,BUY,176.9,,NIFTY
2022-11-25 13:06:25,18650,CE,SELL,37.95,0.05000000000000426,NIFTY
2022-11-25 13:06:25,18650,PE,SELL,177.45,0.549999999999983,NIFTY
2022-11-25 13:06:25,18600,CE,BUY,54.7,,NIFTY
2022-11-25 13:06:25,18600,PE,BUY,143.5,,NIFTY
2022-11-25 13:06:27,18600,CE,SELL,54.45,-0.25,NIFTY
2022-11-25 13:06:27,18600,PE,SELL,144.55,1.0500000000000114,NIFTY
2022-11-25 13:06:27,18650,CE,BUY,37.65,,NIFTY
2022-11-25 13:06:27,18650,PE,BUY,177.5,,NIFTY
2022-11-25 13:06:34,18650,CE,SELL,37.5,-0.14999999999999858,NIFTY
2022-11-25 13:06:34,18650,PE,SELL,177.35,-0.15000000000000568,NIFTY
2022-11-25 13:06:34,18600,CE,BUY,54.15,,NIFTY
2022-11-25 13:06:34,18600,PE,BUY,144.6,,NIFTY
2022-11-25 13:06:45,18600,CE,SELL,54.15,0.0,NIFTY
2022-11-25 13:06:45,18600,PE,SELL,144.9,0.30000000000001137,NIFTY
2022-11-25 13:06:45,18650,CE,BUY,37.5,,NIFTY
2022-11-25 13:06:45,18650,PE,BUY,179.2,,NIFTY
2022-11-25 13:06:46,18650,CE,SELL,37.65,0.14999999999999858,NIFTY
2022-11-25 13:06:46,18650,PE,SELL,179.2,0.0,NIFTY
2022-11-25 13:06:46,18600,CE,BUY,54.15,,NIFTY
2022-11-25 13:06:46,18600,PE,BUY,144.9,,NIFTY
2022-11-25 13:06:47,18600,CE,SELL,54.15,0.0,NIFTY
2022-11-25 13:06:47,18600,PE,SELL,144.85,-0.05000000000001137,NIFTY
2022-11-25 13:06:47,18650,CE,BUY,37.65,,NIFTY
2022-11-25 13:06:47,18650,PE,BUY,178.7,,NIFTY
2022-11-25 13:06:48,18650,CE,SELL,37.35,-0.29999999999999716,NIFTY
2022-11-25 13:06:48,18650,PE,SELL,178.8,0.10000000000002274,NIFTY
2022-11-25 13:06:48,18600,CE,BUY,53.9,,NIFTY
2022-11-25 13:06:48,18600,PE,BUY,145.35,,NIFTY
2022-11-25 13:13:08,18600,CE,SELL,54.65,0.75,NIFTY
2022-11-25 13:13:08,18600,PE,SELL,143.3,-2.049999999999983,NIFTY
2022-11-25 13:13:08,18650,CE,BUY,37.8,,NIFTY
2022-11-25 13:13:08,18650,PE,BUY,176.75,,NIFTY
2022-11-25 13:13:21,18650,CE,SELL,37.9,0.10000000000000142,NIFTY
2022-11-25 13:13:21,18650,PE,SELL,176.45,-0.30000000000001137,NIFTY
2022-11-25 13:13:21,18600,CE,BUY,54.9,,NIFTY
2022-11-25 13:13:21,18600,PE,BUY,143.1,,NIFTY
2022-11-25 13:13:22,18600,CE,SELL,54.9,0.0,NIFTY
2022-11-25 13:13:22,18600,PE,SELL,142.95,-0.15000000000000568,NIFTY
2022-11-25 13:13:22,18650,CE,BUY,37.9,,NIFTY
2022-11-25 13:13:22,18650,PE,BUY,176.45,,NIFTY
2022-11-25 13:13:26,18650,CE,SELL,38.15,0.25,NIFTY
2022-11-25 13:13:26,18650,PE,SELL,176.2,-0.25,NIFTY
2022-11-25 13:13:26,18600,CE,BUY,55.1,,NIFTY
2022-11-25 13:13:26,18600,PE,BUY,143.25,,NIFTY
2022-11-25 13:13:31,18600,CE,SELL,55.45,0.3500000000000014,NIFTY
2022-11-25 13:13:31,18600,PE,SELL,141.85,-1.4000000000000057,NIFTY
2022-11-25 13:13:31,18650,CE,BUY,38.35,,NIFTY
2022-11-25 13:13:31,18650,PE,BUY,174.65,,NIFTY
2022-11-25 13:15:28,18650,CE,SELL,38.0,-0.3500000000000014,NIFTY
2022-11-25 13:15:28,18650,PE,SELL,176.6,1.9499999999999886,NIFTY
2022-11-25 13:15:28,18600,CE,BUY,54.95,,NIFTY
2022-11-25 13:15:28,18600,PE,BUY,143.45,,NIFTY
2022-11-25 13:15:36,18600,CE,SELL,54.95,0.0,NIFTY
2022-11-25 13:15:36,18600,PE,SELL,143.75,0.30000000000001137,NIFTY
2022-11-25 13:15:36,18650,CE,BUY,38.0,,NIFTY
2022-11-25 13:15:36,18650,PE,BUY,177.25,,NIFTY
2022-11-25 13:15:37,18650,CE,SELL,38.0,0.0,NIFTY
2022-11-25 13:15:37,18650,PE,SELL,177.25,0.0,NIFTY
2022-11-25 13:15:37,18600,CE,BUY,54.9,,NIFTY
2022-11-25 13:15:37,18600,PE,BUY,144.0,,NIFTY
2022-11-25 13:15:41,18600,CE,SELL,54.7,-0.19999999999999574,NIFTY
2022-11-25 13:15:41,18600,PE,SELL,144.0,0.0,NIFTY
2022-11-25 13:15:41,18650,CE,BUY,37.9,,NIFTY
2022-11-25 13:15:41,18650,PE,BUY,177.9,,NIFTY
2022-11-25 13:15:42,18650,CE,SELL,37.9,0.0,NIFTY
2022-11-25 13:15:42,18650,PE,SELL,177.0,-0.9000000000000057,NIFTY
2022-11-25 13:15:42,18600,CE,BUY,54.7,,NIFTY
2022-11-25 13:15:42,18600,PE,BUY,143.7,,NIFTY
2022-11-25 13:15:45,18600,CE,SELL,54.8,0.09999999999999432,NIFTY
2022-11-25 13:15:45,18600,PE,SELL,144.0,0.30000000000001137,NIFTY
2022-11-25 13:15:45,18650,CE,BUY,37.85,,NIFTY
2022-11-25 13:15:45,18650,PE,BUY,177.5,,NIFTY
2022-11-25 13:15:46,18650,CE,SELL,37.85,0.0,NIFTY
2022-11-25 13:15:46,18650,PE,SELL,177.5,0.0,NIFTY
2022-11-25 13:15:46,18600,CE,BUY,54.8,,NIFTY
2022-11-25 13:15:46,18600,PE,BUY,144.0,,NIFTY
2022-11-25 13:16:06,18600,CE,SELL,54.5,-0.29999999999999716,NIFTY
2022-11-25 13:16:06,18600,PE,SELL,143.7,-0.30000000000001137,NIFTY
2022-11-25 13:16:06,18650,CE,BUY,37.75,,NIFTY
2022-11-25 13:16:06,18650,PE,BUY,177.05,,NIFTY
2022-11-25 13:16:07,18650,CE,SELL,38.0,0.25,NIFTY
2022-11-25 13:16:07,18650,PE,SELL,177.25,0.19999999999998863,NIFTY
2022-11-25 13:16:07,18600,CE,BUY,54.9,,NIFTY
2022-11-25 13:16:07,18600,PE,BUY,143.9,,NIFTY
2022-11-25 13:16:08,18600,CE,SELL,54.95,0.05000000000000426,NIFTY
2022-11-25 13:16:08,18600,PE,SELL,143.65,-0.25,NIFTY
2022-11-25 13:16:08,18650,CE,BUY,37.95,,NIFTY
2022-11-25 13:16:08,18650,PE,BUY,177.25,,NIFTY
2022-11-25 13:16:14,18650,CE,SELL,37.9,-0.05000000000000426,NIFTY
2022-11-25 13:16:14,18650,PE,SELL,176.9,-0.3499999999999943,NIFTY
2022-11-25 13:16:14,18600,CE,BUY,54.9,,NIFTY
2022-11-25 13:16:14,18600,PE,BUY,144.0,,NIFTY
2022-11-25 13:16:18,18600,CE,SELL,54.6,-0.29999999999999716,NIFTY
2022-11-25 13:16:18,18600,PE,SELL,143.75,-0.25,NIFTY
2022-11-25 13:16:18,18650,CE,BUY,37.8,,NIFTY
2022-11-25 13:16:18,18650,PE,BUY,177.0,,NIFTY
2022-11-25 13:16:20,18650,CE,SELL,37.7,-0.09999999999999432,NIFTY
2022-11-25 13:16:20,18650,PE,SELL,177.65,0.6500000000000057,NIFTY
2022-11-25 13:16:20,18600,CE,BUY,54.4,,NIFTY
2022-11-25 13:16:20,18600,PE,BUY,144.5,,NIFTY
2022-11-25 13:16:22,18600,CE,SELL,54.65,0.25,NIFTY
2022-11-25 13:16:22,18600,PE,SELL,144.15,-0.3499999999999943,NIFTY
2022-11-25 13:16:22,18650,CE,BUY,37.8,,NIFTY
2022-11-25 13:16:22,18650,PE,BUY,177.65,,NIFTY
2022-11-25 13:16:24,18650,CE,SELL,37.75,-0.04999999999999716,NIFTY
2022-11-25 13:16:24,18650,PE,SELL,177.65,0.0,NIFTY
2022-11-25 13:16:24,18600,CE,BUY,54.6,,NIFTY
2022-11-25 13:16:24,18600,PE,BUY,144.5,,NIFTY
2022-11-25 13:16:28,18600,CE,SELL,55.1,0.5,NIFTY
2022-11-25 13:16:28,18600,PE,SELL,143.35,-1.1500000000000057,NIFTY
2022-11-25 13:16:28,18650,CE,BUY,38.2,,NIFTY
2022-11-25 13:16:28,18650,PE,BUY,176.7,,NIFTY
2022-11-25 13:17:25,18650,CE,SELL,38.2,0.0,NIFTY
2022-11-25 13:17:25,18650,PE,SELL,176.35,-0.3499999999999943,NIFTY
2022-11-25 13:17:25,18600,CE,BUY,55.1,,NIFTY
2022-11-25 13:17:25,18600,PE,BUY,143.0,,NIFTY
2022-11-25 13:17:28,18600,CE,SELL,54.85,-0.25,NIFTY
2022-11-25 13:17:28,18600,PE,SELL,143.0,0.0,NIFTY
2022-11-25 13:17:28,18650,CE,BUY,37.85,,NIFTY
2022-11-25 13:17:28,18650,PE,BUY,176.4,,NIFTY
2022-11-25 13:17:29,18650,CE,SELL,38.15,0.29999999999999716,NIFTY
2022-11-25 13:17:29,18650,PE,SELL,176.4,0.0,NIFTY
2022-11-25 13:17:29,18600,CE,BUY,55.25,,NIFTY
2022-11-25 13:17:29,18600,PE,BUY,142.85,,NIFTY
2022-11-25 13:17:32,18600,CE,SELL,55.2,-0.04999999999999716,NIFTY
2022-11-25 13:17:32,18600,PE,SELL,142.75,-0.09999999999999432,NIFTY
2022-11-25 13:17:32,18650,CE,BUY,38.25,,NIFTY
2022-11-25 13:17:32,18650,PE,BUY,176.1,,NIFTY
2022-11-25 13:17:45,18650,CE,SELL,38.15,-0.10000000000000142,NIFTY
2022-11-25 13:17:45,18650,PE,SELL,176.55,0.45000000000001705,NIFTY
2022-11-25 13:17:45,18600,CE,BUY,55.0,,NIFTY
2022-11-25 13:17:45,18600,PE,BUY,143.15,,NIFTY
2022-11-25 13:18:08,18600,CE,SELL,54.55,-0.45000000000000284,NIFTY
2022-11-25 13:18:08,18600,PE,SELL,143.6,0.44999999999998863,NIFTY
2022-11-25 13:18:08,18650,CE,BUY,37.85,,NIFTY
2022-11-25 13:18:08,18650,PE,BUY,177.0,,NIFTY
2022-11-25 13:18:16,18650,CE,SELL,37.2,-0.6499999999999986,NIFTY
2022-11-25 13:18:16,18650,PE,SELL,178.15,1.1500000000000057,NIFTY
2022-11-25 13:18:16,18600,CE,BUY,54.05,,NIFTY
2022-11-25 13:18:16,18600,PE,BUY,144.8,,NIFTY
2022-11-25 13:19:15,18600,CE,SELL,54.45,0.4000000000000057,NIFTY
2022-11-25 13:19:15,18600,PE,SELL,144.0,-0.8000000000000114,NIFTY
2022-11-25 13:19:15,18650,CE,BUY,37.65,,NIFTY
2022-11-25 13:19:15,18650,PE,BUY,177.8,,NIFTY
2022-11-25 13:19:16,18650,CE,SELL,37.65,0.0,NIFTY
2022-11-25 13:19:16,18650,PE,SELL,177.8,0.0,NIFTY
2022-11-25 13:19:16,18600,CE,BUY,54.45,,NIFTY
2022-11-25 13:19:16,18600,PE,BUY,144.0,,NIFTY
2022-11-25 13:19:20,18600,CE,SELL,54.45,0.0,NIFTY
2022-11-25 13:19:20,18600,PE,SELL,143.1,-0.9000000000000057,NIFTY
2022-11-25 13:19:20,18650,CE,BUY,37.85,,NIFTY
2022-11-25 13:19:20,18650,PE,BUY,176.4,,NIFTY
2022-11-25 13:19:22,18650,CE,SELL,37.85,0.0,NIFTY
2022-11-25 13:19:22,18650,PE,SELL,176.4,0.0,NIFTY
2022-11-25 13:19:22,18600,CE,BUY,54.65,,NIFTY
2022-11-25 13:19:22,18600,PE,BUY,143.2,,NIFTY
2022-11-25 13:19:24,18600,CE,SELL,54.6,-0.04999999999999716,NIFTY
2022-11-25 13:19:24,18600,PE,SELL,143.45,0.25,NIFTY
2022-11-25 13:19:24,18650,CE,BUY,37.7,,NIFTY
2022-11-25 13:19:24,18650,PE,BUY,176.4,,NIFTY
2022-11-25 13:19:29,18650,CE,SELL,37.8,0.09999999999999432,NIFTY
2022-11-25 13:19:29,18650,PE,SELL,176.7,0.29999999999998295,NIFTY
2022-11-25 13:19:29,18600,CE,BUY,54.65,,NIFTY
2022-11-25 13:19:29,18600,PE,BUY,143.0,,NIFTY
2022-11-25 13:19:32,18600,CE,SELL,54.45,-0.19999999999999574,NIFTY
2022-11-25 13:19:32,18600,PE,SELL,143.5,0.5,NIFTY
2022-11-25 13:19:32,18650,CE,BUY,37.6,,NIFTY
2022-11-25 13:19:32,18650,PE,BUY,176.7,,NIFTY
2022-11-25 13:20:01,18650,CE,SELL,37.6,0.0,NIFTY
2022-11-25 13:20:01,18650,PE,SELL,176.1,-0.5999999999999943,NIFTY
2022-11-25 13:20:01,18600,CE,BUY,54.3,,NIFTY
2022-11-25 13:20:01,18600,PE,BUY,143.0,,NIFTY
2022-11-25 13:20:04,18600,CE,SELL,54.1,-0.19999999999999574,NIFTY
2022-11-25 13:20:04,18600,PE,SELL,143.6,0.5999999999999943,NIFTY
2022-11-25 13:20:04,18650,CE,BUY,37.35,,NIFTY
2022-11-25 13:20:04,18650,PE,BUY,176.1,,NIFTY
2022-11-25 13:20:08,18650,CE,SELL,37.5,0.14999999999999858,NIFTY
2022-11-25 13:20:08,18650,PE,SELL,176.1,0.0,NIFTY
2022-11-25 13:20:08,18600,CE,BUY,54.2,,NIFTY
2022-11-25 13:20:08,18600,PE,BUY,143.35,,NIFTY
2022-11-25 13:27:16,18600,CE,SELL,54.3,0.09999999999999432,NIFTY
2022-11-25 13:27:16,18600,PE,SELL,142.05,-1.299999999999983,NIFTY
2022-11-25 13:27:16,18650,CE,BUY,37.5,,NIFTY
2022-11-25 13:27:16,18650,PE,BUY,175.35,,NIFTY
2022-11-25 13:27:17,18650,CE,SELL,37.4,-0.10000000000000142,NIFTY
2022-11-25 13:27:17,18650,PE,SELL,175.35,0.0,NIFTY
2022-11-25 13:27:17,18600,CE,BUY,54.3,,NIFTY
2022-11-25 13:27:17,18600,PE,BUY,141.85,,NIFTY
2022-11-25 13:27:22,18600,CE,SELL,54.35,0.05000000000000426,NIFTY
2022-11-25 13:27:22,18600,PE,SELL,142.0,0.15000000000000568,NIFTY
2022-11-25 13:27:22,18650,CE,BUY,37.65,,NIFTY
2022-11-25 13:27:22,18650,PE,BUY,174.7,,NIFTY
2022-11-25 13:27:23,18650,CE,SELL,37.6,-0.04999999999999716,NIFTY
2022-11-25 13:27:23,18650,PE,SELL,175.75,1.0500000000000114,NIFTY
2022-11-25 13:27:23,18600,CE,BUY,54.2,,NIFTY
2022-11-25 13:27:23,18600,PE,BUY,142.2,,NIFTY
2022-11-25 13:27:41,18600,CE,SELL,54.4,0.19999999999999574,NIFTY
2022-11-25 13:27:41,18600,PE,SELL,142.6,0.4000000000000057,NIFTY
2022-11-25 13:27:41,18650,CE,BUY,37.7,,NIFTY
2022-11-25 13:27:41,18650,PE,BUY,175.55,,NIFTY
2022-11-25 13:27:47,18650,CE,SELL,37.95,0.25,NIFTY
2022-11-25 13:27:47,18650,PE,SELL,175.05,-0.5,NIFTY
2022-11-25 13:27:47,18600,CE,BUY,54.5,,NIFTY
2022-11-25 13:27:47,18600,PE,BUY,142.05,,NIFTY
2022-11-25 13:27:49,18600,CE,SELL,54.6,0.10000000000000142,NIFTY
2022-11-25 13:27:49,18600,PE,SELL,142.6,0.549999999999983,NIFTY
2022-11-25 13:27:49,18650,CE,BUY,37.8,,NIFTY
2022-11-25 13:27:49,18650,PE,BUY,176.0,,NIFTY
2022-11-25 13:28:05,18650,CE,SELL,37.75,-0.04999999999999716,NIFTY
2022-11-25 13:28:05,18650,PE,SELL,176.2,0.19999999999998863,NIFTY
2022-11-25 13:28:05,18600,CE,BUY,54.45,,NIFTY
2022-11-25 13:28:05,18600,PE,BUY,143.1,,NIFTY
2022-11-25 13:30:19,18600,CE,SELL,55.7,1.25,NIFTY
2022-11-25 13:30:19,18600,PE,SELL,141.2,-1.9000000000000057,NIFTY
2022-11-25 13:30:19,18650,CE,BUY,38.5,,NIFTY
2022-11-25 13:30:19,18650,PE,BUY,174.55,,NIFTY
2022-11-25 13:30:27,18650,CE,SELL,38.1,-0.3999999999999986,NIFTY
2022-11-25 13:30:27,18650,PE,SELL,176.0,1.4499999999999886,NIFTY
2022-11-25 13:30:27,18600,CE,BUY,55.0,,NIFTY
2022-11-25 13:30:27,18600,PE,BUY,142.45,,NIFTY
2022-11-25 13:30:30,18600,CE,SELL,55.35,0.3500000000000014,NIFTY
2022-11-25 13:30:30,18600,PE,SELL,142.5,0.05000000000001137,NIFTY
2022-11-25 13:30:30,18650,CE,BUY,38.4,,NIFTY
2022-11-25 13:30:30,18650,PE,BUY,175.55,,NIFTY
2022-11-25 13:30:32,18650,CE,SELL,38.35,-0.04999999999999716,NIFTY
2022-11-25 13:30:32,18650,PE,SELL,175.55,0.0,NIFTY
2022-11-25 13:30:32,18600,CE,BUY,55.2,,NIFTY
2022-11-25 13:30:32,18600,PE,BUY,142.2,,NIFTY
2022-11-25 13:30:33,18600,CE,SELL,55.15,-0.05000000000000426,NIFTY
2022-11-25 13:30:33,18600,PE,SELL,142.45,0.25,NIFTY
2022-11-25 13:30:33,18650,CE,BUY,38.3,,NIFTY
2022-11-25 13:30:33,18650,PE,BUY,175.55,,NIFTY
2022-11-25 13:30:36,18650,CE,SELL,38.0,-0.29999999999999716,NIFTY
2022-11-25 13:30:36,18650,PE,SELL,176.2,0.6499999999999773,NIFTY
2022-11-25 13:30:36,18600,CE,BUY,54.9,,NIFTY
2022-11-25 13:30:36,18600,PE,BUY,143.05,,NIFTY
2022-11-25 13:30:53,18600,CE,SELL,55.25,0.3500000000000014,NIFTY
2022-11-25 13:30:53,18600,PE,SELL,142.75,-0.30000000000001137,NIFTY
2022-11-25 13:30:53,18650,CE,BUY,38.4,,NIFTY
2022-11-25 13:30:53,18650,PE,BUY,176.55,,NIFTY
2022-11-25 13:30:56,18650,CE,SELL,38.3,-0.10000000000000142,NIFTY
2022-11-25 13:30:56,18650,PE,SELL,176.55,0.0,NIFTY
2022-11-25 13:30:56,18600,CE,BUY,55.2,,NIFTY
2022-11-25 13:30:56,18600,PE,BUY,142.6,,NIFTY
2022-11-25 13:30:59,18600,CE,SELL,55.35,0.14999999999999858,NIFTY
2022-11-25 13:30:59,18600,PE,SELL,142.2,-0.4000000000000057,NIFTY
2022-11-25 13:30:59,18650,CE,BUY,38.5,,NIFTY
2022-11-25 13:30:59,18650,PE,BUY,176.55,,NIFTY
2022-11-25 13:31:14,18650,CE,SELL,37.85,-0.6499999999999986,NIFTY
2022-11-25 13:31:14,18650,PE,SELL,175.7,-0.8500000000000227,NIFTY
2022-11-25 13:31:14,18600,CE,BUY,54.45,,NIFTY
2022-11-25 13:31:14,18600,PE,BUY,143.2,,NIFTY
2022-11-25 13:31:15,18600,CE,SELL,54.85,0.3999999999999986,NIFTY
2022-11-25 13:31:15,18600,PE,SELL,143.2,0.0,NIFTY
2022-11-25 13:31:15,18650,CE,BUY,38.0,,NIFTY
2022-11-25 13:31:15,18650,PE,BUY,175.7,,NIFTY
2022-11-25 13:31:21,18650,CE,SELL,38.2,0.20000000000000284,NIFTY
2022-11-25 13:31:21,18650,PE,SELL,175.7,0.0,NIFTY
2022-11-25 13:31:21,18600,CE,BUY,55.0,,NIFTY
2022-11-25 13:31:21,18600,PE,BUY,142.35,,NIFTY
2022-11-25 13:31:24,18600,CE,SELL,55.65,0.6499999999999986,NIFTY
2022-11-25 13:31:24,18600,PE,SELL,141.5,-0.8499999999999943,NIFTY
2022-11-25 13:31:24,18650,CE,BUY,38.65,,NIFTY
2022-11-25 13:31:24,18650,PE,BUY,174.3,,NIFTY
2022-11-25 13:32:06,18650,CE,SELL,38.0,-0.6499999999999986,NIFTY
2022-11-25 13:32:06,18650,PE,SELL,176.75,2.4499999999999886,NIFTY
2022-11-25 13:32:06,18600,CE,BUY,54.8,,NIFTY
2022-11-25 13:32:06,18600,PE,BUY,143.6,,NIFTY
2022-11-25 13:32:08,18600,CE,SELL,55.0,0.20000000000000284,NIFTY
2022-11-25 13:32:08,18600,PE,SELL,142.95,-0.6500000000000057,NIFTY
2022-11-25 13:32:08,18650,CE,BUY,38.05,,NIFTY
2022-11-25 13:32:08,18650,PE,BUY,176.05,,NIFTY
2022-11-25 13:32:17,18650,CE,SELL,38.1,0.05000000000000426,NIFTY
2022-11-25 13:32:17,18650,PE,SELL,177.2,1.1499999999999773,NIFTY
2022-11-25 13:32:17,18600,CE,BUY,55.0,,NIFTY
2022-11-25 13:32:17,18600,PE,BUY,143.85,,NIFTY
2022-11-25 13:32:18,18600,CE,SELL,55.25,0.25,NIFTY
2022-11-25 13:32:18,18600,PE,SELL,143.2,-0.6500000000000057,NIFTY
2022-11-25 13:32:18,18650,CE,BUY,38.25,,NIFTY
2022-11-25 13:32:18,18650,PE,BUY,177.2,,NIFTY
2022-11-25 13:32:20,18650,CE,SELL,38.2,-0.04999999999999716,NIFTY
2022-11-25 13:32:20,18650,PE,SELL,176.5,-0.6999999999999886,NIFTY
2022-11-25 13:32:20,18600,CE,BUY,55.05,,NIFTY
2022-11-25 13:32:20,18600,PE,BUY,143.75,,NIFTY
2022-11-25 13:32:39,18600,CE,SELL,55.3,0.25,NIFTY
2022-11-25 13:32:39,18600,PE,SELL,143.0,-0.75,NIFTY
2022-11-25 13:32:39,18650,CE,BUY,38.45,,NIFTY
2022-11-25 13:32:39,18650,PE,BUY,176.65,,NIFTY
2022-11-25 13:32:47,18650,CE,SELL,38.2,-0.25,NIFTY
2022-11-25 13:32:47,18650,PE,SELL,177.0,0.3499999999999943,NIFTY
2022-11-25 13:32:47,18600,CE,BUY,54.85,,NIFTY
2022-11-25 13:32:47,18600,PE,BUY,143.8,,NIFTY
2022-11-25 13:33:56,18600,CE,SELL,56.05,1.1999999999999957,NIFTY
2022-11-25 13:33:56,18600,PE,SELL,141.25,-2.5500000000000114,NIFTY
2022-11-25 13:33:56,18650,CE,BUY,39.0,,NIFTY
2022-11-25 13:33:56,18650,PE,BUY,174.9,,NIFTY
2022-11-25 13:43:25,18650,CE,SELL,37.55,-1.4500000000000028,NIFTY
2022-11-25 13:43:25,18650,PE,SELL,177.4,2.5,NIFTY
2022-11-25 13:43:25,18600,CE,BUY,54.35,,NIFTY
2022-11-25 13:43:25,18600,PE,BUY,144.0,,NIFTY
2022-11-25 13:43:45,18600,CE,SELL,54.05,-0.30000000000000426,NIFTY
2022-11-25 13:43:45,18600,PE,SELL,143.65,-0.3499999999999943,NIFTY
2022-11-25 13:43:45,18650,CE,BUY,37.35,,NIFTY
2022-11-25 13:43:45,18650,PE,BUY,177.0,,NIFTY
2022-11-25 13:43:49,18650,CE,SELL,37.65,0.29999999999999716,NIFTY
2022-11-25 13:43:49,18650,PE,SELL,176.65,-0.3499999999999943,NIFTY
2022-11-25 13:43:49,18600,CE,BUY,54.45,,NIFTY
2022-11-25 13:43:49,18600,PE,BUY,143.15,,NIFTY
2022-11-25 13:43:53,18600,CE,SELL,54.45,0.0,NIFTY
2022-11-25 13:43:53,18600,PE,SELL,143.45,0.29999999999998295,NIFTY
2022-11-25 13:43:53,18650,CE,BUY,37.7,,NIFTY
2022-11-25 13:43:53,18650,PE,BUY,177.25,,NIFTY
2022-11-25 13:43:55,18650,CE,SELL,37.85,0.14999999999999858,NIFTY
2022-11-25 13:43:55,18650,PE,SELL,176.45,-0.8000000000000114,NIFTY
2022-11-25 13:43:55,18600,CE,BUY,54.7,,NIFTY
2022-11-25 13:43:55,18600,PE,BUY,142.95,,NIFTY
2022-11-25 13:43:56,18600,CE,SELL,54.7,0.0,NIFTY
2022-11-25 13:43:56,18600,PE,SELL,143.1,0.15000000000000568,NIFTY
2022-11-25 13:43:56,18650,CE,BUY,37.85,,NIFTY
2022-11-25 13:43:56,18650,PE,BUY,176.45,,NIFTY
2022-11-25 13:43:57,18650,CE,SELL,37.85,0.0,NIFTY
2022-11-25 13:43:57,18650,PE,SELL,176.45,0.0,NIFTY
2022-11-25 13:43:57,18600,CE,BUY,54.75,,NIFTY
2022-11-25 13:43:57,18600,PE,BUY,142.85,,NIFTY
2022-11-25 13:44:00,18600,CE,SELL,54.95,0.20000000000000284,NIFTY
2022-11-25 13:44:00,18600,PE,SELL,142.1,-0.75,NIFTY
2022-11-25 13:44:00,18650,CE,BUY,38.05,,NIFTY
2022-11-25 13:44:00,18650,PE,BUY,176.0,,NIFTY
2022-11-25 13:44:32,18650,CE,SELL,37.85,-0.19999999999999574,NIFTY
2022-11-25 13:44:32,18650,PE,SELL,176.1,0.09999999999999432,NIFTY
2022-11-25 13:44:32,18600,CE,BUY,54.75,,NIFTY
2022-11-25 13:44:32,18600,PE,BUY,143.1,,NIFTY
2022-11-25 13:44:36,18600,CE,SELL,54.7,-0.04999999999999716,NIFTY
2022-11-25 13:44:36,18600,PE,SELL,143.1,0.0,NIFTY
2022-11-25 13:44:36,18650,CE,BUY,37.95,,NIFTY
2022-11-25 13:44:36,18650,PE,BUY,176.45,,NIFTY
2022-11-25 13:44:37,18650,CE,SELL,37.85,-0.10000000000000142,NIFTY
2022-11-25 13:44:37,18650,PE,SELL,176.45,0.0,NIFTY
2022-11-25 13:44:37,18600,CE,BUY,54.75,,NIFTY
2022-11-25 13:44:37,18600,PE,BUY,143.1,,NIFTY
2022-11-25 13:44:39,18600,CE,SELL,54.9,0.14999999999999858,NIFTY
2022-11-25 13:44:39,18600,PE,SELL,142.85,-0.25,NIFTY
2022-11-25 13:44:39,18650,CE,BUY,37.9,,NIFTY
2022-11-25 13:44:39,18650,PE,BUY,176.45,,NIFTY
2022-11-25 13:44:57,18650,CE,SELL,38.0,0.10000000000000142,NIFTY
2022-11-25 13:44:57,18650,PE,SELL,176.0,-0.44999999999998863,NIFTY
2022-11-25 13:44:57,18600,CE,BUY,54.9,,NIFTY
2022-11-25 13:44:57,18600,PE,BUY,142.95,,NIFTY
2022-11-25 13:45:02,18600,CE,SELL,54.85,-0.04999999999999716,NIFTY
2022-11-25 13:45:02,18600,PE,SELL,142.7,-0.25,NIFTY
2022-11-25 13:45:02,18650,CE,BUY,37.65,,NIFTY
2022-11-25 13:45:02,18650,PE,BUY,176.6,,NIFTY
2022-11-25 14:11:54,18650,CE,SELL,36.35,-1.2999999999999972,NIFTY
2022-11-25 14:11:54,18650,PE,SELL,175.6,-1.0,NIFTY
2022-11-25 14:11:54,18600,CE,BUY,52.8,,NIFTY
2022-11-25 14:11:54,18600,PE,BUY,141.9,,NIFTY
2022-11-25 14:11:56,18600,CE,SELL,52.75,-0.04999999999999716,NIFTY
2022-11-25 14:11:56,18600,PE,SELL,141.5,-0.4000000000000057,NIFTY
2022-11-25 14:11:56,18650,CE,BUY,36.5,,NIFTY
2022-11-25 14:11:56,18650,PE,BUY,175.2,,NIFTY
2022-11-25 14:12:00,18650,CE,SELL,35.85,-0.6499999999999986,NIFTY
2022-11-25 14:12:00,18650,PE,SELL,176.1,0.9000000000000057,NIFTY
2022-11-25 14:12:00,18600,CE,BUY,52.0,,NIFTY
2022-11-25 14:12:00,18600,PE,BUY,142.25,,NIFTY
2022-11-25 14:13:30,18600,CE,SELL,52.35,0.3500000000000014,NIFTY
2022-11-25 14:13:30,18600,PE,SELL,141.15,-1.0999999999999943,NIFTY
2022-11-25 14:13:30,18650,CE,BUY,36.25,,NIFTY
2022-11-25 14:13:30,18650,PE,BUY,177.05,,NIFTY
2022-11-25 14:13:45,18650,CE,SELL,36.3,0.04999999999999716,NIFTY
2022-11-25 14:13:45,18650,PE,SELL,176.65,-0.4000000000000057,NIFTY
2022-11-25 14:13:45,18600,CE,BUY,52.55,,NIFTY
2022-11-25 14:13:45,18600,PE,BUY,142.8,,NIFTY
2022-11-25 14:13:47,18600,CE,SELL,52.3,-0.25,NIFTY
2022-11-25 14:13:47,18600,PE,SELL,142.6,-0.20000000000001705,NIFTY
2022-11-25 14:13:47,18650,CE,BUY,36.2,,NIFTY
2022-11-25 14:13:47,18650,PE,BUY,176.45,,NIFTY
2022-11-25 14:15:00,18650,CE,SELL,35.95,-0.25,NIFTY
2022-11-25 14:15:00,18650,PE,SELL,178.4,1.950000000000017,NIFTY
2022-11-25 14:15:00,18600,CE,BUY,52.0,,NIFTY
2022-11-25 14:15:00,18600,PE,BUY,144.1,,NIFTY
2022-11-25 14:26:33,18600,CE,SELL,53.5,1.5,NIFTY
2022-11-25 14:26:33,18600,PE,SELL,140.75,-3.3499999999999943,NIFTY
2022-11-25 14:26:33,18650,CE,BUY,37.15,,NIFTY
2022-11-25 14:26:33,18650,PE,BUY,174.4,,NIFTY
2022-11-25 14:26:36,18650,CE,SELL,36.3,-0.8500000000000014,NIFTY
2022-11-25 14:26:36,18650,PE,SELL,176.75,2.3499999999999943,NIFTY
2022-11-25 14:26:36,18600,CE,BUY,52.4,,NIFTY
2022-11-25 14:26:36,18600,PE,BUY,142.95,,NIFTY
2022-11-25 14:26:40,18600,CE,SELL,52.55,0.14999999999999858,NIFTY
2022-11-25 14:26:40,18600,PE,SELL,142.05,-0.8999999999999773,NIFTY
2022-11-25 14:26:40,18650,CE,BUY,36.35,,NIFTY
2022-11-25 14:26:40,18650,PE,BUY,176.05,,NIFTY
2022-11-25 14:26:41,18650,CE,SELL,36.2,-0.14999999999999858,NIFTY
2022-11-25 14:26:41,18650,PE,SELL,176.05,0.0,NIFTY
2022-11-25 14:26:41,18600,CE,BUY,52.35,,NIFTY
2022-11-25 14:26:41,18600,PE,BUY,142.85,,NIFTY
2022-11-25 14:26:43,18600,CE,SELL,52.7,0.3500000000000014,NIFTY
2022-11-25 14:26:43,18600,PE,SELL,142.05,-0.799999999999983,NIFTY
2022-11-25 14:26:43,18650,CE,BUY,36.5,,NIFTY
2022-11-25 14:26:43,18650,PE,BUY,176.1,,NIFTY
2022-11-25 14:26:47,18650,CE,SELL,36.9,0.3999999999999986,NIFTY
2022-11-25 14:26:47,18650,PE,SELL,175.4,-0.6999999999999886,NIFTY
2022-11-25 14:26:47,18600,CE,BUY,53.35,,NIFTY
2022-11-25 14:26:47,18600,PE,BUY,141.85,,NIFTY
2022-11-25 14:26:48,18600,CE,SELL,53.5,0.14999999999999858,NIFTY
2022-11-25 14:26:48,18600,PE,SELL,140.3,-1.549999999999983,NIFTY
2022-11-25 14:26:48,18650,CE,BUY,36.9,,NIFTY
2022-11-25 14:26:48,18650,PE,BUY,173.85,,NIFTY
2022-11-25 14:27:16,18650,CE,SELL,36.5,-0.3999999999999986,NIFTY
2022-11-25 14:27:16,18650,PE,SELL,175.05,1.200000000000017,NIFTY
2022-11-25 14:27:16,18600,CE,BUY,52.6,,NIFTY
2022-11-25 14:27:16,18600,PE,BUY,142.0,,NIFTY
2022-11-25 14:27:17,18600,CE,SELL,52.35,-0.25,NIFTY
2022-11-25 14:27:17,18600,PE,SELL,142.4,0.4000000000000057,NIFTY
2022-11-25 14:27:17,18650,CE,BUY,36.25,,NIFTY
2022-11-25 14:27:17,18650,PE,BUY,176.15,,NIFTY
2022-11-25 14:27:30,18650,CE,SELL,37.0,0.75,NIFTY
2022-11-25 14:27:30,18650,PE,SELL,174.9,-1.25,NIFTY
2022-11-25 14:27:30,18600,CE,BUY,53.3,,NIFTY
2022-11-25 14:27:30,18600,PE,BUY,140.95,,NIFTY
2022-11-25 14:27:35,18600,CE,SELL,53.5,0.20000000000000284,NIFTY
2022-11-25 14:27:35,18600,PE,SELL,140.25,-0.6999999999999886,NIFTY
2022-11-25 14:27:35,18650,CE,BUY,37.15,,NIFTY
2022-11-25 14:27:35,18650,PE,BUY,174.05,,NIFTY
2022-11-25 14:53:30,18650,CE,SELL,35.9,-1.25,NIFTY
2022-11-25 14:53:30,18650,PE,SELL,177.45,3.3999999999999773,NIFTY
2022-11-25 14:53:30,18600,CE,BUY,52.3,,NIFTY
2022-11-25 14:53:30,18600,PE,BUY,144.05,,NIFTY
2022-11-25 14:53:36,18600,CE,SELL,51.95,-0.3499999999999943,NIFTY
2022-11-25 14:53:36,18600,PE,SELL,143.2,-0.8500000000000227,NIFTY
2022-11-25 14:53:36,18650,CE,BUY,35.7,,NIFTY
2022-11-25 14:53:36,18650,PE,BUY,177.25,,NIFTY
2022-11-25 14:53:40,18650,CE,SELL,36.25,0.5499999999999972,NIFTY
2022-11-25 14:53:40,18650,PE,SELL,176.9,-0.3499999999999943,NIFTY
2022-11-25 14:53:40,18600,CE,BUY,52.9,,NIFTY
2022-11-25 14:53:40,18600,PE,BUY,143.6,,NIFTY
2022-11-25 14:53:42,18600,CE,SELL,53.0,0.10000000000000142,NIFTY
2022-11-25 14:53:42,18600,PE,SELL,142.85,-0.75,NIFTY
2022-11-25 14:53:42,18650,CE,BUY,36.6,,NIFTY
2022-11-25 14:53:42,18650,PE,BUY,176.85,,NIFTY
2022-11-25 15:02:41,18650,CE,SELL,36.25,-0.3500000000000014,NIFTY
2022-11-25 15:02:41,18650,PE,SELL,176.75,-0.09999999999999432,NIFTY
2022-11-25 15:02:41,18600,CE,BUY,51.85,,NIFTY
2022-11-25 15:02:41,18600,PE,BUY,142.25,,NIFTY
2022-11-25 15:03:01,18600,CE,SELL,52.7,0.8500000000000014,NIFTY
2022-11-25 15:03:01,18600,PE,SELL,142.3,0.05000000000001137,NIFTY
2022-11-25 15:03:01,18650,CE,BUY,36.6,,NIFTY
2022-11-25 15:03:01,18650,PE,BUY,176.2,,NIFTY
2022-11-25 15:03:03,18650,CE,SELL,36.75,0.14999999999999858,NIFTY
2022-11-25 15:03:03,18650,PE,SELL,174.7,-1.5,NIFTY
2022-11-25 15:03:03,18600,CE,BUY,53.0,,NIFTY
2022-11-25 15:03:03,18600,PE,BUY,141.25,,NIFTY
2022-11-25 15:03:08,18600,CE,SELL,52.25,-0.75,NIFTY
2022-11-25 15:03:08,18600,PE,SELL,142.15,0.9000000000000057,NIFTY
2022-11-25 15:03:08,18650,CE,BUY,36.1,,NIFTY
2022-11-25 15:03:08,18650,PE,BUY,176.45,,NIFTY
2022-11-25 15:03:10,18650,CE,SELL,36.85,0.75,NIFTY
2022-11-25 15:03:10,18650,PE,SELL,174.95,-1.5,NIFTY
2022-11-25 15:03:10,18600,CE,BUY,53.2,,NIFTY
2022-11-25 15:03:10,18600,PE,BUY,141.15,,NIFTY
2022-11-25 15:03:12,18600,CE,SELL,52.9,-0.30000000000000426,NIFTY
2022-11-25 15:03:12,18600,PE,SELL,140.8,-0.3499999999999943,NIFTY
2022-11-25 15:03:12,18650,CE,BUY,36.7,,NIFTY
2022-11-25 15:03:12,18650,PE,BUY,174.95,,NIFTY
2022-11-25 15:03:17,18650,CE,SELL,36.2,-0.5,NIFTY
2022-11-25 15:03:17,18650,PE,SELL,175.25,0.30000000000001137,NIFTY
2022-11-25 15:03:17,18600,CE,BUY,52.4,,NIFTY
2022-11-25 15:03:17,18600,PE,BUY,141.9,,NIFTY
2022-11-25 15:03:21,18600,CE,SELL,53.4,1.0,NIFTY
2022-11-25 15:03:21,18600,PE,SELL,140.9,-1.0,NIFTY
2022-11-25 15:03:21,18650,CE,BUY,37.4,,NIFTY
2022-11-25 15:03:21,18650,PE,BUY,174.75,,NIFTY
2022-11-25 15:03:25,18650,CE,SELL,37.05,-0.3500000000000014,NIFTY
2022-11-25 15:03:25,18650,PE,SELL,175.05,0.30000000000001137,NIFTY
2022-11-25 15:03:25,18600,CE,BUY,53.7,,NIFTY
2022-11-25 15:03:25,18600,PE,BUY,141.45,,NIFTY
2022-11-25 15:03:26,18600,CE,SELL,53.7,0.0,NIFTY
2022-11-25 15:03:26,18600,PE,SELL,140.45,-1.0,NIFTY
2022-11-25 15:03:26,18650,CE,BUY,37.4,,NIFTY
2022-11-25 15:03:26,18650,PE,BUY,173.7,,NIFTY
2022-11-25 15:04:07,18650,CE,SELL,36.8,-0.6000000000000014,NIFTY
2022-11-25 15:04:07,18650,PE,SELL,174.3,0.6000000000000227,NIFTY
2022-11-25 15:04:07,18600,CE,BUY,53.0,,NIFTY
2022-11-25 15:04:07,18600,PE,BUY,140.45,,NIFTY
2022-11-25 15:04:08,18600,CE,SELL,54.15,1.1499999999999986,NIFTY
2022-11-25 15:04:08,18600,PE,SELL,139.0,-1.4499999999999886,NIFTY
2022-11-25 15:04:08,18650,CE,BUY,37.4,,NIFTY
2022-11-25 15:04:08,18650,PE,BUY,172.8,,NIFTY
2022-11-25 15:30:00,18650,CE,SELL,35.8,-1.6000000000000014,NIFTY
2022-11-25 15:30:00,18650,PE,SELL,156.0,-16.80000000000001,NIFTY
2022-11-28 09:15:00,18550,CE,BUY,36.95,,NIFTY
2022-11-28 09:15:00,18550,PE,BUY,120.65,,NIFTY
2022-11-28 09:15:03,18550,CE,SELL,49.7,12.75,NIFTY
2022-11-28 09:15:03,18550,PE,SELL,125.0,4.349999999999994,NIFTY
2022-11-28 09:15:03,18600,CE,BUY,32.55,,NIFTY
2022-11-28 09:15:03,18600,PE,BUY,157.55,,NIFTY
2022-11-28 09:19:02,18600,CE,SELL,48.55,16.0,NIFTY
2022-11-28 09:19:02,18600,PE,SELL,133.6,-23.950000000000017,NIFTY
2022-11-28 09:19:02,18650,CE,BUY,32.75,,NIFTY
2022-11-28 09:19:02,18650,PE,BUY,167.65,,NIFTY
2022-11-28 09:19:05,18650,CE,SELL,31.6,-1.1499999999999986,NIFTY
2022-11-28 09:19:05,18650,PE,SELL,169.6,1.9499999999999886,NIFTY
2022-11-28 09:19:05,18600,CE,BUY,47.15,,NIFTY
2022-11-28 09:19:05,18600,PE,BUY,135.2,,NIFTY
2022-11-28 09:19:08,18600,CE,SELL,47.5,0.3500000000000014,NIFTY
2022-11-28 09:19:08,18600,PE,SELL,134.9,-0.29999999999998295,NIFTY
2022-11-28 09:19:08,18650,CE,BUY,32.25,,NIFTY
2022-11-28 09:19:08,18650,PE,BUY,169.1,,NIFTY
2022-11-28 09:19:12,18650,CE,SELL,32.25,0.0,NIFTY
2022-11-28 09:19:12,18650,PE,SELL,169.25,0.15000000000000568,NIFTY
2022-11-28 09:19:12,18600,CE,BUY,47.85,,NIFTY
2022-11-28 09:19:12,18600,PE,BUY,135.15,,NIFTY
2022-11-28 09:19:13,18600,CE,SELL,47.4,-0.45000000000000284,NIFTY
2022-11-28 09:19:13,18600,PE,SELL,135.25,0.09999999999999432,NIFTY
2022-11-28 09:19:13,18650,CE,BUY,31.9,,NIFTY
2022-11-28 09:19:13,18650,PE,BUY,169.85,,NIFTY
2022-11-28 09:19:16,18650,CE,SELL,31.95,0.05000000000000071,NIFTY
2022-11-28 09:19:16,18650,PE,SELL,169.45,-0.4000000000000057,NIFTY
2022-11-28 09:19:16,18600,CE,BUY,47.5,,NIFTY
2022-11-28 09:19:16,18600,PE,BUY,135.3,,NIFTY
2022-11-28 09:19:19,18600,CE,SELL,47.95,0.45000000000000284,NIFTY
2022-11-28 09:19:19,18600,PE,SELL,134.75,-0.5500000000000114,NIFTY
2022-11-28 09:19:19,18650,CE,BUY,32.2,,NIFTY
2022-11-28 09:19:19,18650,PE,BUY,168.95,,NIFTY
2022-11-28 09:19:20,18650,CE,SELL,31.9,-0.30000000000000426,NIFTY
2022-11-28 09:19:20,18650,PE,SELL,169.95,1.0,NIFTY
2022-11-28 09:19:20,18600,CE,BUY,47.5,,NIFTY
2022-11-28 09:19:20,18600,PE,BUY,135.55,,NIFTY
2022-11-28 09:19:21,18600,CE,SELL,47.5,0.0,NIFTY
2022-11-28 09:19:21,18600,PE,SELL,135.0,-0.5500000000000114,NIFTY
2022-11-28 09:19:21,18650,CE,BUY,31.9,,NIFTY
2022-11-28 09:19:21,18650,PE,BUY,169.35,,NIFTY
2022-11-28 09:19:22,18650,CE,SELL,32.4,0.5,NIFTY
2022-11-28 09:19:22,18650,PE,SELL,168.5,-0.8499999999999943,NIFTY
2022-11-28 09:19:22,18600,CE,BUY,47.95,,NIFTY
2022-11-28 09:19:22,18600,PE,BUY,134.7,,NIFTY
2022-11-28 09:19:23,18600,CE,SELL,47.9,-0.05000000000000426,NIFTY
2022-11-28 09:19:23,18600,PE,SELL,135.75,1.0500000000000114,NIFTY
2022-11-28 09:19:23,18650,CE,BUY,32.2,,NIFTY
2022-11-28 09:19:23,18650,PE,BUY,169.1,,NIFTY
2022-11-28 09:19:25,18650,CE,SELL,32.3,0.09999999999999432,NIFTY
2022-11-28 09:19:25,18650,PE,SELL,166.85,-2.25,NIFTY
2022-11-28 09:19:25,18600,CE,BUY,49.3,,NIFTY
2022-11-28 09:19:25,18600,PE,BUY,133.3,,NIFTY
2022-11-28 09:19:26,18600,CE,SELL,49.3,0.0,NIFTY
2022-11-28 09:19:26,18600,PE,SELL,133.15,-0.15000000000000568,NIFTY
2022-11-28 09:19:26,18650,CE,BUY,33.45,,NIFTY
2022-11-28 09:19:26,18650,PE,BUY,167.05,,NIFTY
2022-11-28 09:19:57,18650,CE,SELL,32.4,-1.0500000000000043,NIFTY
2022-11-28 09:19:57,18650,PE,SELL,170.15,3.0999999999999943,NIFTY
2022-11-28 09:19:57,18600,CE,BUY,48.35,,NIFTY
2022-11-28 09:19:57,18600,PE,BUY,136.05,,NIFTY
2022-11-28 09:19:58,18600,CE,SELL,48.35,0.0,NIFTY
2022-11-28 09:19:58,18600,PE,SELL,134.75,-1.3000000000000114,NIFTY
2022-11-28 09:19:58,18650,CE,BUY,32.8,,NIFTY
2022-11-28 09:19:58,18650,PE,BUY,168.35,,NIFTY
2022-11-28 09:19:59,18650,CE,SELL,32.9,0.10000000000000142,NIFTY
2022-11-28 09:19:59,18650,PE,SELL,168.65,0.30000000000001137,NIFTY
2022-11-28 09:19:59,18600,CE,BUY,48.6,,NIFTY
2022-11-28 09:19:59,18600,PE,BUY,134.1,,NIFTY
2022-11-28 09:20:00,18600,CE,SELL,48.8,0.19999999999999574,NIFTY
2022-11-28 09:20:00,18600,PE,SELL,133.8,-0.29999999999998295,NIFTY
2022-11-28 09:20:00,18650,CE,BUY,32.85,,NIFTY
2022-11-28 09:20:00,18650,PE,BUY,167.8,,NIFTY
2022-11-28 09:22:08,18650,CE,SELL,32.45,-0.3999999999999986,NIFTY
2022-11-28 09:22:08,18650,PE,SELL,167.95,0.14999999999997726,NIFTY
2022-11-28 09:22:08,18600,CE,BUY,48.4,,NIFTY
2022-11-28 09:22:08,18600,PE,BUY,133.7,,NIFTY
2022-11-28 09:22:09,18600,CE,SELL,48.75,0.3500000000000014,NIFTY
2022-11-28 09:22:09,18600,PE,SELL,133.7,0.0,NIFTY
2022-11-28 09:22:09,18650,CE,BUY,32.85,,NIFTY
2022-11-28 09:22:09,18650,PE,BUY,167.95,,NIFTY
2022-11-28 09:22:15,18650,CE,SELL,32.55,-0.30000000000000426,NIFTY
2022-11-28 09:22:15,18650,PE,SELL,167.25,-0.6999999999999886,NIFTY
2022-11-28 09:22:15,18600,CE,BUY,48.2,,NIFTY
2022-11-28 09:22:15,18600,PE,BUY,133.35,,NIFTY
2022-11-28 09:22:25,18600,CE,SELL,47.25,-0.9500000000000028,NIFTY
2022-11-28 09:22:25,18600,PE,SELL,133.6,0.25,NIFTY
2022-11-28 09:22:25,18650,CE,BUY,32.0,,NIFTY
2022-11-28 09:22:25,18650,PE,BUY,168.25,,NIFTY
2022-11-28 09:22:26,18650,CE,SELL,32.0,0.0,NIFTY
2022-11-28 09:22:26,18650,PE,SELL,168.25,0.0,NIFTY
2022-11-28 09:22:26,18600,CE,BUY,47.85,,NIFTY
2022-11-28 09:22:26,18600,PE,BUY,134.2,,NIFTY
2022-11-28 09:23:16,18600,CE,SELL,48.15,0.29999999999999716,NIFTY
2022-11-28 09:23:16,18600,PE,SELL,132.45,-1.75,NIFTY
2022-11-28 09:23:16,18650,CE,BUY,32.2,,NIFTY
2022-11-28 09:23:16,18650,PE,BUY,166.35,,NIFTY
2022-11-28 09:23:17,18650,CE,SELL,32.15,-0.05000000000000426,NIFTY
2022-11-28 09:23:17,18650,PE,SELL,165.9,-0.44999999999998863,NIFTY
2022-11-28 09:23:17,18600,CE,BUY,48.3,,NIFTY
2022-11-28 09:23:17,18600,PE,BUY,132.3,,NIFTY
2022-11-28 09:23:18,18600,CE,SELL,48.25,-0.04999999999999716,NIFTY
2022-11-28 09:23:18,18600,PE,SELL,132.4,0.09999999999999432,NIFTY
2022-11-28 09:23:18,18650,CE,BUY,32.2,,NIFTY
2022-11-28 09:23:18,18650,PE,BUY,166.0,,NIFTY
2022-11-28 09:23:19,18650,CE,SELL,32.3,0.09999999999999432,NIFTY
2022-11-28 09:23:19,18650,PE,SELL,165.4,-0.5999999999999943,NIFTY
2022-11-28 09:23:19,18600,CE,BUY,48.4,,NIFTY
2022-11-28 09:23:19,18600,PE,BUY,132.05,,NIFTY
2022-11-28 09:23:21,18600,CE,SELL,48.7,0.30000000000000426,NIFTY
2022-11-28 09:23:21,18600,PE,SELL,131.6,-0.45000000000001705,NIFTY
2022-11-28 09:23:21,18650,CE,BUY,32.8,,NIFTY
2022-11-28 09:23:21,18650,PE,BUY,165.0,,NIFTY
2022-11-28 09:25:09,18650,CE,SELL,32.05,-0.75,NIFTY
2022-11-28 09:25:09,18650,PE,SELL,167.85,2.8499999999999943,NIFTY
2022-11-28 09:25:09,18600,CE,BUY,47.85,,NIFTY
2022-11-28 09:25:09,18600,PE,BUY,133.65,,NIFTY
2022-11-28 09:25:26,18600,CE,SELL,48.05,0.19999999999999574,NIFTY
2022-11-28 09:25:26,18600,PE,SELL,133.4,-0.25,NIFTY
2022-11-28 09:25:26,18650,CE,BUY,32.15,,NIFTY
2022-11-28 09:25:26,18650,PE,BUY,166.7,,NIFTY
2022-11-28 09:25:27,18650,CE,SELL,32.3,0.14999999999999858,NIFTY
2022-11-28 09:25:27,18650,PE,SELL,166.35,-0.3499999999999943,NIFTY
2022-11-28 09:25:27,18600,CE,BUY,48.4,,NIFTY
2022-11-28 09:25:27,18600,PE,BUY,132.9,,NIFTY
2022-11-28 09:25:37,18600,CE,SELL,48.8,0.3999999999999986,NIFTY
2022-11-28 09:25:37,18600,PE,SELL,132.35,-0.5500000000000114,NIFTY
2022-11-28 09:25:37,18650,CE,BUY,32.65,,NIFTY
2022-11-28 09:25:37,18650,PE,BUY,166.15,,NIFTY
2022-11-28 09:25:38,18650,CE,SELL,32.8,0.14999999999999858,NIFTY
2022-11-28 09:25:38,18650,PE,SELL,165.95,-0.20000000000001705,NIFTY
2022-11-28 09:25:38,18600,CE,BUY,48.8,,NIFTY
2022-11-28 09:25:38,18600,PE,BUY,132.4,,NIFTY
2022-11-28 09:25:40,18600,CE,SELL,48.35,-0.44999999999999574,NIFTY
2022-11-28 09:25:40,18600,PE,SELL,133.0,0.5999999999999943,NIFTY
2022-11-28 09:25:40,18650,CE,BUY,32.45,,NIFTY
2022-11-28 09:25:40,18650,PE,BUY,166.7,,NIFTY
2022-11-28 09:25:43,18650,CE,SELL,32.5,0.04999999999999716,NIFTY
2022-11-28 09:25:43,18650,PE,SELL,166.0,-0.6999999999999886,NIFTY
2022-11-28 09:25:43,18600,CE,BUY,48.4,,NIFTY
2022-11-28 09:25:43,18600,PE,BUY,132.1,,NIFTY
2022-11-28 09:25:46,18600,CE,SELL,49.15,0.75,NIFTY
2022-11-28 09:25:46,18600,PE,SELL,131.4,-0.6999999999999886,NIFTY
2022-11-28 09:25:46,18650,CE,BUY,33.0,,NIFTY
2022-11-28 09:25:46,18650,PE,BUY,164.7,,NIFTY
2022-11-28 09:44:03,18650,CE,SELL,44.15,11.149999999999999,NIFTY
2022-11-28 09:44:03,18650,PE,SELL,134.45,-30.25,NIFTY
2022-11-28 09:44:03,18700,CE,BUY,28.9,,NIFTY
2022-11-28 09:44:03,18700,PE,BUY,170.05,,NIFTY
2022-11-28 09:44:04,18700,CE,SELL,28.55,-0.34999999999999787,NIFTY
2022-11-28 09:44:04,18700,PE,SELL,170.0,-0.05000000000001137,NIFTY
2022-11-28 09:44:04,18650,CE,BUY,43.6,,NIFTY
2022-11-28 09:44:04,18650,PE,BUY,135.25,,NIFTY
2022-11-28 09:45:07,18650,CE,SELL,44.0,0.3999999999999986,NIFTY
2022-11-28 09:45:07,18650,PE,SELL,135.35,0.09999999999999432,NIFTY
2022-11-28 09:45:07,18700,CE,BUY,28.75,,NIFTY
2022-11-28 09:45:07,18700,PE,BUY,170.2,,NIFTY
2022-11-28 09:46:43,18700,CE,SELL,28.35,-0.3999999999999986,NIFTY
2022-11-28 09:46:43,18700,PE,SELL,171.35,1.1500000000000057,NIFTY
2022-11-28 09:46:43,18650,CE,BUY,43.45,,NIFTY
2022-11-28 09:46:43,18650,PE,BUY,136.45,,NIFTY
2022-11-28 09:46:46,18650,CE,SELL,43.5,0.04999999999999716,NIFTY
2022-11-28 09:46:46,18650,PE,SELL,135.9,-0.549999999999983,NIFTY
2022-11-28 09:46:46,18700,CE,BUY,28.5,,NIFTY
2022-11-28 09:46:46,18700,PE,BUY,170.7,,NIFTY
2022-11-28 09:46:47,18700,CE,SELL,28.55,0.05000000000000071,NIFTY
2022-11-28 09:46:47,18700,PE,SELL,170.7,0.0,NIFTY
2022-11-28 09:46:47,18650,CE,BUY,43.8,,NIFTY
2022-11-28 09:46:47,18650,PE,BUY,135.6,,NIFTY
2022-11-28 09:46:49,18650,CE,SELL,43.5,-0.29999999999999716,NIFTY
2022-11-28 09:46:49,18650,PE,SELL,136.55,0.950000000000017,NIFTY
2022-11-28 09:46:49,18700,CE,BUY,28.35,,NIFTY
2022-11-28 09:46:49,18700,PE,BUY,171.6,,NIFTY
2022-11-28 09:46:50,18700,CE,SELL,28.35,0.0,NIFTY
2022-11-28 09:46:50,18700,PE,SELL,171.3,-0.29999999999998295,NIFTY
2022-11-28 09:46:50,18650,CE,BUY,43.5,,NIFTY
2022-11-28 09:46:50,18650,PE,BUY,136.7,,NIFTY
2022-11-28 09:46:57,18650,CE,SELL,44.1,0.6000000000000014,NIFTY
2022-11-28 09:46:57,18650,PE,SELL,134.9,-1.799999999999983,NIFTY
2022-11-28 09:46:57,18700,CE,BUY,29.0,,NIFTY
2022-11-28 09:46:57,18700,PE,BUY,169.2,,NIFTY
2022-11-28 09:47:23,18700,CE,SELL,28.45,-0.5500000000000007,NIFTY
2022-11-28 09:47:23,18700,PE,SELL,171.4,2.200000000000017,NIFTY
2022-11-28 09:47:23,18650,CE,BUY,43.5,,NIFTY
2022-11-28 09:47:23,18650,PE,BUY,136.05,,NIFTY
2022-11-28 09:49:13,18650,CE,SELL,43.2,-0.29999999999999716,NIFTY
2022-11-28 09:49:13,18650,PE,SELL,136.75,0.6999999999999886,NIFTY
2022-11-28 09:49:13,18700,CE,BUY,28.25,,NIFTY
2022-11-28 09:49:13,18700,PE,BUY,172.05,,NIFTY
2022-11-28 09:49:48,18700,CE,SELL,27.85,-0.3999999999999986,NIFTY
2022-11-28 09:49:48,18700,PE,SELL,172.4,0.3499999999999943,NIFTY
2022-11-28 09:49:48,18650,CE,BUY,42.8,,NIFTY
2022-11-28 09:49:48,18650,PE,BUY,137.05,,NIFTY
2022-11-28 09:49:50,18650,CE,SELL,42.95,0.15000000000000568,NIFTY
2022-11-28 09:49:50,18650,PE,SELL,136.05,-1.0,NIFTY
2022-11-28 09:49:50,18700,CE,BUY,28.0,,NIFTY
2022-11-28 09:49:50,18700,PE,BUY,172.3,,NIFTY
2022-11-28 09:49:52,18700,CE,SELL,28.35,0.3500000000000014,NIFTY
2022-11-28 09:49:52,18700,PE,SELL,171.05,-1.25,NIFTY
2022-11-28 09:49:52,18650,CE,BUY,43.2,,NIFTY
2022-11-28 09:49:52,18650,PE,BUY,136.2,,NIFTY
2022-11-28 09:49:53,18650,CE,SELL,43.3,0.09999999999999432,NIFTY
2022-11-28 09:49:53,18650,PE,SELL,136.2,0.0,NIFTY
2022-11-28 09:49:53,18700,CE,BUY,28.35,,NIFTY
2022-11-28 09:49:53,18700,PE,BUY,171.05,,NIFTY
2022-11-28 09:50:35,18700,CE,SELL,27.8,-0.5500000000000007,NIFTY
2022-11-28 09:50:35,18700,PE,SELL,171.95,0.8999999999999773,NIFTY
2022-11-28 09:50:35,18650,CE,BUY,42.7,,NIFTY
2022-11-28 09:50:35,18650,PE,BUY,136.95,,NIFTY
2022-11-28 09:50:36,18650,CE,SELL,43.0,0.29999999999999716,NIFTY
2022-11-28 09:50:36,18650,PE,SELL,136.95,0.0,NIFTY
2022-11-28 09:50:36,18700,CE,BUY,28.0,,NIFTY
2022-11-28 09:50:36,18700,PE,BUY,171.85,,NIFTY
2022-11-28 09:50:38,18700,CE,SELL,27.7,-0.3000000000000007,NIFTY
2022-11-28 09:50:38,18700,PE,SELL,172.5,0.6500000000000057,NIFTY
2022-11-28 09:50:38,18650,CE,BUY,42.55,,NIFTY
2022-11-28 09:50:38,18650,PE,BUY,137.85,,NIFTY
2022-11-28 09:51:03,18650,CE,SELL,42.8,0.25,NIFTY
2022-11-28 09:51:03,18650,PE,SELL,137.7,-0.15000000000000568,NIFTY
2022-11-28 09:51:03,18700,CE,BUY,27.9,,NIFTY
2022-11-28 09:51:03,18700,PE,BUY,172.3,,NIFTY
2022-11-28 09:51:04,18700,CE,SELL,28.1,0.20000000000000284,NIFTY
2022-11-28 09:51:04,18700,PE,SELL,171.95,-0.35000000000002274,NIFTY
2022-11-28 09:51:04,18650,CE,BUY,43.15,,NIFTY
2022-11-28 09:51:04,18650,PE,BUY,136.6,,NIFTY
2022-11-28 09:51:05,18650,CE,SELL,43.3,0.14999999999999858,NIFTY
2022-11-28 09:51:05,18650,PE,SELL,136.4,-0.19999999999998863,NIFTY
2022-11-28 09:51:05,18700,CE,BUY,28.1,,NIFTY
2022-11-28 09:51:05,18700,PE,BUY,171.0,,NIFTY
2022-11-28 09:51:08,18700,CE,SELL,27.95,-0.15000000000000213,NIFTY
2022-11-28 09:51:08,18700,PE,SELL,172.0,1.0,NIFTY
2022-11-28 09:51:08,18650,CE,BUY,42.9,,NIFTY
2022-11-28 09:51:08,18650,PE,BUY,137.2,,NIFTY
2022-11-28 09:51:09,18650,CE,SELL,42.8,-0.10000000000000142,NIFTY
2022-11-28 09:51:09,18650,PE,SELL,137.2,0.0,NIFTY
2022-11-28 09:51:09,18700,CE,BUY,27.85,,NIFTY
2022-11-28 09:51:09,18700,PE,BUY,172.5,,NIFTY
2022-11-28 09:51:10,18700,CE,SELL,27.7,-0.15000000000000213,NIFTY
2022-11-28 09:51:10,18700,PE,SELL,172.5,0.0,NIFTY
2022-11-28 09:51:10,18650,CE,BUY,42.65,,NIFTY
2022-11-28 09:51:10,18650,PE,BUY,137.75,,NIFTY
2022-11-28 09:51:17,18650,CE,SELL,42.8,0.14999999999999858,NIFTY
2022-11-28 09:51:17,18650,PE,SELL,138.25,0.5,NIFTY
2022-11-28 09:51:17,18700,CE,BUY,27.7,,NIFTY
2022-11-28 09:51:17,18700,PE,BUY,172.6,,NIFTY
2022-11-28 09:51:19,18700,CE,SELL,27.65,-0.05000000000000071,NIFTY
2022-11-28 09:51:19,18700,PE,SELL,172.85,0.25,NIFTY
2022-11-28 09:51:19,18650,CE,BUY,42.55,,NIFTY
2022-11-28 09:51:19,18650,PE,BUY,137.6,,NIFTY
2022-11-28 09:51:49,18650,CE,SELL,42.9,0.3500000000000014,NIFTY
2022-11-28 09:51:49,18650,PE,SELL,136.6,-1.0,NIFTY
2022-11-28 09:51:49,18700,CE,BUY,28.0,,NIFTY
2022-11-28 09:51:49,18700,PE,BUY,171.3,,NIFTY
2022-11-28 09:51:50,18700,CE,SELL,27.85,-0.14999999999999858,NIFTY
2022-11-28 09:51:50,18700,PE,SELL,171.75,0.44999999999998863,NIFTY
2022-11-28 09:51:50,18650,CE,BUY,42.9,,NIFTY
2022-11-28 09:51:50,18650,PE,BUY,137.1,,NIFTY
2022-11-28 09:51:56,18650,CE,SELL,43.55,0.6499999999999986,NIFTY
2022-11-28 09:51:56,18650,PE,SELL,135.8,-1.299999999999983,NIFTY
2022-11-28 09:51:56,18700,CE,BUY,28.3,,NIFTY
2022-11-28 09:51:56,18700,PE,BUY,170.5,,NIFTY
2022-11-28 09:51:57,18700,CE,SELL,28.15,-0.15000000000000213,NIFTY
2022-11-28 09:51:57,18700,PE,SELL,171.5,1.0,NIFTY
2022-11-28 09:51:57,18650,CE,BUY,43.1,,NIFTY
2022-11-28 09:51:57,18650,PE,BUY,136.25,,NIFTY
2022-11-28 09:51:58,18650,CE,SELL,43.25,0.14999999999999858,NIFTY
2022-11-28 09:51:58,18650,PE,SELL,135.4,-0.8499999999999943,NIFTY
2022-11-28 09:51:58,18700,CE,BUY,28.3,,NIFTY
2022-11-28 09:51:58,18700,PE,BUY,171.3,,NIFTY
2022-11-28 09:52:11,18700,CE,SELL,28.15,-0.15000000000000213,NIFTY
2022-11-28 09:52:11,18700,PE,SELL,171.5,0.19999999999998863,NIFTY
2022-11-28 09:52:11,18650,CE,BUY,43.15,,NIFTY
2022-11-28 09:52:11,18650,PE,BUY,136.5,,NIFTY
2022-11-28 09:52:13,18650,CE,SELL,43.35,0.20000000000000284,NIFTY
2022-11-28 09:52:13,18650,PE,SELL,136.2,-0.30000000000001137,NIFTY
2022-11-28 09:52:13,18700,CE,BUY,28.25,,NIFTY
2022-11-28 09:52:13,18700,PE,BUY,171.25,,NIFTY
2022-11-28 09:52:27,18700,CE,SELL,27.8,-0.4499999999999993,NIFTY
2022-11-28 09:52:27,18700,PE,SELL,172.35,1.0999999999999943,NIFTY
2022-11-28 09:52:27,18650,CE,BUY,42.4,,NIFTY
2022-11-28 09:52:27,18650,PE,BUY,137.2,,NIFTY
2022-11-28 09:52:35,18650,CE,SELL,42.6,0.20000000000000284,NIFTY
2022-11-28 09:52:35,18650,PE,SELL,137.4,0.20000000000001705,NIFTY
2022-11-28 09:52:35,18700,CE,BUY,27.65,,NIFTY
2022-11-28 09:52:35,18700,PE,BUY,171.85,,NIFTY
2022-11-28 09:52:36,18700,CE,SELL,27.6,-0.04999999999999716,NIFTY
2022-11-28 09:52:36,18700,PE,SELL,171.95,0.09999999999999432,NIFTY
2022-11-28 09:52:36,18650,CE,BUY,42.65,,NIFTY
2022-11-28 09:52:36,18650,PE,BUY,137.4,,NIFTY
2022-11-28 10:07:07,18650,CE,SELL,42.75,0.10000000000000142,NIFTY
2022-11-28 10:07:07,18650,PE,SELL,134.65,-2.75,NIFTY
2022-11-28 10:07:07,18700,CE,BUY,27.7,,NIFTY
2022-11-28 10:07:07,18700,PE,BUY,169.7,,NIFTY
2022-11-28 10:07:08,18700,CE,SELL,27.65,-0.05000000000000071,NIFTY
2022-11-28 10:07:08,18700,PE,SELL,169.4,-0.29999999999998295,NIFTY
2022-11-28 10:07:08,18650,CE,BUY,42.8,,NIFTY
2022-11-28 10:07:08,18650,PE,BUY,134.15,,NIFTY
2022-11-28 10:07:11,18650,CE,SELL,42.7,-0.09999999999999432,NIFTY
2022-11-28 10:07:11,18650,PE,SELL,134.25,0.09999999999999432,NIFTY
2022-11-28 10:07:11,18700,CE,BUY,27.6,,NIFTY
2022-11-28 10:07:11,18700,PE,BUY,169.4,,NIFTY
2022-11-28 10:07:15,18700,CE,SELL,27.7,0.09999999999999787,NIFTY
2022-11-28 10:07:15,18700,PE,SELL,168.85,-0.5500000000000114,NIFTY
2022-11-28 10:07:15,18650,CE,BUY,42.9,,NIFTY
2022-11-28 10:07:15,18650,PE,BUY,134.05,,NIFTY
2022-11-28 10:07:16,18650,CE,SELL,43.0,0.10000000000000142,NIFTY
2022-11-28 10:07:16,18650,PE,SELL,133.75,-0.30000000000001137,NIFTY
2022-11-28 10:07:16,18700,CE,BUY,27.85,,NIFTY
2022-11-28 10:07:16,18700,PE,BUY,168.7,,NIFTY
2022-11-28 10:07:54,18700,CE,SELL,27.35,-0.5,NIFTY
2022-11-28 10:07:54,18700,PE,SELL,170.4,1.700000000000017,NIFTY
2022-11-28 10:07:54,18650,CE,BUY,42.2,,NIFTY
2022-11-28 10:07:54,18650,PE,BUY,135.25,,NIFTY
2022-11-28 10:07:56,18650,CE,SELL,42.55,0.3499999999999943,NIFTY
2022-11-28 10:07:56,18650,PE,SELL,134.75,-0.5,NIFTY
2022-11-28 10:07:56,18700,CE,BUY,27.55,,NIFTY
2022-11-28 10:07:56,18700,PE,BUY,169.65,,NIFTY
2022-11-28 10:08:00,18700,CE,SELL,27.95,0.3999999999999986,NIFTY
2022-11-28 10:08:00,18700,PE,SELL,168.55,-1.0999999999999943,NIFTY
2022-11-28 10:08:00,18650,CE,BUY,43.0,,NIFTY
2022-11-28 10:08:00,18650,PE,BUY,133.55,,NIFTY
2022-11-28 10:08:01,18650,CE,SELL,43.1,0.10000000000000142,NIFTY
2022-11-28 10:08:01,18650,PE,SELL,133.55,0.0,NIFTY
2022-11-28 10:08:01,18700,CE,BUY,27.8,,NIFTY
2022-11-28 10:08:01,18700,PE,BUY,168.55,,NIFTY
2022-11-28 10:08:02,18700,CE,SELL,27.65,-0.15000000000000213,NIFTY
2022-11-28 10:08:02,18700,PE,SELL,168.55,0.0,NIFTY
2022-11-28 10:08:02,18650,CE,BUY,42.95,,NIFTY
2022-11-28 10:08:02,18650,PE,BUY,133.55,,NIFTY
2022-11-28 10:08:04,18650,CE,SELL,42.6,-0.3500000000000014,NIFTY
2022-11-28 10:08:04,18650,PE,SELL,134.3,0.75,NIFTY
2022-11-28 10:08:04,18700,CE,BUY,27.6,,NIFTY
2022-11-28 10:08:04,18700,PE,BUY,169.35,,NIFTY
2022-11-28 10:08:05,18700,CE,SELL,27.65,0.04999999999999716,NIFTY
2022-11-28 10:08:05,18700,PE,SELL,169.45,0.09999999999999432,NIFTY
2022-11-28 10:08:05,18650,CE,BUY,42.8,,NIFTY
2022-11-28 10:08:05,18650,PE,BUY,134.5,,NIFTY
2022-11-28 10:08:08,18650,CE,SELL,42.85,0.05000000000000426,NIFTY
2022-11-28 10:08:08,18650,PE,SELL,134.7,0.19999999999998863,NIFTY
2022-11-28 10:08:08,18700,CE,BUY,27.7,,NIFTY
2022-11-28 10:08:08,18700,PE,BUY,169.45,,NIFTY
2022-11-28 10:08:17,18700,CE,SELL,27.75,0.05000000000000071,NIFTY
2022-11-28 10:08:17,18700,PE,SELL,169.45,0.0,NIFTY
2022-11-28 10:08:17,18650,CE,BUY,42.75,,NIFTY
2022-11-28 10:08:17,18650,PE,BUY,134.45,,NIFTY
2022-11-28 10:08:18,18650,CE,SELL,42.75,0.0,NIFTY
2022-11-28 10:08:18,18650,PE,SELL,134.6,0.15000000000000568,NIFTY
2022-11-28 10:08:18,18700,CE,BUY,27.75,,NIFTY
2022-11-28 10:08:18,18700,PE,BUY,169.7,,NIFTY
2022-11-28 10:08:30,18700,CE,SELL,27.65,-0.10000000000000142,NIFTY
2022-11-28 10:08:30,18700,PE,SELL,170.35,0.6500000000000057,NIFTY
2022-11-28 10:08:30,18650,CE,BUY,42.45,,NIFTY
2022-11-28 10:08:30,18650,PE,BUY,135.6,,NIFTY
2022-11-28 10:08:34,18650,CE,SELL,42.8,0.3499999999999943,NIFTY
2022-11-28 10:08:34,18650,PE,SELL,135.6,0.0,NIFTY
2022-11-28 10:08:34,18700,CE,BUY,27.65,,NIFTY
2022-11-28 10:08:34,18700,PE,BUY,170.15,,NIFTY
2022-11-28 10:08:35,18700,CE,SELL,27.65,0.0,NIFTY
2022-11-28 10:08:35,18700,PE,SELL,169.75,-0.4000000000000057,NIFTY
2022-11-28 10:08:35,18650,CE,BUY,42.8,,NIFTY
2022-11-28 10:08:35,18650,PE,BUY,135.05,,NIFTY
2022-11-28 10:08:39,18650,CE,SELL,42.95,0.15000000000000568,NIFTY
2022-11-28 10:08:39,18650,PE,SELL,134.65,-0.4000000000000057,NIFTY
2022-11-28 10:08:39,18700,CE,BUY,27.8,,NIFTY
2022-11-28 10:08:39,18700,PE,BUY,169.75,,NIFTY
2022-11-28 10:08:42,18700,CE,SELL,27.8,0.0,NIFTY
2022-11-28 10:08:42,18700,PE,SELL,169.65,-0.09999999999999432,NIFTY
2022-11-28 10:08:42,18650,CE,BUY,42.9,,NIFTY
2022-11-28 10:08:42,18650,PE,BUY,134.85,,NIFTY
2022-11-28 10:08:48,18650,CE,SELL,42.75,-0.14999999999999858,NIFTY
2022-11-28 10:08:48,18650,PE,SELL,135.05,0.20000000000001705,NIFTY
2022-11-28 10:08:48,18700,CE,BUY,27.75,,NIFTY
2022-11-28 10:08:48,18700,PE,BUY,170.2,,NIFTY
2022-11-28 10:08:49,18700,CE,SELL,27.65,-0.10000000000000142,NIFTY
2022-11-28 10:08:49,18700,PE,SELL,170.35,0.15000000000000568,NIFTY
2022-11-28 10:08:49,18650,CE,BUY,42.7,,NIFTY
2022-11-28 10:08:49,18650,PE,BUY,135.35,,NIFTY
2022-11-28 10:08:51,18650,CE,SELL,42.75,0.04999999999999716,NIFTY
2022-11-28 10:08:51,18650,PE,SELL,135.35,0.0,NIFTY
2022-11-28 10:08:51,18700,CE,BUY,27.7,,NIFTY
2022-11-28 10:08:51,18700,PE,BUY,170.35,,NIFTY
2022-11-28 10:08:53,18700,CE,SELL,27.75,0.05000000000000071,NIFTY
2022-11-28 10:08:53,18700,PE,SELL,169.7,-0.6500000000000057,NIFTY
2022-11-28 10:08:53,18650,CE,BUY,43.0,,NIFTY
2022-11-28 10:08:53,18650,PE,BUY,134.75,,NIFTY
2022-11-28 10:08:54,18650,CE,SELL,42.85,-0.14999999999999858,NIFTY
2022-11-28 10:08:54,18650,PE,SELL,134.75,0.0,NIFTY
2022-11-28 10:08:54,18700,CE,BUY,27.7,,NIFTY
2022-11-28 10:08:54,18700,PE,BUY,170.05,,NIFTY
2022-11-28 10:08:57,18700,CE,SELL,27.4,-0.3000000000000007,NIFTY
2022-11-28 10:08:57,18700,PE,SELL,170.95,0.8999999999999773,NIFTY
2022-11-28 10:08:57,18650,CE,BUY,42.45,,NIFTY
2022-11-28 10:08:57,18650,PE,BUY,135.9,,NIFTY
2022-11-28 10:10:39,18650,CE,SELL,42.8,0.3499999999999943,NIFTY
2022-11-28 10:10:39,18650,PE,SELL,134.15,-1.75,NIFTY
2022-11-28 10:10:39,18700,CE,BUY,27.6,,NIFTY
2022-11-28 10:10:39,18700,PE,BUY,169.35,,NIFTY
2022-11-28 10:10:44,18700,CE,SELL,27.55,-0.05000000000000071,NIFTY
2022-11-28 10:10:44,18700,PE,SELL,169.6,0.25,NIFTY
2022-11-28 10:10:44,18650,CE,BUY,42.6,,NIFTY
2022-11-28 10:10:44,18650,PE,BUY,134.65,,NIFTY
2022-11-28 10:10:49,18650,CE,SELL,42.75,0.14999999999999858,NIFTY
2022-11-28 10:10:49,18650,PE,SELL,134.25,-0.4000000000000057,NIFTY
2022-11-28 10:10:49,18700,CE,BUY,27.6,,NIFTY
2022-11-28 10:10:49,18700,PE,BUY,169.0,,NIFTY
2022-11-28 10:11:05,18700,CE,SELL,27.6,0.0,NIFTY
2022-11-28 10:11:05,18700,PE,SELL,169.25,0.25,NIFTY
2022-11-28 10:11:05,18650,CE,BUY,42.75,,NIFTY
2022-11-28 10:11:05,18650,PE,BUY,134.15,,NIFTY
2022-11-28 10:11:10,18650,CE,SELL,42.65,-0.10000000000000142,NIFTY
2022-11-28 10:11:10,18650,PE,SELL,134.4,0.25,NIFTY
2022-11-28 10:11:10,18700,CE,BUY,27.55,,NIFTY
2022-11-28 10:11:10,18700,PE,BUY,169.0,,NIFTY
2022-11-28 10:11:16,18700,CE,SELL,27.2,-0.3500000000000014,NIFTY
2022-11-28 10:11:16,18700,PE,SELL,169.95,0.9499999999999886,NIFTY
2022-11-28 10:11:16,18650,CE,BUY,42.2,,NIFTY
2022-11-28 10:11:16,18650,PE,BUY,135.0,,NIFTY
2022-11-28 10:11:17,18650,CE,SELL,42.1,-0.10000000000000142,NIFTY
2022-11-28 10:11:17,18650,PE,SELL,135.55,0.5500000000000114,NIFTY
2022-11-28 10:11:17,18700,CE,BUY,27.1,,NIFTY
2022-11-28 10:11:17,18700,PE,BUY,169.95,,NIFTY
2022-11-28 10:11:18,18700,CE,SELL,27.1,0.0,NIFTY
2022-11-28 10:11:18,18700,PE,SELL,170.45,0.5,NIFTY
2022-11-28 10:11:18,18650,CE,BUY,42.1,,NIFTY
2022-11-28 10:11:18,18650,PE,BUY,135.6,,NIFTY
2022-11-28 10:11:42,18650,CE,SELL,42.0,-0.10000000000000142,NIFTY
2022-11-28 10:11:42,18650,PE,SELL,135.9,0.30000000000001137,NIFTY
2022-11-28 10:11:42,18700,CE,BUY,27.15,,NIFTY
2022-11-28 10:11:42,18700,PE,BUY,171.0,,NIFTY
2022-11-28 10:13:20,18700,CE,SELL,27.35,0.20000000000000284,NIFTY
2022-11-28 10:13:20,18700,PE,SELL,169.55,-1.4499999999999886,NIFTY
2022-11-28 10:13:20,18650,CE,BUY,42.6,,NIFTY
2022-11-28 10:13:20,18650,PE,BUY,134.3,,NIFTY
2022-11-28 10:13:23,18650,CE,SELL,42.3,-0.30000000000000426,NIFTY
2022-11-28 10:13:23,18650,PE,SELL,134.75,0.44999999999998863,NIFTY
2022-11-28 10:13:23,18700,CE,BUY,27.35,,NIFTY
2022-11-28 10:13:23,18700,PE,BUY,169.55,,NIFTY
2022-11-28 10:13:28,18700,CE,SELL,26.85,-0.5,NIFTY
2022-11-28 10:13:28,18700,PE,SELL,171.05,1.5,NIFTY
2022-11-28 10:13:28,18650,CE,BUY,41.75,,NIFTY
2022-11-28 10:13:28,18650,PE,BUY,136.0,,NIFTY
2022-11-28 10:13:50,18650,CE,SELL,41.9,0.14999999999999858,NIFTY
2022-11-28 10:13:50,18650,PE,SELL,135.55,-0.44999999999998863,NIFTY
2022-11-28 10:13:50,18700,CE,BUY,27.05,,NIFTY
2022-11-28 10:13:50,18700,PE,BUY,170.6,,NIFTY
2022-11-28 10:13:53,18700,CE,SELL,27.15,0.09999999999999787,NIFTY
2022-11-28 10:13:53,18700,PE,SELL,170.2,-0.4000000000000057,NIFTY
2022-11-28 10:13:53,18650,CE,BUY,42.2,,NIFTY
2022-11-28 10:13:53,18650,PE,BUY,135.2,,NIFTY
2022-11-28 10:13:59,18650,CE,SELL,42.25,0.04999999999999716,NIFTY
2022-11-28 10:13:59,18650,PE,SELL,135.0,-0.19999999999998863,NIFTY
2022-11-28 10:13:59,18700,CE,BUY,27.2,,NIFTY
2022-11-28 10:13:59,18700,PE,BUY,170.3,,NIFTY
2022-11-28 10:14:02,18700,CE,SELL,27.25,0.05000000000000071,NIFTY
2022-11-28 10:14:02,18700,PE,SELL,170.3,0.0,NIFTY
2022-11-28 10:14:02,18650,CE,BUY,42.35,,NIFTY
2022-11-28 10:14:02,18650,PE,BUY,134.7,,NIFTY
2022-11-28 10:14:04,18650,CE,SELL,42.3,-0.05000000000000426,NIFTY
2022-11-28 10:14:04,18650,PE,SELL,134.8,0.10000000000002274,NIFTY
2022-11-28 10:14:04,18700,CE,BUY,27.25,,NIFTY
2022-11-28 10:14:04,18700,PE,BUY,169.9,,NIFTY
2022-11-28 10:14:10,18700,CE,SELL,27.0,-0.25,NIFTY
2022-11-28 10:14:10,18700,PE,SELL,170.7,0.799999999999983,NIFTY
2022-11-28 10:14:10,18650,CE,BUY,42.1,,NIFTY
2022-11-28 10:14:10,18650,PE,BUY,135.15,,NIFTY
2022-11-28 10:14:13,18650,CE,SELL,42.0,-0.10000000000000142,NIFTY
2022-11-28 10:14:13,18650,PE,SELL,134.65,-0.5,NIFTY
2022-11-28 10:14:13,18700,CE,BUY,26.95,,NIFTY
2022-11-28 10:14:13,18700,PE,BUY,170.0,,NIFTY
2022-11-28 10:14:17,18700,CE,SELL,26.85,-0.09999999999999787,NIFTY
2022-11-28 10:14:17,18700,PE,SELL,170.05,0.05000000000001137,NIFTY
2022-11-28 10:14:17,18650,CE,BUY,41.75,,NIFTY
2022-11-28 10:14:17,18650,PE,BUY,135.0,,NIFTY
2022-11-28 10:14:46,18650,CE,SELL,41.85,0.10000000000000142,NIFTY
2022-11-28 10:14:46,18650,PE,SELL,135.4,0.4000000000000057,NIFTY
2022-11-28 10:14:46,18700,CE,BUY,26.8,,NIFTY
2022-11-28 10:14:46,18700,PE,BUY,170.7,,NIFTY
2022-11-28 10:14:49,18700,CE,SELL,26.65,-0.15000000000000213,NIFTY
2022-11-28 10:14:49,18700,PE,SELL,171.2,0.5,NIFTY
2022-11-28 10:14:49,18650,CE,BUY,41.5,,NIFTY
2022-11-28 10:14:49,18650,PE,BUY,135.4,,NIFTY
2022-11-28 10:15:14,18650,CE,SELL,42.05,0.5499999999999972,NIFTY
2022-11-28 10:15:14,18650,PE,SELL,134.35,-1.0500000000000114,NIFTY
2022-11-28 10:15:14,18700,CE,BUY,27.05,,NIFTY
2022-11-28 10:15:14,18700,PE,BUY,169.85,,NIFTY
2022-11-28 10:15:40,18700,CE,SELL,27.25,0.1999999999999993,NIFTY
2022-11-28 10:15:40,18700,PE,SELL,168.95,-0.9000000000000057,NIFTY
2022-11-28 10:15:40,18650,CE,BUY,42.25,,NIFTY
2022-11-28 10:15:40,18650,PE,BUY,134.4,,NIFTY
2022-11-28 10:15:44,18650,CE,SELL,42.35,0.10000000000000142,NIFTY
2022-11-28 10:15:44,18650,PE,SELL,134.1,-0.30000000000001137,NIFTY
2022-11-28 10:15:44,18700,CE,BUY,27.25,,NIFTY
2022-11-28 10:15:44,18700,PE,BUY,169.0,,NIFTY
2022-11-28 10:16:27,18700,CE,SELL,27.5,0.25,NIFTY
2022-11-28 10:16:27,18700,PE,SELL,168.5,-0.5,NIFTY
2022-11-28 10:16:27,18650,CE,BUY,42.65,,NIFTY
2022-11-28 10:16:27,18650,PE,BUY,133.6,,NIFTY
2022-11-28 10:16:29,18650,CE,SELL,43.0,0.3500000000000014,NIFTY
2022-11-28 10:16:29,18650,PE,SELL,133.25,-0.3499999999999943,NIFTY
2022-11-28 10:16:29,18700,CE,BUY,27.75,,NIFTY
2022-11-28 10:16:29,18700,PE,BUY,168.0,,NIFTY
2022-11-28 10:16:41,18700,CE,SELL,27.45,-0.3000000000000007,NIFTY
2022-11-28 10:16:41,18700,PE,SELL,168.8,0.8000000000000114,NIFTY
2022-11-28 10:16:41,18650,CE,BUY,42.7,,NIFTY
2022-11-28 10:16:41,18650,PE,BUY,134.0,,NIFTY
2022-11-28 10:16:42,18650,CE,SELL,42.7,0.0,NIFTY
2022-11-28 10:16:42,18650,PE,SELL,134.0,0.0,NIFTY
2022-11-28 10:16:42,18700,CE,BUY,27.45,,NIFTY
2022-11-28 10:16:42,18700,PE,BUY,169.0,,NIFTY
2022-11-28 10:16:52,18700,CE,SELL,27.0,-0.4499999999999993,NIFTY
2022-11-28 10:16:52,18700,PE,SELL,170.35,1.3499999999999943,NIFTY
2022-11-28 10:16:52,18650,CE,BUY,42.05,,NIFTY
2022-11-28 10:16:52,18650,PE,BUY,135.5,,NIFTY
2022-11-28 10:16:55,18650,CE,SELL,42.25,0.20000000000000284,NIFTY
2022-11-28 10:16:55,18650,PE,SELL,134.8,-0.6999999999999886,NIFTY
2022-11-28 10:16:55,18700,CE,BUY,27.25,,NIFTY
2022-11-28 10:16:55,18700,PE,BUY,169.7,,NIFTY
2022-11-28 10:17:43,18700,CE,SELL,26.9,-0.3500000000000014,NIFTY
2022-11-28 10:17:43,18700,PE,SELL,170.95,1.25,NIFTY
2022-11-28 10:17:43,18650,CE,BUY,41.7,,NIFTY
2022-11-28 10:17:43,18650,PE,BUY,135.85,,NIFTY
2022-11-28 10:17:57,18650,CE,SELL,42.0,0.29999999999999716,NIFTY
2022-11-28 10:17:57,18650,PE,SELL,135.5,-0.3499999999999943,NIFTY
2022-11-28 10:17:57,18700,CE,BUY,27.15,,NIFTY
2022-11-28 10:17:57,18700,PE,BUY,170.5,,NIFTY
2022-11-28 10:20:40,18700,CE,SELL,27.0,-0.14999999999999858,NIFTY
2022-11-28 10:20:40,18700,PE,SELL,170.55,0.05000000000001137,NIFTY
2022-11-28 10:20:40,18650,CE,BUY,42.0,,NIFTY
2022-11-28 10:20:40,18650,PE,BUY,135.75,,NIFTY
2022-11-28 10:22:32,18650,CE,SELL,42.6,0.6000000000000014,NIFTY
2022-11-28 10:22:32,18650,PE,SELL,134.15,-1.5999999999999943,NIFTY
2022-11-28 10:22:32,18700,CE,BUY,27.5,,NIFTY
2022-11-28 10:22:32,18700,PE,BUY,169.0,,NIFTY
2022-11-28 10:32:05,18700,CE,SELL,26.7,-0.8000000000000007,NIFTY
2022-11-28 10:32:05,18700,PE,SELL,169.45,0.44999999999998863,NIFTY
2022-11-28 10:32:05,18650,CE,BUY,41.65,,NIFTY
2022-11-28 10:32:05,18650,PE,BUY,134.6,,NIFTY
2022-11-28 10:32:12,18650,CE,SELL,42.0,0.3500000000000014,NIFTY
2022-11-28 10:32:12,18650,PE,SELL,134.0,-0.5999999999999943,NIFTY
2022-11-28 10:32:12,18700,CE,BUY,27.0,,NIFTY
2022-11-28 10:32:12,18700,PE,BUY,169.05,,NIFTY
2022-11-28 10:32:14,18700,CE,SELL,26.9,-0.10000000000000142,NIFTY
2022-11-28 10:32:14,18700,PE,SELL,169.1,0.04999999999998295,NIFTY
2022-11-28 10:32:14,18650,CE,BUY,42.1,,NIFTY
2022-11-28 10:32:14,18650,PE,BUY,134.0,,NIFTY
2022-11-28 10:32:23,18650,CE,SELL,42.65,0.5499999999999972,NIFTY
2022-11-28 10:32:23,18650,PE,SELL,133.1,-0.9000000000000057,NIFTY
2022-11-28 10:32:23,18700,CE,BUY,27.3,,NIFTY
2022-11-28 10:32:23,18700,PE,BUY,167.65,,NIFTY
2022-11-28 10:32:25,18700,CE,SELL,27.3,0.0,NIFTY
2022-11-28 10:32:25,18700,PE,SELL,168.0,0.3499999999999943,NIFTY
2022-11-28 10:32:25,18650,CE,BUY,42.4,,NIFTY
2022-11-28 10:32:25,18650,PE,BUY,133.2,,NIFTY
2022-11-28 10:32:27,18650,CE,SELL,42.5,0.10000000000000142,NIFTY
2022-11-28 10:32:27,18650,PE,SELL,132.75,-0.44999999999998863,NIFTY
2022-11-28 10:32:27,18700,CE,BUY,27.4,,NIFTY
2022-11-28 10:32:27,18700,PE,BUY,167.8,,NIFTY
2022-11-28 10:32:35,18700,CE,SELL,27.7,0.3000000000000007,NIFTY
2022-11-28 10:32:35,18700,PE,SELL,167.05,-0.75,NIFTY
2022-11-28 10:32:35,18650,CE,BUY,42.9,,NIFTY
2022-11-28 10:32:35,18650,PE,BUY,132.65,,NIFTY
2022-11-28 10:32:36,18650,CE,SELL,42.8,-0.10000000000000142,NIFTY
2022-11-28 10:32:36,18650,PE,SELL,132.6,-0.05000000000001137,NIFTY
2022-11-28 10:32:36,18700,CE,BUY,27.6,,NIFTY
2022-11-28 10:32:36,18700,PE,BUY,167.3,,NIFTY
2022-11-28 10:32:41,18700,CE,SELL,27.5,-0.10000000000000142,NIFTY
2022-11-28 10:32:41,18700,PE,SELL,167.35,0.04999999999998295,NIFTY
2022-11-28 10:32:41,18650,CE,BUY,42.9,,NIFTY
2022-11-28 10:32:41,18650,PE,BUY,132.7,,NIFTY
2022-11-28 10:32:43,18650,CE,SELL,42.85,-0.04999999999999716,NIFTY
2022-11-28 10:32:43,18650,PE,SELL,132.95,0.25,NIFTY
2022-11-28 10:32:43,18700,CE,BUY,27.55,,NIFTY
2022-11-28 10:32:43,18700,PE,BUY,167.85,,NIFTY
2022-11-28 10:33:12,18700,CE,SELL,27.65,0.09999999999999787,NIFTY
2022-11-28 10:33:12,18700,PE,SELL,167.4,-0.44999999999998863,NIFTY
2022-11-28 10:33:12,18650,CE,BUY,43.0,,NIFTY
2022-11-28 10:33:12,18650,PE,BUY,132.6,,NIFTY
2022-11-28 10:36:10,18650,CE,SELL,42.05,-0.9500000000000028,NIFTY
2022-11-28 10:36:10,18650,PE,SELL,133.35,0.75,NIFTY
2022-11-28 10:36:10,18700,CE,BUY,26.9,,NIFTY
2022-11-28 10:36:10,18700,PE,BUY,168.05,,NIFTY
2022-11-28 10:36:11,18700,CE,SELL,26.9,0.0,NIFTY
2022-11-28 10:36:11,18700,PE,SELL,168.15,0.09999999999999432,NIFTY
2022-11-28 10:36:11,18650,CE,BUY,41.95,,NIFTY
2022-11-28 10:36:11,18650,PE,BUY,133.25,,NIFTY
2022-11-28 10:36:23,18650,CE,SELL,42.05,0.09999999999999432,NIFTY
2022-11-28 10:36:23,18650,PE,SELL,133.75,0.5,NIFTY
2022-11-28 10:36:23,18700,CE,BUY,26.95,,NIFTY
2022-11-28 10:36:23,18700,PE,BUY,168.35,,NIFTY
2022-11-28 10:37:09,18700,CE,SELL,26.85,-0.09999999999999787,NIFTY
2022-11-28 10:37:09,18700,PE,SELL,169.0,0.6500000000000057,NIFTY
2022-11-28 10:37:09,18650,CE,BUY,41.95,,NIFTY
2022-11-28 10:37:09,18650,PE,BUY,134.15,,NIFTY
2022-11-28 10:37:13,18650,CE,SELL,41.9,-0.05000000000000426,NIFTY
2022-11-28 10:37:13,18650,PE,SELL,134.7,0.549999999999983,NIFTY
2022-11-28 10:37:13,18700,CE,BUY,26.85,,NIFTY
2022-11-28 10:37:13,18700,PE,BUY,169.25,,NIFTY
2022-11-28 10:37:14,18700,CE,SELL,26.7,-0.15000000000000213,NIFTY
2022-11-28 10:37:14,18700,PE,SELL,170.2,0.9499999999999886,NIFTY
2022-11-28 10:37:14,18650,CE,BUY,41.65,,NIFTY
2022-11-28 10:37:14,18650,PE,BUY,135.0,,NIFTY
2022-11-28 10:39:29,18650,CE,SELL,42.55,0.8999999999999986,NIFTY
2022-11-28 10:39:29,18650,PE,SELL,133.25,-1.75,NIFTY
2022-11-28 10:39:29,18700,CE,BUY,27.25,,NIFTY
2022-11-28 10:39:29,18700,PE,BUY,168.0,,NIFTY
2022-11-28 10:47:42,18700,CE,SELL,26.35,-0.8999999999999986,NIFTY
2022-11-28 10:47:42,18700,PE,SELL,170.5,2.5,NIFTY
2022-11-28 10:47:42,18650,CE,BUY,41.3,,NIFTY
2022-11-28 10:47:42,18650,PE,BUY,135.8,,NIFTY
2022-11-28 10:47:54,18650,CE,SELL,42.2,0.9000000000000057,NIFTY
2022-11-28 10:47:54,18650,PE,SELL,133.7,-2.1000000000000227,NIFTY
2022-11-28 10:47:54,18700,CE,BUY,27.0,,NIFTY
2022-11-28 10:47:54,18700,PE,BUY,168.5,,NIFTY
2022-11-28 10:48:02,18700,CE,SELL,26.9,-0.10000000000000142,NIFTY
2022-11-28 10:48:02,18700,PE,SELL,168.4,-0.09999999999999432,NIFTY
2022-11-28 10:48:02,18650,CE,BUY,42.05,,NIFTY
2022-11-28 10:48:02,18650,PE,BUY,133.6,,NIFTY
2022-11-28 10:48:06,18650,CE,SELL,42.0,-0.04999999999999716,NIFTY
2022-11-28 10:48:06,18650,PE,SELL,133.3,-0.29999999999998295,NIFTY
2022-11-28 10:48:06,18700,CE,BUY,26.95,,NIFTY
2022-11-28 10:48:06,18700,PE,BUY,168.6,,NIFTY
2022-11-28 10:48:09,18700,CE,SELL,27.0,0.05000000000000071,NIFTY
2022-11-28 10:48:09,18700,PE,SELL,168.65,0.05000000000001137,NIFTY
2022-11-28 10:48:09,18650,CE,BUY,42.25,,NIFTY
2022-11-28 10:48:09,18650,PE,BUY,133.6,,NIFTY
2022-11-28 10:48:12,18650,CE,SELL,42.35,0.10000000000000142,NIFTY
2022-11-28 10:48:12,18650,PE,SELL,132.75,-0.8499999999999943,NIFTY
2022-11-28 10:48:12,18700,CE,BUY,27.15,,NIFTY
2022-11-28 10:48:12,18700,PE,BUY,167.55,,NIFTY
2022-11-28 10:48:23,18700,CE,SELL,26.8,-0.34999999999999787,NIFTY
2022-11-28 10:48:23,18700,PE,SELL,168.6,1.049999999999983,NIFTY
2022-11-28 10:48:23,18650,CE,BUY,41.85,,NIFTY
2022-11-28 10:48:23,18650,PE,BUY,133.6,,NIFTY
2022-11-28 10:48:26,18650,CE,SELL,41.95,0.10000000000000142,NIFTY
2022-11-28 10:48:26,18650,PE,SELL,133.35,-0.25,NIFTY
2022-11-28 10:48:26,18700,CE,BUY,26.7,,NIFTY
2022-11-28 10:48:26,18700,PE,BUY,168.7,,NIFTY
2022-11-28 10:48:29,18700,CE,SELL,26.95,0.25,NIFTY
2022-11-28 10:48:29,18700,PE,SELL,168.4,-0.29999999999998295,NIFTY
2022-11-28 10:48:29,18650,CE,BUY,42.1,,NIFTY
2022-11-28 10:48:29,18650,PE,BUY,133.35,,NIFTY
2022-11-28 10:48:32,18650,CE,SELL,42.15,0.04999999999999716,NIFTY
2022-11-28 10:48:32,18650,PE,SELL,133.2,-0.15000000000000568,NIFTY
2022-11-28 10:48:32,18700,CE,BUY,27.0,,NIFTY
2022-11-28 10:48:32,18700,PE,BUY,168.35,,NIFTY
2022-11-28 12:08:09,18700,CE,SELL,41.7,14.700000000000003,NIFTY
2022-11-28 12:08:09,18700,PE,SELL,135.85,-32.5,NIFTY
2022-11-28 12:08:09,18750,CE,BUY,26.7,,NIFTY
2022-11-28 12:08:09,18750,PE,BUY,170.5,,NIFTY
2022-11-28 12:08:13,18750,CE,SELL,26.5,-0.1999999999999993,NIFTY
2022-11-28 12:08:13,18750,PE,SELL,171.5,1.0,NIFTY
2022-11-28 12:08:13,18700,CE,BUY,41.3,,NIFTY
2022-11-28 12:08:13,18700,PE,BUY,136.15,,NIFTY
2022-11-28 12:08:14,18700,CE,SELL,41.45,0.15000000000000568,NIFTY
2022-11-28 12:08:14,18700,PE,SELL,136.15,0.0,NIFTY
2022-11-28 12:08:14,18750,CE,BUY,26.6,,NIFTY
2022-11-28 12:08:14,18750,PE,BUY,171.5,,NIFTY
2022-11-28 12:08:17,18750,CE,SELL,26.25,-0.3500000000000014,NIFTY
2022-11-28 12:08:17,18750,PE,SELL,172.1,0.5999999999999943,NIFTY
2022-11-28 12:08:17,18700,CE,BUY,40.95,,NIFTY
2022-11-28 12:08:17,18700,PE,BUY,136.6,,NIFTY
2022-11-28 12:08:25,18700,CE,SELL,40.75,-0.20000000000000284,NIFTY
2022-11-28 12:08:25,18700,PE,SELL,137.45,0.8499999999999943,NIFTY
2022-11-28 12:08:25,18750,CE,BUY,26.1,,NIFTY
2022-11-28 12:08:25,18750,PE,BUY,172.5,,NIFTY
2022-11-28 12:08:27,18750,CE,SELL,25.7,-0.40000000000000213,NIFTY
2022-11-28 12:08:27,18750,PE,SELL,173.3,0.8000000000000114,NIFTY
2022-11-28 12:08:27,18700,CE,BUY,40.35,,NIFTY
2022-11-28 12:08:27,18700,PE,BUY,138.05,,NIFTY
2022-11-28 12:09:02,18700,CE,SELL,41.05,0.6999999999999957,NIFTY
2022-11-28 12:09:02,18700,PE,SELL,136.2,-1.8500000000000227,NIFTY
2022-11-28 12:09:02,18750,CE,BUY,26.25,,NIFTY
2022-11-28 12:09:02,18750,PE,BUY,172.1,,NIFTY
2022-11-28 12:09:03,18750,CE,SELL,26.3,0.05000000000000071,NIFTY
2022-11-28 12:09:03,18750,PE,SELL,172.1,0.0,NIFTY
2022-11-28 12:09:03,18700,CE,BUY,41.15,,NIFTY
2022-11-28 12:09:03,18700,PE,BUY,136.15,,NIFTY
2022-11-28 12:09:16,18700,CE,SELL,41.4,0.25,NIFTY
2022-11-28 12:09:16,18700,PE,SELL,135.95,-0.20000000000001705,NIFTY
2022-11-28 12:09:16,18750,CE,BUY,26.4,,NIFTY
2022-11-28 12:09:16,18750,PE,BUY,171.15,,NIFTY
2022-11-28 12:09:22,18750,CE,SELL,26.45,0.05000000000000071,NIFTY
2022-11-28 12:09:22,18750,PE,SELL,171.65,0.5,NIFTY
2022-11-28 12:09:22,18700,CE,BUY,41.4,,NIFTY
2022-11-28 12:09:22,18700,PE,BUY,136.0,,NIFTY
2022-11-28 12:09:26,18700,CE,SELL,41.45,0.05000000000000426,NIFTY
2022-11-28 12:09:26,18700,PE,SELL,136.0,0.0,NIFTY
2022-11-28 12:09:26,18750,CE,BUY,26.75,,NIFTY
2022-11-28 12:09:26,18750,PE,BUY,171.55,,NIFTY
2022-11-28 12:10:30,18750,CE,SELL,25.95,-0.8000000000000007,NIFTY
2022-11-28 12:10:30,18750,PE,SELL,171.7,0.14999999999997726,NIFTY
2022-11-28 12:10:30,18700,CE,BUY,40.7,,NIFTY
2022-11-28 12:10:30,18700,PE,BUY,137.15,,NIFTY
2022-11-28 12:10:31,18700,CE,SELL,40.7,0.0,NIFTY
2022-11-28 12:10:31,18700,PE,SELL,137.15,0.0,NIFTY
2022-11-28 12:10:31,18750,CE,BUY,26.05,,NIFTY
2022-11-28 12:10:31,18750,PE,BUY,172.5,,NIFTY
2022-11-28 12:10:35,18750,CE,SELL,25.75,-0.3000000000000007,NIFTY
2022-11-28 12:10:35,18750,PE,SELL,172.35,-0.15000000000000568,NIFTY
2022-11-28 12:10:35,18700,CE,BUY,40.4,,NIFTY
2022-11-28 12:10:35,18700,PE,BUY,137.25,,NIFTY
2022-11-28 12:10:36,18700,CE,SELL,40.4,0.0,NIFTY
2022-11-28 12:10:36,18700,PE,SELL,137.5,0.25,NIFTY
2022-11-28 12:10:36,18750,CE,BUY,25.65,,NIFTY
2022-11-28 12:10:36,18750,PE,BUY,172.35,,NIFTY
2022-11-28 12:10:40,18750,CE,SELL,25.85,0.20000000000000284,NIFTY
2022-11-28 12:10:40,18750,PE,SELL,173.4,1.0500000000000114,NIFTY
2022-11-28 12:10:40,18700,CE,BUY,40.5,,NIFTY
2022-11-28 12:10:40,18700,PE,BUY,137.5,,NIFTY
2022-11-28 12:10:41,18700,CE,SELL,40.55,0.04999999999999716,NIFTY
2022-11-28 12:10:41,18700,PE,SELL,137.35,-0.15000000000000568,NIFTY
2022-11-28 12:10:41,18750,CE,BUY,25.8,,NIFTY
2022-11-28 12:10:41,18750,PE,BUY,173.4,,NIFTY
2022-11-28 12:10:44,18750,CE,SELL,25.85,0.05000000000000071,NIFTY
2022-11-28 12:10:44,18750,PE,SELL,172.3,-1.0999999999999943,NIFTY
2022-11-28 12:10:44,18700,CE,BUY,40.65,,NIFTY
2022-11-28 12:10:44,18700,PE,BUY,137.1,,NIFTY
2022-11-28 12:10:53,18700,CE,SELL,40.5,-0.14999999999999858,NIFTY
2022-11-28 12:10:53,18700,PE,SELL,137.45,0.3499999999999943,NIFTY
2022-11-28 12:10:53,18750,CE,BUY,25.8,,NIFTY
2022-11-28 12:10:53,18750,PE,BUY,172.55,,NIFTY
2022-11-28 12:10:55,18750,CE,SELL,25.9,0.09999999999999787,NIFTY
2022-11-28 12:10:55,18750,PE,SELL,172.55,0.0,NIFTY
2022-11-28 12:10:55,18700,CE,BUY,40.5,,NIFTY
2022-11-28 12:10:55,18700,PE,BUY,137.25,,NIFTY
2022-11-28 12:14:06,18700,CE,SELL,41.25,0.75,NIFTY
2022-11-28 12:14:06,18700,PE,SELL,136.2,-1.0500000000000114,NIFTY
2022-11-28 12:14:06,18750,CE,BUY,26.35,,NIFTY
2022-11-28 12:14:06,18750,PE,BUY,171.35,,NIFTY
2022-11-28 12:14:18,18750,CE,SELL,26.55,0.1999999999999993,NIFTY
2022-11-28 12:14:18,18750,PE,SELL,171.3,-0.04999999999998295,NIFTY
2022-11-28 12:14:18,18700,CE,BUY,41.7,,NIFTY
2022-11-28 12:14:18,18700,PE,BUY,136.1,,NIFTY
2022-11-28 12:14:19,18700,CE,SELL,41.75,0.04999999999999716,NIFTY
2022-11-28 12:14:19,18700,PE,SELL,136.2,0.09999999999999432,NIFTY
2022-11-28 12:14:19,18750,CE,BUY,26.7,,NIFTY
2022-11-28 12:14:19,18750,PE,BUY,171.45,,NIFTY
2022-11-28 12:14:20,18750,CE,SELL,26.6,-0.09999999999999787,NIFTY
2022-11-28 12:14:20,18750,PE,SELL,171.45,0.0,NIFTY
2022-11-28 12:14:20,18700,CE,BUY,41.8,,NIFTY
2022-11-28 12:14:20,18700,PE,BUY,136.6,,NIFTY
2022-11-28 12:14:21,18700,CE,SELL,41.55,-0.25,NIFTY
2022-11-28 12:14:21,18700,PE,SELL,136.75,0.15000000000000568,NIFTY
2022-11-28 12:14:21,18750,CE,BUY,26.65,,NIFTY
2022-11-28 12:14:21,18750,PE,BUY,171.45,,NIFTY
2022-11-28 12:16:17,18750,CE,SELL,26.2,-0.4499999999999993,NIFTY
2022-11-28 12:16:17,18750,PE,SELL,171.5,0.05000000000001137,NIFTY
2022-11-28 12:16:17,18700,CE,BUY,40.95,,NIFTY
2022-11-28 12:16:17,18700,PE,BUY,137.05,,NIFTY
2022-11-28 12:16:20,18700,CE,SELL,40.85,-0.10000000000000142,NIFTY
2022-11-28 12:16:20,18700,PE,SELL,136.85,-0.20000000000001705,NIFTY
2022-11-28 12:16:20,18750,CE,BUY,26.0,,NIFTY
2022-11-28 12:16:20,18750,PE,BUY,171.5,,NIFTY
2022-11-28 12:16:50,18750,CE,SELL,25.65,-0.3500000000000014,NIFTY
2022-11-28 12:16:50,18750,PE,SELL,174.0,2.5,NIFTY
2022-11-28 12:16:50,18700,CE,BUY,40.3,,NIFTY
2022-11-28 12:16:50,18700,PE,BUY,138.4,,NIFTY
2022-11-28 12:16:52,18700,CE,SELL,40.3,0.0,NIFTY
2022-11-28 12:16:52,18700,PE,SELL,138.0,-0.4000000000000057,NIFTY
2022-11-28 12:16:52,18750,CE,BUY,25.8,,NIFTY
2022-11-28 12:16:52,18750,PE,BUY,173.3,,NIFTY
2022-11-28 12:16:53,18750,CE,SELL,25.45,-0.3500000000000014,NIFTY
2022-11-28 12:16:53,18750,PE,SELL,174.0,0.6999999999999886,NIFTY
2022-11-28 12:16:53,18700,CE,BUY,40.05,,NIFTY
2022-11-28 12:16:53,18700,PE,BUY,138.75,,NIFTY
2022-11-28 12:18:39,18700,CE,SELL,41.05,1.0,NIFTY
2022-11-28 12:18:39,18700,PE,SELL,137.15,-1.5999999999999943,NIFTY
2022-11-28 12:18:39,18750,CE,BUY,26.25,,NIFTY
2022-11-28 12:18:39,18750,PE,BUY,173.5,,NIFTY
2022-11-28 12:19:37,18750,CE,SELL,26.05,-0.1999999999999993,NIFTY
2022-11-28 12:19:37,18750,PE,SELL,172.9,-0.5999999999999943,NIFTY
2022-11-28 12:19:37,18700,CE,BUY,40.85,,NIFTY
2022-11-28 12:19:37,18700,PE,BUY,137.65,,NIFTY
2022-11-28 12:19:41,18700,CE,SELL,40.6,-0.25,NIFTY
2022-11-28 12:19:41,18700,PE,SELL,138.1,0.44999999999998863,NIFTY
2022-11-28 12:19:41,18750,CE,BUY,25.95,,NIFTY
2022-11-28 12:19:41,18750,PE,BUY,173.55,,NIFTY
2022-11-28 12:19:44,18750,CE,SELL,25.95,0.0,NIFTY
2022-11-28 12:19:44,18750,PE,SELL,173.2,-0.35000000000002274,NIFTY
2022-11-28 12:19:44,18700,CE,BUY,40.75,,NIFTY
2022-11-28 12:19:44,18700,PE,BUY,138.1,,NIFTY
2022-11-28 12:19:46,18700,CE,SELL,40.95,0.20000000000000284,NIFTY
2022-11-28 12:19:46,18700,PE,SELL,137.7,-0.4000000000000057,NIFTY
2022-11-28 12:19:46,18750,CE,BUY,26.2,,NIFTY
2022-11-28 12:19:46,18750,PE,BUY,173.1,,NIFTY
2022-11-28 12:19:50,18750,CE,SELL,25.85,-0.34999999999999787,NIFTY
2022-11-28 12:19:50,18750,PE,SELL,174.3,1.200000000000017,NIFTY
2022-11-28 12:19:50,18700,CE,BUY,40.45,,NIFTY
2022-11-28 12:19:50,18700,PE,BUY,138.7,,NIFTY
2022-11-28 12:28:21,18700,CE,SELL,40.45,0.0,NIFTY
2022-11-28 12:28:21,18700,PE,SELL,136.8,-1.8999999999999773,NIFTY
2022-11-28 12:28:21,18750,CE,BUY,25.9,,NIFTY
2022-11-28 12:28:21,18750,PE,BUY,172.0,,NIFTY
2022-11-28 12:28:22,18750,CE,SELL,25.8,-0.09999999999999787,NIFTY
2022-11-28 12:28:22,18750,PE,SELL,172.0,0.0,NIFTY
2022-11-28 12:28:22,18700,CE,BUY,40.55,,NIFTY
2022-11-28 12:28:22,18700,PE,BUY,136.75,,NIFTY
2022-11-28 12:28:25,18700,CE,SELL,40.5,-0.04999999999999716,NIFTY
2022-11-28 12:28:25,18700,PE,SELL,137.2,0.44999999999998863,NIFTY
2022-11-28 12:28:25,18750,CE,BUY,25.8,,NIFTY
2022-11-28 12:28:25,18750,PE,BUY,172.3,,NIFTY
2022-11-28 12:30:31,18750,CE,SELL,25.65,-0.15000000000000213,NIFTY
2022-11-28 12:30:31,18750,PE,SELL,171.6,-0.700000000000017,NIFTY
2022-11-28 12:30:31,18700,CE,BUY,40.75,,NIFTY
2022-11-28 12:30:31,18700,PE,BUY,135.95,,NIFTY
2022-11-28 12:30:36,18700,CE,SELL,40.05,-0.7000000000000028,NIFTY
2022-11-28 12:30:36,18700,PE,SELL,137.0,1.0500000000000114,NIFTY
2022-11-28 12:30:36,18750,CE,BUY,25.45,,NIFTY
2022-11-28 12:30:36,18750,PE,BUY,172.55,,NIFTY
2022-11-28 12:30:37,18750,CE,SELL,25.5,0.05000000000000071,NIFTY
2022-11-28 12:30:37,18750,PE,SELL,172.35,-0.20000000000001705,NIFTY
2022-11-28 12:30:37,18700,CE,BUY,40.05,,NIFTY
2022-11-28 12:30:37,18700,PE,BUY,136.9,,NIFTY
2022-11-28 12:31:16,18700,CE,SELL,41.2,1.1500000000000057,NIFTY
2022-11-28 12:31:16,18700,PE,SELL,135.45,-1.450000000000017,NIFTY
2022-11-28 12:31:16,18750,CE,BUY,26.15,,NIFTY
2022-11-28 12:31:16,18750,PE,BUY,171.5,,NIFTY
2022-11-28 12:31:19,18750,CE,SELL,26.0,-0.14999999999999858,NIFTY
2022-11-28 12:31:19,18750,PE,SELL,170.6,-0.9000000000000057,NIFTY
2022-11-28 12:31:19,18700,CE,BUY,41.15,,NIFTY
2022-11-28 12:31:19,18700,PE,BUY,136.05,,NIFTY
2022-11-28 12:31:21,18700,CE,SELL,41.35,0.20000000000000284,NIFTY
2022-11-28 12:31:21,18700,PE,SELL,135.75,-0.30000000000001137,NIFTY
2022-11-28 12:31:21,18750,CE,BUY,26.3,,NIFTY
2022-11-28 12:31:21,18750,PE,BUY,170.4,,NIFTY
2022-11-28 12:32:35,18750,CE,SELL,25.95,-0.3500000000000014,NIFTY
2022-11-28 12:32:35,18750,PE,SELL,171.0,0.5999999999999943,NIFTY
2022-11-28 12:32:35,18700,CE,BUY,40.9,,NIFTY
2022-11-28 12:32:35,18700,PE,BUY,135.8,,NIFTY
2022-11-28 12:32:40,18700,CE,SELL,40.7,-0.19999999999999574,NIFTY
2022-11-28 12:32:40,18700,PE,SELL,136.35,0.549999999999983,NIFTY
2022-11-28 12:32:40,18750,CE,BUY,25.9,,NIFTY
2022-11-28 12:32:40,18750,PE,BUY,171.5,,NIFTY
2022-11-28 12:32:47,18750,CE,SELL,25.85,-0.04999999999999716,NIFTY
2022-11-28 12:32:47,18750,PE,SELL,171.3,-0.19999999999998863,NIFTY
2022-11-28 12:32:47,18700,CE,BUY,40.6,,NIFTY
2022-11-28 12:32:47,18700,PE,BUY,136.75,,NIFTY
2022-11-28 12:32:59,18700,CE,SELL,40.95,0.3500000000000014,NIFTY
2022-11-28 12:32:59,18700,PE,SELL,135.85,-0.9000000000000057,NIFTY
2022-11-28 12:32:59,18750,CE,BUY,26.1,,NIFTY
2022-11-28 12:32:59,18750,PE,BUY,170.9,,NIFTY
2022-11-28 12:33:26,18750,CE,SELL,25.55,-0.5500000000000007,NIFTY
2022-11-28 12:33:26,18750,PE,SELL,173.15,2.25,NIFTY
2022-11-28 12:33:26,18700,CE,BUY,40.3,,NIFTY
2022-11-28 12:33:26,18700,PE,BUY,137.65,,NIFTY
2022-11-28 12:33:27,18700,CE,SELL,40.25,-0.04999999999999716,NIFTY
2022-11-28 12:33:27,18700,PE,SELL,137.65,0.0,NIFTY
2022-11-28 12:33:27,18750,CE,BUY,25.55,,NIFTY
2022-11-28 12:33:27,18750,PE,BUY,173.15,,NIFTY
2022-11-28 12:33:30,18750,CE,SELL,25.25,-0.3000000000000007,NIFTY
2022-11-28 12:33:30,18750,PE,SELL,173.6,0.44999999999998863,NIFTY
2022-11-28 12:33:30,18700,CE,BUY,39.85,,NIFTY
2022-11-28 12:33:30,18700,PE,BUY,138.05,,NIFTY
2022-11-28 12:54:56,18700,CE,SELL,41.5,1.6499999999999986,NIFTY
2022-11-28 12:54:56,18700,PE,SELL,133.05,-5.0,NIFTY
2022-11-28 12:54:56,18750,CE,BUY,26.35,,NIFTY
2022-11-28 12:54:56,18750,PE,BUY,168.0,,NIFTY
2022-11-28 12:55:09,18750,CE,SELL,25.85,-0.5,NIFTY
2022-11-28 12:55:09,18750,PE,SELL,169.4,1.4000000000000057,NIFTY
2022-11-28 12:55:09,18700,CE,BUY,40.95,,NIFTY
2022-11-28 12:55:09,18700,PE,BUY,134.85,,NIFTY
2022-11-28 12:55:11,18700,CE,SELL,40.9,-0.05000000000000426,NIFTY
2022-11-28 12:55:11,18700,PE,SELL,134.4,-0.44999999999998863,NIFTY
2022-11-28 12:55:11,18750,CE,BUY,25.85,,NIFTY
2022-11-28 12:55:11,18750,PE,BUY,169.4,,NIFTY
2022-11-28 12:55:19,18750,CE,SELL,25.8,-0.05000000000000071,NIFTY
2022-11-28 12:55:19,18750,PE,SELL,169.4,0.0,NIFTY
2022-11-28 12:55:19,18700,CE,BUY,40.85,,NIFTY
2022-11-28 12:55:19,18700,PE,BUY,134.45,,NIFTY
2022-11-28 12:55:20,18700,CE,SELL,40.6,-0.25,NIFTY
2022-11-28 12:55:20,18700,PE,SELL,135.2,0.75,NIFTY
2022-11-28 12:55:20,18750,CE,BUY,25.5,,NIFTY
2022-11-28 12:55:20,18750,PE,BUY,169.4,,NIFTY
2022-11-28 12:55:22,18750,CE,SELL,25.75,0.25,NIFTY
2022-11-28 12:55:22,18750,PE,SELL,170.1,0.6999999999999886,NIFTY
2022-11-28 12:55:22,18700,CE,BUY,40.6,,NIFTY
2022-11-28 12:55:22,18700,PE,BUY,135.1,,NIFTY
2022-11-28 12:55:23,18700,CE,SELL,40.6,0.0,NIFTY
2022-11-28 12:55:23,18700,PE,SELL,135.3,0.20000000000001705,NIFTY
2022-11-28 12:55:23,18750,CE,BUY,25.7,,NIFTY
2022-11-28 12:55:23,18750,PE,BUY,170.35,,NIFTY
2022-11-28 12:55:42,18750,CE,SELL,25.65,-0.05000000000000071,NIFTY
2022-11-28 12:55:42,18750,PE,SELL,170.65,0.30000000000001137,NIFTY
2022-11-28 12:55:42,18700,CE,BUY,40.65,,NIFTY
2022-11-28 12:55:42,18700,PE,BUY,135.45,,NIFTY
2022-11-28 12:55:52,18700,CE,SELL,40.95,0.30000000000000426,NIFTY
2022-11-28 12:55:52,18700,PE,SELL,134.9,-0.549999999999983,NIFTY
2022-11-28 12:55:52,18750,CE,BUY,25.9,,NIFTY
2022-11-28 12:55:52,18750,PE,BUY,170.25,,NIFTY
2022-11-28 12:56:02,18750,CE,SELL,25.9,0.0,NIFTY
2022-11-28 12:56:02,18750,PE,SELL,169.8,-0.44999999999998863,NIFTY
2022-11-28 12:56:02,18700,CE,BUY,41.0,,NIFTY
2022-11-28 12:56:02,18700,PE,BUY,135.15,,NIFTY
2022-11-28 12:56:03,18700,CE,SELL,40.75,-0.25,NIFTY
2022-11-28 12:56:03,18700,PE,SELL,135.55,0.4000000000000057,NIFTY
2022-11-28 12:56:03,18750,CE,BUY,25.8,,NIFTY
2022-11-28 12:56:03,18750,PE,BUY,169.8,,NIFTY
2022-11-28 12:56:08,18750,CE,SELL,25.85,0.05000000000000071,NIFTY
2022-11-28 12:56:08,18750,PE,SELL,170.35,0.549999999999983,NIFTY
2022-11-28 12:56:08,18700,CE,BUY,41.0,,NIFTY
2022-11-28 12:56:08,18700,PE,BUY,135.5,,NIFTY
2022-11-28 12:56:09,18700,CE,SELL,40.95,-0.04999999999999716,NIFTY
2022-11-28 12:56:09,18700,PE,SELL,135.55,0.05000000000001137,NIFTY
2022-11-28 12:56:09,18750,CE,BUY,25.85,,NIFTY
2022-11-28 12:56:09,18750,PE,BUY,170.35,,NIFTY
2022-11-28 12:56:11,18750,CE,SELL,25.75,-0.10000000000000142,NIFTY
2022-11-28 12:56:11,18750,PE,SELL,170.35,0.0,NIFTY
2022-11-28 12:56:11,18700,CE,BUY,40.7,,NIFTY
2022-11-28 12:56:11,18700,PE,BUY,135.95,,NIFTY
2022-11-28 12:56:14,18700,CE,SELL,40.8,0.09999999999999432,NIFTY
2022-11-28 12:56:14,18700,PE,SELL,135.7,-0.25,NIFTY
2022-11-28 12:56:14,18750,CE,BUY,25.65,,NIFTY
2022-11-28 12:56:14,18750,PE,BUY,170.35,,NIFTY
2022-11-28 12:56:18,18750,CE,SELL,25.55,-0.09999999999999787,NIFTY
2022-11-28 12:56:18,18750,PE,SELL,171.0,0.6500000000000057,NIFTY
2022-11-28 12:56:18,18700,CE,BUY,40.35,,NIFTY
2022-11-28 12:56:18,18700,PE,BUY,136.25,,NIFTY
2022-11-28 12:56:25,18700,CE,SELL,40.2,-0.14999999999999858,NIFTY
2022-11-28 12:56:25,18700,PE,SELL,136.65,0.4000000000000057,NIFTY
2022-11-28 12:56:25,18750,CE,BUY,25.45,,NIFTY
2022-11-28 12:56:25,18750,PE,BUY,172.1,,NIFTY
2022-11-28 12:56:29,18750,CE,SELL,25.5,0.05000000000000071,NIFTY
2022-11-28 12:56:29,18750,PE,SELL,171.9,-0.19999999999998863,NIFTY
2022-11-28 12:56:29,18700,CE,BUY,40.2,,NIFTY
2022-11-28 12:56:29,18700,PE,BUY,136.55,,NIFTY
2022-11-28 12:56:58,18700,CE,SELL,40.9,0.6999999999999957,NIFTY
2022-11-28 12:56:58,18700,PE,SELL,135.8,-0.75,NIFTY
2022-11-28 12:56:58,18750,CE,BUY,26.0,,NIFTY
2022-11-28 12:56:58,18750,PE,BUY,171.0,,NIFTY
2022-11-28 12:56:59,18750,CE,SELL,26.0,0.0,NIFTY
2022-11-28 12:56:59,18750,PE,SELL,171.0,0.0,NIFTY
2022-11-28 12:56:59,18700,CE,BUY,41.0,,NIFTY
2022-11-28 12:56:59,18700,PE,BUY,135.5,,NIFTY
2022-11-28 12:57:01,18700,CE,SELL,41.05,0.04999999999999716,NIFTY
2022-11-28 12:57:01,18700,PE,SELL,135.35,-0.15000000000000568,NIFTY
2022-11-28 12:57:01,18750,CE,BUY,26.05,,NIFTY
2022-11-28 12:57:01,18750,PE,BUY,171.0,,NIFTY
2022-11-28 12:57:06,18750,CE,SELL,25.95,-0.10000000000000142,NIFTY
2022-11-28 12:57:06,18750,PE,SELL,170.85,-0.15000000000000568,NIFTY
2022-11-28 12:57:06,18700,CE,BUY,40.85,,NIFTY
2022-11-28 12:57:06,18700,PE,BUY,135.8,,NIFTY
2022-11-28 12:57:10,18700,CE,SELL,41.3,0.44999999999999574,NIFTY
2022-11-28 12:57:10,18700,PE,SELL,135.35,-0.45000000000001705,NIFTY
2022-11-28 12:57:10,18750,CE,BUY,26.15,,NIFTY
2022-11-28 12:57:10,18750,PE,BUY,170.0,,NIFTY
2022-11-28 12:58:43,18750,CE,SELL,25.75,-0.3999999999999986,NIFTY
2022-11-28 12:58:43,18750,PE,SELL,171.05,1.0500000000000114,NIFTY
2022-11-28 12:58:43,18700,CE,BUY,40.65,,NIFTY
2022-11-28 12:58:43,18700,PE,BUY,136.0,,NIFTY
2022-11-28 12:58:45,18700,CE,SELL,40.9,0.25,NIFTY
2022-11-28 12:58:45,18700,PE,SELL,135.6,-0.4000000000000057,NIFTY
2022-11-28 12:58:45,18750,CE,BUY,25.9,,NIFTY
2022-11-28 12:58:45,18750,PE,BUY,170.5,,NIFTY
2022-11-28 12:59:31,18750,CE,SELL,25.6,-0.29999999999999716,NIFTY
2022-11-28 12:59:31,18750,PE,SELL,171.65,1.1500000000000057,NIFTY
2022-11-28 12:59:31,18700,CE,BUY,40.55,,NIFTY
2022-11-28 12:59:31,18700,PE,BUY,136.5,,NIFTY
2022-11-28 12:59:36,18700,CE,SELL,40.9,0.3500000000000014,NIFTY
2022-11-28 12:59:36,18700,PE,SELL,135.9,-0.5999999999999943,NIFTY
2022-11-28 12:59:36,18750,CE,BUY,25.85,,NIFTY
2022-11-28 12:59:36,18750,PE,BUY,171.65,,NIFTY
2022-11-28 13:02:51,18750,CE,SELL,25.05,-0.8000000000000007,NIFTY
2022-11-28 13:02:51,18750,PE,SELL,172.4,0.75,NIFTY
2022-11-28 13:02:51,18700,CE,BUY,39.75,,NIFTY
2022-11-28 13:02:51,18700,PE,BUY,137.5,,NIFTY
2022-11-28 13:02:52,18700,CE,SELL,39.5,-0.25,NIFTY
2022-11-28 13:02:52,18700,PE,SELL,137.5,0.0,NIFTY
2022-11-28 13:02:52,18750,CE,BUY,24.85,,NIFTY
2022-11-28 13:02:52,18750,PE,BUY,172.4,,NIFTY
2022-11-28 13:02:53,18750,CE,SELL,25.0,0.14999999999999858,NIFTY
2022-11-28 13:02:53,18750,PE,SELL,172.4,0.0,NIFTY
2022-11-28 13:02:53,18700,CE,BUY,39.7,,NIFTY
2022-11-28 13:02:53,18700,PE,BUY,137.1,,NIFTY
2022-11-28 13:02:54,18700,CE,SELL,39.95,0.25,NIFTY
2022-11-28 13:02:54,18700,PE,SELL,137.0,-0.09999999999999432,NIFTY
2022-11-28 13:02:54,18750,CE,BUY,25.2,,NIFTY
2022-11-28 13:02:54,18750,PE,BUY,172.3,,NIFTY
2022-11-28 13:02:57,18750,CE,SELL,25.5,0.3000000000000007,NIFTY
2022-11-28 13:02:57,18750,PE,SELL,171.35,-0.950000000000017,NIFTY
2022-11-28 13:02:57,18700,CE,BUY,40.35,,NIFTY
2022-11-28 13:02:57,18700,PE,BUY,136.2,,NIFTY
2022-11-28 13:02:58,18700,CE,SELL,40.35,0.0,NIFTY
2022-11-28 13:02:58,18700,PE,SELL,136.6,0.4000000000000057,NIFTY
2022-11-28 13:02:58,18750,CE,BUY,25.5,,NIFTY
2022-11-28 13:02:58,18750,PE,BUY,171.6,,NIFTY
2022-11-28 13:11:10,18750,CE,SELL,25.55,0.05000000000000071,NIFTY
2022-11-28 13:11:10,18750,PE,SELL,171.45,-0.15000000000000568,NIFTY
2022-11-28 13:11:10,18700,CE,BUY,40.3,,NIFTY
2022-11-28 13:11:10,18700,PE,BUY,136.0,,NIFTY
2022-11-28 13:11:11,18700,CE,SELL,40.25,-0.04999999999999716,NIFTY
2022-11-28 13:11:11,18700,PE,SELL,136.35,0.3499999999999943,NIFTY
2022-11-28 13:11:11,18750,CE,BUY,25.45,,NIFTY
2022-11-28 13:11:11,18750,PE,BUY,171.4,,NIFTY
2022-11-28 13:17:41,18750,CE,SELL,25.95,0.5,NIFTY
2022-11-28 13:17:41,18750,PE,SELL,170.8,-0.5999999999999943,NIFTY
2022-11-28 13:17:41,18700,CE,BUY,40.75,,NIFTY
2022-11-28 13:17:41,18700,PE,BUY,135.9,,NIFTY
2022-11-28 13:17:44,18700,CE,SELL,41.05,0.29999999999999716,NIFTY
2022-11-28 13:17:44,18700,PE,SELL,135.35,-0.5500000000000114,NIFTY
2022-11-28 13:17:44,18750,CE,BUY,26.05,,NIFTY
2022-11-28 13:17:44,18750,PE,BUY,170.65,,NIFTY
2022-11-28 13:17:47,18750,CE,SELL,25.95,-0.10000000000000142,NIFTY
2022-11-28 13:17:47,18750,PE,SELL,170.5,-0.15000000000000568,NIFTY
2022-11-28 13:17:47,18700,CE,BUY,40.9,,NIFTY
2022-11-28 13:17:47,18700,PE,BUY,135.4,,NIFTY
2022-11-28 13:17:49,18700,CE,SELL,40.85,-0.04999999999999716,NIFTY
2022-11-28 13:17:49,18700,PE,SELL,135.55,0.15000000000000568,NIFTY
2022-11-28 13:17:49,18750,CE,BUY,25.85,,NIFTY
2022-11-28 13:17:49,18750,PE,BUY,170.7,,NIFTY
2022-11-28 13:17:55,18750,CE,SELL,25.9,0.04999999999999716,NIFTY
2022-11-28 13:17:55,18750,PE,SELL,171.5,0.8000000000000114,NIFTY
2022-11-28 13:17:55,18700,CE,BUY,40.7,,NIFTY
2022-11-28 13:17:55,18700,PE,BUY,136.2,,NIFTY
2022-11-28 13:36:04,18700,CE,SELL,41.0,0.29999999999999716,NIFTY
2022-11-28 13:36:04,18700,PE,SELL,134.4,-1.799999999999983,NIFTY
2022-11-28 13:36:04,18750,CE,BUY,26.15,,NIFTY
2022-11-28 13:36:04,18750,PE,BUY,169.4,,NIFTY
2022-11-28 13:36:10,18750,CE,SELL,25.9,-0.25,NIFTY
2022-11-28 13:36:10,18750,PE,SELL,169.8,0.4000000000000057,NIFTY
2022-11-28 13:36:10,18700,CE,BUY,40.75,,NIFTY
2022-11-28 13:36:10,18700,PE,BUY,135.45,,NIFTY
2022-11-28 13:36:13,18700,CE,SELL,40.9,0.14999999999999858,NIFTY
2022-11-28 13:36:13,18700,PE,SELL,135.05,-0.39999999999997726,NIFTY
2022-11-28 13:36:13,18750,CE,BUY,26.0,,NIFTY
2022-11-28 13:36:13,18750,PE,BUY,169.8,,NIFTY
2022-11-28 13:36:27,18750,CE,SELL,25.95,-0.05000000000000071,NIFTY
2022-11-28 13:36:27,18750,PE,SELL,170.4,0.5999999999999943,NIFTY
2022-11-28 13:36:27,18700,CE,BUY,40.9,,NIFTY
2022-11-28 13:36:27,18700,PE,BUY,135.55,,NIFTY
2022-11-28 13:36:36,18700,CE,SELL,41.3,0.3999999999999986,NIFTY
2022-11-28 13:36:36,18700,PE,SELL,134.85,-0.700000000000017,NIFTY
2022-11-28 13:36:36,18750,CE,BUY,26.15,,NIFTY
2022-11-28 13:36:36,18750,PE,BUY,170.35,,NIFTY
2022-11-28 13:36:51,18750,CE,SELL,25.95,-0.1999999999999993,NIFTY
2022-11-28 13:36:51,18750,PE,SELL,170.3,-0.04999999999998295,NIFTY
2022-11-28 13:36:51,18700,CE,BUY,40.8,,NIFTY
2022-11-28 13:36:51,18700,PE,BUY,135.75,,NIFTY
2022-11-28 13:36:55,18700,CE,SELL,40.85,0.05000000000000426,NIFTY
2022-11-28 13:36:55,18700,PE,SELL,135.75,0.0,NIFTY
2022-11-28 13:36:55,18750,CE,BUY,26.0,,NIFTY
2022-11-28 13:36:55,18750,PE,BUY,170.9,,NIFTY
2022-11-28 13:37:13,18750,CE,SELL,25.65,-0.3500000000000014,NIFTY
2022-11-28 13:37:13,18750,PE,SELL,171.5,0.5999999999999943,NIFTY
2022-11-28 13:37:13,18700,CE,BUY,40.5,,NIFTY
2022-11-28 13:37:13,18700,PE,BUY,136.2,,NIFTY
2022-11-28 13:37:18,18700,CE,SELL,40.55,0.04999999999999716,NIFTY
2022-11-28 13:37:18,18700,PE,SELL,136.0,-0.19999999999998863,NIFTY
2022-11-28 13:37:18,18750,CE,BUY,25.8,,NIFTY
2022-11-28 13:37:18,18750,PE,BUY,171.5,,NIFTY
2022-11-28 13:37:21,18750,CE,SELL,25.8,0.0,NIFTY
2022-11-28 13:37:21,18750,PE,SELL,171.5,0.0,NIFTY
2022-11-28 13:37:21,18700,CE,BUY,40.55,,NIFTY
2022-11-28 13:37:21,18700,PE,BUY,135.65,,NIFTY
2022-11-28 13:37:24,18700,CE,SELL,40.7,0.15000000000000568,NIFTY
2022-11-28 13:37:24,18700,PE,SELL,135.9,0.25,NIFTY
2022-11-28 13:37:24,18750,CE,BUY,25.85,,NIFTY
2022-11-28 13:37:24,18750,PE,BUY,171.6,,NIFTY
2022-11-28 13:37:49,18750,CE,SELL,25.6,-0.25,NIFTY
2022-11-28 13:37:49,18750,PE,SELL,170.7,-0.9000000000000057,NIFTY
2022-11-28 13:37:49,18700,CE,BUY,40.35,,NIFTY
2022-11-28 13:37:49,18700,PE,BUY,136.0,,NIFTY
2022-11-28 13:37:52,18700,CE,SELL,40.55,0.19999999999999574,NIFTY
2022-11-28 13:37:52,18700,PE,SELL,136.3,0.30000000000001137,NIFTY
2022-11-28 13:37:52,18750,CE,BUY,25.6,,NIFTY
2022-11-28 13:37:52,18750,PE,BUY,171.7,,NIFTY
2022-11-28 13:37:54,18750,CE,SELL,25.55,-0.05000000000000071,NIFTY
2022-11-28 13:37:54,18750,PE,SELL,171.7,0.0,NIFTY
2022-11-28 13:37:54,18700,CE,BUY,40.35,,NIFTY
2022-11-28 13:37:54,18700,PE,BUY,136.4,,NIFTY
2022-11-28 13:38:30,18700,CE,SELL,40.4,0.04999999999999716,NIFTY
2022-11-28 13:38:30,18700,PE,SELL,136.0,-0.4000000000000057,NIFTY
2022-11-28 13:38:30,18750,CE,BUY,25.7,,NIFTY
2022-11-28 13:38:30,18750,PE,BUY,171.55,,NIFTY
2022-11-28 13:38:31,18750,CE,SELL,25.85,0.15000000000000213,NIFTY
2022-11-28 13:38:31,18750,PE,SELL,171.55,0.0,NIFTY
2022-11-28 13:38:31,18700,CE,BUY,40.3,,NIFTY
2022-11-28 13:38:31,18700,PE,BUY,136.15,,NIFTY
2022-11-28 13:39:23,18700,CE,SELL,40.75,0.45000000000000284,NIFTY
2022-11-28 13:39:23,18700,PE,SELL,135.5,-0.6500000000000057,NIFTY
2022-11-28 13:39:23,18750,CE,BUY,25.9,,NIFTY
2022-11-28 13:39:23,18750,PE,BUY,171.15,,NIFTY
2022-11-28 13:39:24,18750,CE,SELL,25.9,0.0,NIFTY
2022-11-28 13:39:24,18750,PE,SELL,171.15,0.0,NIFTY
2022-11-28 13:39:24,18700,CE,BUY,40.65,,NIFTY
2022-11-28 13:39:24,18700,PE,BUY,135.55,,NIFTY
2022-11-28 13:39:25,18700,CE,SELL,40.5,-0.14999999999999858,NIFTY
2022-11-28 13:39:25,18700,PE,SELL,135.65,0.09999999999999432,NIFTY
2022-11-28 13:39:25,18750,CE,BUY,25.75,,NIFTY
2022-11-28 13:39:25,18750,PE,BUY,171.15,,NIFTY
2022-11-28 13:51:51,18750,CE,SELL,24.9,-0.8500000000000014,NIFTY
2022-11-28 13:51:51,18750,PE,SELL,171.55,0.4000000000000057,NIFTY
2022-11-28 13:51:51,18700,CE,BUY,39.45,,NIFTY
2022-11-28 13:51:51,18700,PE,BUY,135.55,,NIFTY
2022-11-28 13:51:52,18700,CE,SELL,39.45,0.0,NIFTY
2022-11-28 13:51:52,18700,PE,SELL,135.3,-0.25,NIFTY
2022-11-28 13:51:52,18750,CE,BUY,25.0,,NIFTY
2022-11-28 13:51:52,18750,PE,BUY,171.55,,NIFTY
2022-11-28 13:51:57,18750,CE,SELL,25.1,0.10000000000000142,NIFTY
2022-11-28 13:51:57,18750,PE,SELL,171.0,-0.5500000000000114,NIFTY
2022-11-28 13:51:57,18700,CE,BUY,39.75,,NIFTY
2022-11-28 13:51:57,18700,PE,BUY,135.3,,NIFTY
2022-11-28 13:52:00,18700,CE,SELL,39.55,-0.20000000000000284,NIFTY
2022-11-28 13:52:00,18700,PE,SELL,135.65,0.3499999999999943,NIFTY
2022-11-28 13:52:00,18750,CE,BUY,25.15,,NIFTY
2022-11-28 13:52:00,18750,PE,BUY,170.95,,NIFTY
2022-11-28 14:02:24,18750,CE,SELL,25.6,0.45000000000000284,NIFTY
2022-11-28 14:02:24,18750,PE,SELL,170.85,-0.09999999999999432,NIFTY
2022-11-28 14:02:24,18700,CE,BUY,40.25,,NIFTY
2022-11-28 14:02:24,18700,PE,BUY,134.85,,NIFTY
2022-11-28 14:02:26,18700,CE,SELL,40.0,-0.25,NIFTY
2022-11-28 14:02:26,18700,PE,SELL,135.0,0.15000000000000568,NIFTY
2022-11-28 14:02:26,18750,CE,BUY,25.3,,NIFTY
2022-11-28 14:02:26,18750,PE,BUY,170.55,,NIFTY
2022-11-28 14:02:28,18750,CE,SELL,25.9,0.5999999999999979,NIFTY
2022-11-28 14:02:28,18750,PE,SELL,170.8,0.25,NIFTY
2022-11-28 14:02:28,18700,CE,BUY,40.55,,NIFTY
2022-11-28 14:02:28,18700,PE,BUY,135.25,,NIFTY
2022-11-28 14:02:30,18700,CE,SELL,40.65,0.10000000000000142,NIFTY
2022-11-28 14:02:30,18700,PE,SELL,135.05,-0.19999999999998863,NIFTY
2022-11-28 14:02:30,18750,CE,BUY,25.85,,NIFTY
2022-11-28 14:02:30,18750,PE,BUY,170.45,,NIFTY
2022-11-28 14:02:31,18750,CE,SELL,26.0,0.14999999999999858,NIFTY
2022-11-28 14:02:31,18750,PE,SELL,170.4,-0.04999999999998295,NIFTY
2022-11-28 14:02:31,18700,CE,BUY,40.8,,NIFTY
2022-11-28 14:02:31,18700,PE,BUY,135.2,,NIFTY
2022-11-28 14:23:46,18700,CE,SELL,39.35,-1.4499999999999957,NIFTY
2022-11-28 14:23:46,18700,PE,SELL,132.45,-2.75,NIFTY
2022-11-28 14:23:46,18750,CE,BUY,24.9,,NIFTY
2022-11-28 14:23:46,18750,PE,BUY,167.85,,NIFTY
2022-11-28 14:24:06,18750,CE,SELL,24.85,-0.04999999999999716,NIFTY
2022-11-28 14:24:06,18750,PE,SELL,168.1,0.25,NIFTY
2022-11-28 14:24:06,18700,CE,BUY,39.4,,NIFTY
2022-11-28 14:24:06,18700,PE,BUY,132.9,,NIFTY
2022-11-28 14:24:09,18700,CE,SELL,39.0,-0.3999999999999986,NIFTY
2022-11-28 14:24:09,18700,PE,SELL,133.7,0.799999999999983,NIFTY
2022-11-28 14:24:09,18750,CE,BUY,24.6,,NIFTY
2022-11-28 14:24:09,18750,PE,BUY,169.2,,NIFTY
2022-11-28 14:24:10,18750,CE,SELL,24.65,0.04999999999999716,NIFTY
2022-11-28 14:24:10,18750,PE,SELL,168.95,-0.25,NIFTY
2022-11-28 14:24:10,18700,CE,BUY,39.1,,NIFTY
2022-11-28 14:24:10,18700,PE,BUY,133.9,,NIFTY
2022-11-28 14:24:11,18700,CE,SELL,39.15,0.04999999999999716,NIFTY
2022-11-28 14:24:11,18700,PE,SELL,133.35,-0.5500000000000114,NIFTY
2022-11-28 14:24:11,18750,CE,BUY,24.7,,NIFTY
2022-11-28 14:24:11,18750,PE,BUY,169.25,,NIFTY
2022-11-28 14:24:13,18750,CE,SELL,24.85,0.15000000000000213,NIFTY
2022-11-28 14:24:13,18750,PE,SELL,169.6,0.3499999999999943,NIFTY
2022-11-28 14:24:13,18700,CE,BUY,39.25,,NIFTY
2022-11-28 14:24:13,18700,PE,BUY,134.2,,NIFTY
2022-11-28 14:25:37,18700,CE,SELL,39.95,0.7000000000000028,NIFTY
2022-11-28 14:25:37,18700,PE,SELL,131.8,-2.3999999999999773,NIFTY
2022-11-28 14:25:37,18750,CE,BUY,25.35,,NIFTY
2022-11-28 14:25:37,18750,PE,BUY,167.1,,NIFTY
2022-11-28 14:25:42,18750,CE,SELL,24.85,-0.5,NIFTY
2022-11-28 14:25:42,18750,PE,SELL,169.85,2.75,NIFTY
2022-11-28 14:25:42,18700,CE,BUY,39.35,,NIFTY
2022-11-28 14:25:42,18700,PE,BUY,134.15,,NIFTY
2022-11-28 14:25:50,18700,CE,SELL,39.6,0.25,NIFTY
2022-11-28 14:25:50,18700,PE,SELL,133.65,-0.5,NIFTY
2022-11-28 14:25:50,18750,CE,BUY,25.1,,NIFTY
2022-11-28 14:25:50,18750,PE,BUY,170.4,,NIFTY
2022-11-28 14:26:11,18750,CE,SELL,24.9,-0.20000000000000284,NIFTY
2022-11-28 14:26:11,18750,PE,SELL,168.45,-1.950000000000017,NIFTY
2022-11-28 14:26:11,18700,CE,BUY,39.45,,NIFTY
2022-11-28 14:26:11,18700,PE,BUY,133.2,,NIFTY
2022-11-28 14:26:19,18700,CE,SELL,39.9,0.44999999999999574,NIFTY
2022-11-28 14:26:19,18700,PE,SELL,131.6,-1.5999999999999943,NIFTY
2022-11-28 14:26:19,18750,CE,BUY,25.45,,NIFTY
2022-11-28 14:26:19,18750,PE,BUY,168.2,,NIFTY
2022-11-28 14:27:50,18750,CE,SELL,24.75,-0.6999999999999993,NIFTY
2022-11-28 14:27:50,18750,PE,SELL,168.0,-0.19999999999998863,NIFTY
2022-11-28 14:27:50,18700,CE,BUY,39.4,,NIFTY
2022-11-28 14:27:50,18700,PE,BUY,132.15,,NIFTY
2022-11-28 14:27:51,18700,CE,SELL,39.3,-0.10000000000000142,NIFTY
2022-11-28 14:27:51,18700,PE,SELL,132.15,0.0,NIFTY
2022-11-28 14:27:51,18750,CE,BUY,24.85,,NIFTY
2022-11-28 14:27:51,18750,PE,BUY,167.55,,NIFTY
2022-11-28 14:28:18,18750,CE,SELL,24.55,-0.3000000000000007,NIFTY
2022-11-28 14:28:18,18750,PE,SELL,169.0,1.4499999999999886,NIFTY
2022-11-28 14:28:18,18700,CE,BUY,38.95,,NIFTY
2022-11-28 14:28:18,18700,PE,BUY,133.45,,NIFTY
2022-11-28 14:28:24,18700,CE,SELL,39.05,0.09999999999999432,NIFTY
2022-11-28 14:28:24,18700,PE,SELL,133.3,-0.14999999999997726,NIFTY
2022-11-28 14:28:24,18750,CE,BUY,24.7,,NIFTY
2022-11-28 14:28:24,18750,PE,BUY,169.75,,NIFTY
2022-11-28 14:28:38,18750,CE,SELL,24.4,-0.3000000000000007,NIFTY
2022-11-28 14:28:38,18750,PE,SELL,168.9,-0.8499999999999943,NIFTY
2022-11-28 14:28:38,18700,CE,BUY,38.75,,NIFTY
2022-11-28 14:28:38,18700,PE,BUY,133.45,,NIFTY
2022-11-28 14:43:10,18700,CE,SELL,39.3,0.5499999999999972,NIFTY
2022-11-28 14:43:10,18700,PE,SELL,132.3,-1.1499999999999773,NIFTY
2022-11-28 14:43:10,18750,CE,BUY,24.8,,NIFTY
2022-11-28 14:43:10,18750,PE,BUY,168.0,,NIFTY
2022-11-28 14:43:18,18750,CE,SELL,24.6,-0.1999999999999993,NIFTY
2022-11-28 14:43:18,18750,PE,SELL,169.8,1.8000000000000114,NIFTY
2022-11-28 14:43:18,18700,CE,BUY,39.0,,NIFTY
2022-11-28 14:43:18,18700,PE,BUY,134.1,,NIFTY
2022-11-28 14:45:13,18700,CE,SELL,40.25,1.25,NIFTY
2022-11-28 14:45:13,18700,PE,SELL,131.85,-2.25,NIFTY
2022-11-28 14:45:13,18750,CE,BUY,25.4,,NIFTY
2022-11-28 14:45:13,18750,PE,BUY,167.75,,NIFTY
2022-11-28 14:45:20,18750,CE,SELL,25.0,-0.3999999999999986,NIFTY
2022-11-28 14:45:20,18750,PE,SELL,167.25,-0.5,NIFTY
2022-11-28 14:45:20,18700,CE,BUY,39.65,,NIFTY
2022-11-28 14:45:20,18700,PE,BUY,133.1,,NIFTY
2022-11-28 14:45:28,18700,CE,SELL,40.0,0.3500000000000014,NIFTY
2022-11-28 14:45:28,18700,PE,SELL,133.0,-0.09999999999999432,NIFTY
2022-11-28 14:45:28,18750,CE,BUY,25.3,,NIFTY
2022-11-28 14:45:28,18750,PE,BUY,167.25,,NIFTY
2022-11-28 14:45:37,18750,CE,SELL,24.85,-0.4499999999999993,NIFTY
2022-11-28 14:45:37,18750,PE,SELL,168.25,1.0,NIFTY
2022-11-28 14:45:37,18700,CE,BUY,39.45,,NIFTY
2022-11-28 14:45:37,18700,PE,BUY,132.95,,NIFTY
2022-11-28 14:45:38,18700,CE,SELL,39.45,0.0,NIFTY
2022-11-28 14:45:38,18700,PE,SELL,133.25,0.30000000000001137,NIFTY
2022-11-28 14:45:38,18750,CE,BUY,24.75,,NIFTY
2022-11-28 14:45:38,18750,PE,BUY,168.4,,NIFTY
2022-11-28 14:45:42,18750,CE,SELL,25.2,0.4499999999999993,NIFTY
2022-11-28 14:45:42,18750,PE,SELL,168.4,0.0,NIFTY
2022-11-28 14:45:42,18700,CE,BUY,39.9,,NIFTY
2022-11-28 14:45:42,18700,PE,BUY,132.95,,NIFTY
2022-11-28 14:45:52,18700,CE,SELL,39.75,-0.14999999999999858,NIFTY
2022-11-28 14:45:52,18700,PE,SELL,133.0,0.05000000000001137,NIFTY
2022-11-28 14:45:52,18750,CE,BUY,24.95,,NIFTY
2022-11-28 14:45:52,18750,PE,BUY,168.0,,NIFTY
2022-11-28 14:45:54,18750,CE,SELL,25.05,0.10000000000000142,NIFTY
2022-11-28 14:45:54,18750,PE,SELL,168.0,0.0,NIFTY
2022-11-28 14:45:54,18700,CE,BUY,39.8,,NIFTY
2022-11-28 14:45:54,18700,PE,BUY,132.3,,NIFTY
2022-11-28 14:45:55,18700,CE,SELL,39.75,-0.04999999999999716,NIFTY
2022-11-28 14:45:55,18700,PE,SELL,132.75,0.44999999999998863,NIFTY
2022-11-28 14:45:55,18750,CE,BUY,25.05,,NIFTY
2022-11-28 14:45:55,18750,PE,BUY,168.0,,NIFTY
2022-11-28 14:52:51,18750,CE,SELL,24.1,-0.9499999999999993,NIFTY
2022-11-28 14:52:51,18750,PE,SELL,170.0,2.0,NIFTY
2022-11-28 14:52:51,18700,CE,BUY,38.45,,NIFTY
2022-11-28 14:52:51,18700,PE,BUY,134.1,,NIFTY
2022-11-28 14:53:03,18700,CE,SELL,39.0,0.5499999999999972,NIFTY
2022-11-28 14:53:03,18700,PE,SELL,133.75,-0.3499999999999943,NIFTY
2022-11-28 14:53:03,18750,CE,BUY,24.35,,NIFTY
2022-11-28 14:53:03,18750,PE,BUY,169.65,,NIFTY
2022-11-28 14:53:04,18750,CE,SELL,24.2,-0.15000000000000213,NIFTY
2022-11-28 14:53:04,18750,PE,SELL,170.0,0.3499999999999943,NIFTY
2022-11-28 14:53:04,18700,CE,BUY,38.6,,NIFTY
2022-11-28 14:53:04,18700,PE,BUY,134.55,,NIFTY
2022-11-28 14:53:07,18700,CE,SELL,38.75,0.14999999999999858,NIFTY
2022-11-28 14:53:07,18700,PE,SELL,134.45,-0.10000000000002274,NIFTY
2022-11-28 14:53:07,18750,CE,BUY,24.3,,NIFTY
2022-11-28 14:53:07,18750,PE,BUY,170.4,,NIFTY
2022-11-28 14:53:13,18750,CE,SELL,24.45,0.14999999999999858,NIFTY
2022-11-28 14:53:13,18750,PE,SELL,169.75,-0.6500000000000057,NIFTY
2022-11-28 14:53:13,18700,CE,BUY,38.8,,NIFTY
2022-11-28 14:53:13,18700,PE,BUY,134.4,,NIFTY
2022-11-28 14:53:18,18700,CE,SELL,39.45,0.6500000000000057,NIFTY
2022-11-28 14:53:18,18700,PE,SELL,134.0,-0.4000000000000057,NIFTY
2022-11-28 14:53:18,18750,CE,BUY,24.85,,NIFTY
2022-11-28 14:53:18,18750,PE,BUY,169.65,,NIFTY
2022-11-28 14:53:20,18750,CE,SELL,24.8,-0.05000000000000071,NIFTY
2022-11-28 14:53:20,18750,PE,SELL,169.2,-0.45000000000001705,NIFTY
2022-11-28 14:53:20,18700,CE,BUY,39.45,,NIFTY
2022-11-28 14:53:20,18700,PE,BUY,133.55,,NIFTY
2022-11-28 14:53:22,18700,CE,SELL,39.15,-0.30000000000000426,NIFTY
2022-11-28 14:53:22,18700,PE,SELL,133.85,0.29999999999998295,NIFTY
2022-11-28 14:53:22,18750,CE,BUY,24.7,,NIFTY
2022-11-28 14:53:22,18750,PE,BUY,169.4,,NIFTY
2022-11-28 14:53:28,18750,CE,SELL,24.6,-0.09999999999999787,NIFTY
2022-11-28 14:53:28,18750,PE,SELL,169.2,-0.20000000000001705,NIFTY
2022-11-28 14:53:28,18700,CE,BUY,39.05,,NIFTY
2022-11-28 14:53:28,18700,PE,BUY,133.15,,NIFTY
2022-11-28 14:54:19,18700,CE,SELL,39.05,0.0,NIFTY
2022-11-28 14:54:19,18700,PE,SELL,133.9,0.75,NIFTY
2022-11-28 14:54:19,18750,CE,BUY,24.45,,NIFTY
2022-11-28 14:54:19,18750,PE,BUY,170.0,,NIFTY
2022-11-28 14:54:25,18750,CE,SELL,24.2,-0.25,NIFTY
2022-11-28 14:54:25,18750,PE,SELL,170.0,0.0,NIFTY
2022-11-28 14:54:25,18700,CE,BUY,38.55,,NIFTY
2022-11-28 14:54:25,18700,PE,BUY,135.2,,NIFTY
2022-11-28 14:54:28,18700,CE,SELL,39.15,0.6000000000000014,NIFTY
2022-11-28 14:54:28,18700,PE,SELL,133.45,-1.75,NIFTY
2022-11-28 14:54:28,18750,CE,BUY,24.6,,NIFTY
2022-11-28 14:54:28,18750,PE,BUY,170.0,,NIFTY
2022-11-28 14:55:08,18750,CE,SELL,24.65,0.04999999999999716,NIFTY
2022-11-28 14:55:08,18750,PE,SELL,170.05,0.05000000000001137,NIFTY
2022-11-28 14:55:08,18700,CE,BUY,39.35,,NIFTY
2022-11-28 14:55:08,18700,PE,BUY,134.95,,NIFTY
2022-11-28 14:55:10,18700,CE,SELL,39.3,-0.05000000000000426,NIFTY
2022-11-28 14:55:10,18700,PE,SELL,134.5,-0.44999999999998863,NIFTY
2022-11-28 14:55:10,18750,CE,BUY,24.6,,NIFTY
2022-11-28 14:55:10,18750,PE,BUY,170.25,,NIFTY
2022-11-28 14:55:11,18750,CE,SELL,24.45,-0.15000000000000213,NIFTY
2022-11-28 14:55:11,18750,PE,SELL,170.85,0.5999999999999943,NIFTY
2022-11-28 14:55:11,18700,CE,BUY,39.0,,NIFTY
2022-11-28 14:55:11,18700,PE,BUY,135.25,,NIFTY
2022-11-28 14:55:47,18700,CE,SELL,39.6,0.6000000000000014,NIFTY
2022-11-28 14:55:47,18700,PE,SELL,134.35,-0.9000000000000057,NIFTY
2022-11-28 14:55:47,18750,CE,BUY,24.8,,NIFTY
2022-11-28 14:55:47,18750,PE,BUY,170.0,,NIFTY
2022-11-28 14:55:56,18750,CE,SELL,24.6,-0.1999999999999993,NIFTY
2022-11-28 14:55:56,18750,PE,SELL,168.2,-1.8000000000000114,NIFTY
2022-11-28 14:55:56,18700,CE,BUY,39.25,,NIFTY
2022-11-28 14:55:56,18700,PE,BUY,134.35,,NIFTY
2022-11-28 14:57:49,18700,CE,SELL,40.1,0.8500000000000014,NIFTY
2022-11-28 14:57:49,18700,PE,SELL,132.05,-2.299999999999983,NIFTY
2022-11-28 14:57:49,18750,CE,BUY,24.9,,NIFTY
2022-11-28 14:57:49,18750,PE,BUY,168.0,,NIFTY
2022-11-28 14:57:51,18750,CE,SELL,25.2,0.3000000000000007,NIFTY
2022-11-28 14:57:51,18750,PE,SELL,166.7,-1.3000000000000114,NIFTY
2022-11-28 14:57:51,18700,CE,BUY,40.15,,NIFTY
2022-11-28 14:57:51,18700,PE,BUY,131.45,,NIFTY
2022-11-28 14:57:52,18700,CE,SELL,40.5,0.3500000000000014,NIFTY
2022-11-28 14:57:52,18700,PE,SELL,130.2,-1.25,NIFTY
2022-11-28 14:57:52,18750,CE,BUY,25.2,,NIFTY
2022-11-28 14:57:52,18750,PE,BUY,165.6,,NIFTY
2022-11-28 14:58:02,18750,CE,SELL,25.55,0.3500000000000014,NIFTY
2022-11-28 14:58:02,18750,PE,SELL,166.45,0.8499999999999943,NIFTY
2022-11-28 14:58:02,18700,CE,BUY,40.7,,NIFTY
2022-11-28 14:58:02,18700,PE,BUY,131.7,,NIFTY
2022-11-28 15:30:00,18700,CE,SELL,25.15,-15.550000000000004,NIFTY
2022-11-28 15:30:00,18700,PE,SELL,154.0,22.30000000000001,NIFTY
2022-11-29 09:15:00,18700,CE,BUY,23.45,,NIFTY
2022-11-29 09:15:00,18700,PE,BUY,163.75,,NIFTY
2022-11-29 09:20:05,18700,CE,SELL,35.9,12.45,NIFTY
2022-11-29 09:20:05,18700,PE,SELL,121.65,-42.099999999999994,NIFTY
2022-11-29 09:20:05,18750,CE,BUY,21.8,,NIFTY
2022-11-29 09:20:05,18750,PE,BUY,157.4,,NIFTY
2022-11-29 09:20:13,18750,CE,SELL,21.15,-0.6500000000000021,NIFTY
2022-11-29 09:20:13,18750,PE,SELL,158.85,1.4499999999999886,NIFTY
2022-11-29 09:20:13,18700,CE,BUY,35.5,,NIFTY
2022-11-29 09:20:13,18700,PE,BUY,123.55,,NIFTY
2022-11-29 09:20:48,18700,CE,SELL,36.45,0.9500000000000028,NIFTY
2022-11-29 09:20:48,18700,PE,SELL,122.85,-0.7000000000000028,NIFTY
2022-11-29 09:20:48,18750,CE,BUY,21.3,,NIFTY
2022-11-29 09:20:48,18750,PE,BUY,158.45,,NIFTY
2022-11-29 09:20:53,18750,CE,SELL,21.6,0.3000000000000007,NIFTY
2022-11-29 09:20:53,18750,PE,SELL,158.9,0.45000000000001705,NIFTY
2022-11-29 09:20:53,18700,CE,BUY,35.85,,NIFTY
2022-11-29 09:20:53,18700,PE,BUY,123.85,,NIFTY
2022-11-29 09:20:54,18700,CE,SELL,36.15,0.29999999999999716,NIFTY
2022-11-29 09:20:54,18700,PE,SELL,123.35,-0.5,NIFTY
2022-11-29 09:20:54,18750,CE,BUY,21.8,,NIFTY
2022-11-29 09:20:54,18750,PE,BUY,159.15,,NIFTY
2022-11-29 09:20:57,18750,CE,SELL,21.8,0.0,NIFTY
2022-11-29 09:20:57,18750,PE,SELL,158.7,-0.45000000000001705,NIFTY
2022-11-29 09:20:57,18700,CE,BUY,36.2,,NIFTY
2022-11-29 09:20:57,18700,PE,BUY,123.5,,NIFTY
2022-11-29 09:20:58,18700,CE,SELL,35.9,-0.30000000000000426,NIFTY
2022-11-29 09:20:58,18700,PE,SELL,123.75,0.25,NIFTY
2022-11-29 09:20:58,18750,CE,BUY,21.75,,NIFTY
2022-11-29 09:20:58,18750,PE,BUY,158.85,,NIFTY
2022-11-29 09:20:59,18750,CE,SELL,21.8,0.05000000000000071,NIFTY
2022-11-29 09:20:59,18750,PE,SELL,159.1,0.25,NIFTY
2022-11-29 09:20:59,18700,CE,BUY,36.15,,NIFTY
2022-11-29 09:20:59,18700,PE,BUY,123.5,,NIFTY
2022-11-29 09:21:04,18700,CE,SELL,36.45,0.30000000000000426,NIFTY
2022-11-29 09:21:04,18700,PE,SELL,123.3,-0.20000000000000284,NIFTY
2022-11-29 09:21:04,18750,CE,BUY,22.0,,NIFTY
2022-11-29 09:21:04,18750,PE,BUY,159.0,,NIFTY
2022-11-29 09:21:05,18750,CE,SELL,21.9,-0.10000000000000142,NIFTY
2022-11-29 09:21:05,18750,PE,SELL,159.0,0.0,NIFTY
2022-11-29 09:21:05,18700,CE,BUY,36.3,,NIFTY
2022-11-29 09:21:05,18700,PE,BUY,123.5,,NIFTY
2022-11-29 09:21:07,18700,CE,SELL,36.75,0.45000000000000284,NIFTY
2022-11-29 09:21:07,18700,PE,SELL,122.9,-0.5999999999999943,NIFTY
2022-11-29 09:21:07,18750,CE,BUY,22.25,,NIFTY
2022-11-29 09:21:07,18750,PE,BUY,158.45,,NIFTY
2022-11-29 09:21:26,18750,CE,SELL,21.95,-0.3000000000000007,NIFTY
2022-11-29 09:21:26,18750,PE,SELL,159.8,1.3500000000000227,NIFTY
2022-11-29 09:21:26,18700,CE,BUY,36.15,,NIFTY
2022-11-29 09:21:26,18700,PE,BUY,123.8,,NIFTY
2022-11-29 09:21:27,18700,CE,SELL,36.3,0.14999999999999858,NIFTY
2022-11-29 09:21:27,18700,PE,SELL,123.05,-0.75,NIFTY
2022-11-29 09:21:27,18750,CE,BUY,21.95,,NIFTY
2022-11-29 09:21:27,18750,PE,BUY,159.05,,NIFTY
2022-11-29 09:21:41,18750,CE,SELL,21.7,-0.25,NIFTY
2022-11-29 09:21:41,18750,PE,SELL,159.7,0.6499999999999773,NIFTY
2022-11-29 09:21:41,18700,CE,BUY,36.1,,NIFTY
2022-11-29 09:21:41,18700,PE,BUY,123.65,,NIFTY
2022-11-29 09:21:47,18700,CE,SELL,36.2,0.10000000000000142,NIFTY
2022-11-29 09:21:47,18700,PE,SELL,123.75,0.09999999999999432,NIFTY
2022-11-29 09:21:47,18750,CE,BUY,21.85,,NIFTY
2022-11-29 09:21:47,18750,PE,BUY,159.45,,NIFTY
2022-11-29 09:21:48,18750,CE,SELL,21.9,0.04999999999999716,NIFTY
2022-11-29 09:21:48,18750,PE,SELL,159.9,0.45000000000001705,NIFTY
2022-11-29 09:21:48,18700,CE,BUY,36.4,,NIFTY
2022-11-29 09:21:48,18700,PE,BUY,123.9,,NIFTY
2022-11-29 09:22:15,18700,CE,SELL,36.05,-0.3500000000000014,NIFTY
2022-11-29 09:22:15,18700,PE,SELL,124.45,0.5499999999999972,NIFTY
2022-11-29 09:22:15,18750,CE,BUY,21.7,,NIFTY
2022-11-29 09:22:15,18750,PE,BUY,160.1,,NIFTY
2022-11-29 09:22:16,18750,CE,SELL,21.7,0.0,NIFTY
2022-11-29 09:22:16,18750,PE,SELL,160.9,0.8000000000000114,NIFTY
2022-11-29 09:22:16,18700,CE,BUY,36.05,,NIFTY
2022-11-29 09:22:16,18700,PE,BUY,124.95,,NIFTY
2022-11-29 09:23:03,18700,CE,SELL,37.7,1.6500000000000057,NIFTY
2022-11-29 09:23:03,18700,PE,SELL,122.35,-2.6000000000000085,NIFTY
2022-11-29 09:23:03,18750,CE,BUY,22.95,,NIFTY
2022-11-29 09:23:03,18750,PE,BUY,157.1,,NIFTY
2022-11-29 09:49:12,18750,CE,SELL,22.05,-0.8999999999999986,NIFTY
2022-11-29 09:49:12,18750,PE,SELL,156.0,-1.0999999999999943,NIFTY
2022-11-29 09:49:12,18700,CE,BUY,36.5,,NIFTY
2022-11-29 09:49:12,18700,PE,BUY,120.25,,NIFTY
2022-11-29 09:49:13,18700,CE,SELL,36.4,-0.10000000000000142,NIFTY
2022-11-29 09:49:13,18700,PE,SELL,119.75,-0.5,NIFTY
2022-11-29 09:49:13,18750,CE,BUY,22.0,,NIFTY
2022-11-29 09:49:13,18750,PE,BUY,155.45,,NIFTY
2022-11-29 09:49:20,18750,CE,SELL,21.9,-0.10000000000000142,NIFTY
2022-11-29 09:49:20,18750,PE,SELL,156.0,0.5500000000000114,NIFTY
2022-11-29 09:49:20,18700,CE,BUY,36.35,,NIFTY
2022-11-29 09:49:20,18700,PE,BUY,120.0,,NIFTY
2022-11-29 09:49:42,18700,CE,SELL,36.45,0.10000000000000142,NIFTY
2022-11-29 09:49:42,18700,PE,SELL,119.4,-0.5999999999999943,NIFTY
2022-11-29 09:49:42,18750,CE,BUY,21.9,,NIFTY
2022-11-29 09:49:42,18750,PE,BUY,155.45,,NIFTY
2022-11-29 09:50:19,18750,CE,SELL,21.95,0.05000000000000071,NIFTY
2022-11-29 09:50:19,18750,PE,SELL,154.7,-0.75,NIFTY
2022-11-29 09:50:19,18700,CE,BUY,36.5,,NIFTY
2022-11-29 09:50:19,18700,PE,BUY,119.2,,NIFTY
2022-11-29 09:50:20,18700,CE,SELL,36.5,0.0,NIFTY
2022-11-29 09:50:20,18700,PE,SELL,119.15,-0.04999999999999716,NIFTY
2022-11-29 09:50:20,18750,CE,BUY,22.05,,NIFTY
2022-11-29 09:50:20,18750,PE,BUY,154.9,,NIFTY
2022-11-29 09:50:23,18750,CE,SELL,21.95,-0.10000000000000142,NIFTY
2022-11-29 09:50:23,18750,PE,SELL,154.65,-0.25,NIFTY
2022-11-29 09:50:23,18700,CE,BUY,36.5,,NIFTY
2022-11-29 09:50:23,18700,PE,BUY,119.35,,NIFTY
2022-11-29 09:50:24,18700,CE,SELL,36.45,-0.04999999999999716,NIFTY
2022-11-29 09:50:24,18700,PE,SELL,119.65,0.30000000000001137,NIFTY
2022-11-29 09:50:24,18750,CE,BUY,21.9,,NIFTY
2022-11-29 09:50:24,18750,PE,BUY,155.2,,NIFTY
2022-11-29 09:50:25,18750,CE,SELL,21.9,0.0,NIFTY
2022-11-29 09:50:25,18750,PE,SELL,155.2,0.0,NIFTY
2022-11-29 09:50:25,18700,CE,BUY,36.45,,NIFTY
2022-11-29 09:50:25,18700,PE,BUY,119.5,,NIFTY
2022-11-29 09:50:28,18700,CE,SELL,36.4,-0.05000000000000426,NIFTY
2022-11-29 09:50:28,18700,PE,SELL,119.1,-0.4000000000000057,NIFTY
2022-11-29 09:50:28,18750,CE,BUY,21.95,,NIFTY
2022-11-29 09:50:28,18750,PE,BUY,154.95,,NIFTY
2022-11-29 11:05:36,18750,CE,SELL,27.75,5.800000000000001,NIFTY
2022-11-29 11:05:36,18750,PE,SELL,121.2,-33.749999999999986,NIFTY
2022-11-29 11:05:36,18800,CE,BUY,16.0,,NIFTY
2022-11-29 11:05:36,18800,PE,BUY,158.9,,NIFTY
2022-11-29 11:08:27,18800,CE,SELL,15.7,-0.3000000000000007,NIFTY
2022-11-29 11:08:27,18800,PE,SELL,160.0,1.0999999999999943,NIFTY
2022-11-29 11:08:27,18750,CE,BUY,27.35,,NIFTY
2022-11-29 11:08:27,18750,PE,BUY,121.75,,NIFTY
2022-11-29 11:08:28,18750,CE,SELL,27.4,0.04999999999999716,NIFTY
2022-11-29 11:08:28,18750,PE,SELL,121.75,0.0,NIFTY
2022-11-29 11:08:28,18800,CE,BUY,15.75,,NIFTY
2022-11-29 11:08:28,18800,PE,BUY,159.6,,NIFTY
2022-11-29 11:08:39,18800,CE,SELL,15.5,-0.25,NIFTY
2022-11-29 11:08:39,18800,PE,SELL,160.5,0.9000000000000057,NIFTY
2022-11-29 11:08:39,18750,CE,BUY,27.0,,NIFTY
2022-11-29 11:08:39,18750,PE,BUY,122.3,,NIFTY
2022-11-29 11:08:40,18750,CE,SELL,26.9,-0.10000000000000142,NIFTY
2022-11-29 11:08:40,18750,PE,SELL,122.3,0.0,NIFTY
2022-11-29 11:08:40,18800,CE,BUY,15.5,,NIFTY
2022-11-29 11:08:40,18800,PE,BUY,160.3,,NIFTY
2022-11-29 11:08:42,18800,CE,SELL,15.45,-0.05000000000000071,NIFTY
2022-11-29 11:08:42,18800,PE,SELL,160.5,0.19999999999998863,NIFTY
2022-11-29 11:08:42,18750,CE,BUY,26.9,,NIFTY
2022-11-29 11:08:42,18750,PE,BUY,122.25,,NIFTY
2022-11-29 11:08:52,18750,CE,SELL,27.1,0.20000000000000284,NIFTY
2022-11-29 11:08:52,18750,PE,SELL,122.1,-0.15000000000000568,NIFTY
2022-11-29 11:08:52,18800,CE,BUY,15.6,,NIFTY
2022-11-29 11:08:52,18800,PE,BUY,160.2,,NIFTY
2022-11-29 11:08:55,18800,CE,SELL,15.65,0.05000000000000071,NIFTY
2022-11-29 11:08:55,18800,PE,SELL,160.0,-0.19999999999998863,NIFTY
2022-11-29 11:08:55,18750,CE,BUY,27.1,,NIFTY
2022-11-29 11:08:55,18750,PE,BUY,122.1,,NIFTY
2022-11-29 11:09:02,18750,CE,SELL,27.35,0.25,NIFTY
2022-11-29 11:09:02,18750,PE,SELL,121.45,-0.6499999999999915,NIFTY
2022-11-29 11:09:02,18800,CE,BUY,15.7,,NIFTY
2022-11-29 11:09:02,18800,PE,BUY,159.9,,NIFTY
2022-11-29 11:09:55,18800,CE,SELL,15.8,0.10000000000000142,NIFTY
2022-11-29 11:09:55,18800,PE,SELL,160.0,0.09999999999999432,NIFTY
2022-11-29 11:09:55,18750,CE,BUY,27.35,,NIFTY
2022-11-29 11:09:55,18750,PE,BUY,121.9,,NIFTY
2022-11-29 11:09:57,18750,CE,SELL,27.25,-0.10000000000000142,NIFTY
2022-11-29 11:09:57,18750,PE,SELL,122.0,0.09999999999999432,NIFTY
2022-11-29 11:09:57,18800,CE,BUY,15.75,,NIFTY
2022-11-29 11:09:57,18800,PE,BUY,160.5,,NIFTY
2022-11-29 11:09:59,18800,CE,SELL,15.6,-0.15000000000000036,NIFTY
2022-11-29 11:09:59,18800,PE,SELL,160.95,0.44999999999998863,NIFTY
2022-11-29 11:09:59,18750,CE,BUY,27.1,,NIFTY
2022-11-29 11:09:59,18750,PE,BUY,122.6,,NIFTY
2022-11-29 11:10:00,18750,CE,SELL,27.05,-0.05000000000000071,NIFTY
2022-11-29 11:10:00,18750,PE,SELL,122.6,0.0,NIFTY
2022-11-29 11:10:00,18800,CE,BUY,15.6,,NIFTY
2022-11-29 11:10:00,18800,PE,BUY,160.75,,NIFTY
2022-11-29 11:10:01,18800,CE,SELL,15.6,0.0,NIFTY
2022-11-29 11:10:01,18800,PE,SELL,160.75,0.0,NIFTY
2022-11-29 11:10:01,18750,CE,BUY,27.05,,NIFTY
2022-11-29 11:10:01,18750,PE,BUY,122.2,,NIFTY
2022-11-29 11:10:07,18750,CE,SELL,27.1,0.05000000000000071,NIFTY
2022-11-29 11:10:07,18750,PE,SELL,122.6,0.3999999999999915,NIFTY
2022-11-29 11:10:07,18800,CE,BUY,15.6,,NIFTY
2022-11-29 11:10:07,18800,PE,BUY,160.85,,NIFTY
2022-11-29 11:10:12,18800,CE,SELL,15.75,0.15000000000000036,NIFTY
2022-11-29 11:10:12,18800,PE,SELL,160.5,-0.3499999999999943,NIFTY
2022-11-29 11:10:12,18750,CE,BUY,27.4,,NIFTY
2022-11-29 11:10:12,18750,PE,BUY,122.35,,NIFTY
2022-11-29 11:10:14,18750,CE,SELL,27.3,-0.09999999999999787,NIFTY
2022-11-29 11:10:14,18750,PE,SELL,122.1,-0.25,NIFTY
2022-11-29 11:10:14,18800,CE,BUY,15.75,,NIFTY
2022-11-29 11:10:14,18800,PE,BUY,160.4,,NIFTY
2022-11-29 11:10:28,18800,CE,SELL,15.9,0.15000000000000036,NIFTY
2022-11-29 11:10:28,18800,PE,SELL,160.0,-0.4000000000000057,NIFTY
2022-11-29 11:10:28,18750,CE,BUY,27.55,,NIFTY
2022-11-29 11:10:28,18750,PE,BUY,122.0,,NIFTY
2022-11-29 11:10:29,18750,CE,SELL,27.7,0.14999999999999858,NIFTY
2022-11-29 11:10:29,18750,PE,SELL,121.75,-0.25,NIFTY
2022-11-29 11:10:29,18800,CE,BUY,15.95,,NIFTY
2022-11-29 11:10:29,18800,PE,BUY,159.85,,NIFTY
2022-11-29 11:23:03,18800,CE,SELL,15.55,-0.3999999999999986,NIFTY
2022-11-29 11:23:03,18800,PE,SELL,161.85,2.0,NIFTY
2022-11-29 11:23:03,18750,CE,BUY,27.0,,NIFTY
2022-11-29 11:23:03,18750,PE,BUY,123.4,,NIFTY
2022-11-29 11:39:13,18750,CE,SELL,27.45,0.4499999999999993,NIFTY
2022-11-29 11:39:13,18750,PE,SELL,120.2,-3.200000000000003,NIFTY
2022-11-29 11:39:13,18800,CE,BUY,15.6,,NIFTY
2022-11-29 11:39:13,18800,PE,BUY,158.2,,NIFTY
2022-11-29 11:39:15,18800,CE,SELL,15.7,0.09999999999999964,NIFTY
2022-11-29 11:39:15,18800,PE,SELL,158.45,0.25,NIFTY
2022-11-29 11:39:15,18750,CE,BUY,27.5,,NIFTY
2022-11-29 11:39:15,18750,PE,BUY,120.5,,NIFTY
2022-11-29 11:39:16,18750,CE,SELL,27.5,0.0,NIFTY
2022-11-29 11:39:16,18750,PE,SELL,120.5,0.0,NIFTY
2022-11-29 11:39:16,18800,CE,BUY,15.7,,NIFTY
2022-11-29 11:39:16,18800,PE,BUY,158.45,,NIFTY
2022-11-29 11:39:22,18800,CE,SELL,15.6,-0.09999999999999964,NIFTY
2022-11-29 11:39:22,18800,PE,SELL,157.9,-0.549999999999983,NIFTY
2022-11-29 11:39:22,18750,CE,BUY,27.45,,NIFTY
2022-11-29 11:39:22,18750,PE,BUY,120.35,,NIFTY
2022-11-29 11:39:24,18750,CE,SELL,27.1,-0.34999999999999787,NIFTY
2022-11-29 11:39:24,18750,PE,SELL,121.65,1.3000000000000114,NIFTY
2022-11-29 11:39:24,18800,CE,BUY,15.4,,NIFTY
2022-11-29 11:39:24,18800,PE,BUY,159.9,,NIFTY
2022-11-29 11:39:25,18800,CE,SELL,15.3,-0.09999999999999964,NIFTY
2022-11-29 11:39:25,18800,PE,SELL,160.15,0.25,NIFTY
2022-11-29 11:39:25,18750,CE,BUY,27.05,,NIFTY
2022-11-29 11:39:25,18750,PE,BUY,122.1,,NIFTY
2022-11-29 11:39:27,18750,CE,SELL,27.15,0.09999999999999787,NIFTY
2022-11-29 11:39:27,18750,PE,SELL,121.7,-0.3999999999999915,NIFTY
2022-11-29 11:39:27,18800,CE,BUY,15.45,,NIFTY
2022-11-29 11:39:27,18800,PE,BUY,159.8,,NIFTY
2022-11-29 11:39:44,18800,CE,SELL,15.6,0.15000000000000036,NIFTY
2022-11-29 11:39:44,18800,PE,SELL,159.2,-0.6000000000000227,NIFTY
2022-11-29 11:39:44,18750,CE,BUY,27.4,,NIFTY
2022-11-29 11:39:44,18750,PE,BUY,121.25,,NIFTY
2022-11-29 11:39:45,18750,CE,SELL,27.4,0.0,NIFTY
2022-11-29 11:39:45,18750,PE,SELL,121.25,0.0,NIFTY
2022-11-29 11:39:45,18800,CE,BUY,15.55,,NIFTY
2022-11-29 11:39:45,18800,PE,BUY,159.4,,NIFTY
2022-11-29 11:39:46,18800,CE,SELL,15.55,0.0,NIFTY
2022-11-29 11:39:46,18800,PE,SELL,159.4,0.0,NIFTY
2022-11-29 11:39:46,18750,CE,BUY,27.35,,NIFTY
2022-11-29 11:39:46,18750,PE,BUY,121.4,,NIFTY
2022-11-29 11:39:47,18750,CE,SELL,27.3,-0.05000000000000071,NIFTY
2022-11-29 11:39:47,18750,PE,SELL,121.4,0.0,NIFTY
2022-11-29 11:39:47,18800,CE,BUY,15.5,,NIFTY
2022-11-29 11:39:47,18800,PE,BUY,159.4,,NIFTY
2022-11-29 11:39:51,18800,CE,SELL,15.5,0.0,NIFTY
2022-11-29 11:39:51,18800,PE,SELL,159.65,0.25,NIFTY
2022-11-29 11:39:51,18750,CE,BUY,27.3,,NIFTY
2022-11-29 11:39:51,18750,PE,BUY,121.6,,NIFTY
2022-11-29 11:40:02,18750,CE,SELL,27.3,0.0,NIFTY
2022-11-29 11:40:02,18750,PE,SELL,121.85,0.25,NIFTY
2022-11-29 11:40:02,18800,CE,BUY,15.45,,NIFTY
2022-11-29 11:40:02,18800,PE,BUY,159.95,,NIFTY
2022-11-29 11:40:07,18800,CE,SELL,15.55,0.10000000000000142,NIFTY
2022-11-29 11:40:07,18800,PE,SELL,159.4,-0.549999999999983,NIFTY
2022-11-29 11:40:07,18750,CE,BUY,27.35,,NIFTY
2022-11-29 11:40:07,18750,PE,BUY,121.6,,NIFTY
2022-11-29 11:40:12,18750,CE,SELL,27.25,-0.10000000000000142,NIFTY
2022-11-29 11:40:12,18750,PE,SELL,121.7,0.10000000000000853,NIFTY
2022-11-29 11:40:12,18800,CE,BUY,15.55,,NIFTY
2022-11-29 11:40:12,18800,PE,BUY,160.1,,NIFTY
2022-11-29 11:40:13,18800,CE,SELL,15.5,-0.05000000000000071,NIFTY
2022-11-29 11:40:13,18800,PE,SELL,159.95,-0.15000000000000568,NIFTY
2022-11-29 11:40:13,18750,CE,BUY,27.25,,NIFTY
2022-11-29 11:40:13,18750,PE,BUY,121.95,,NIFTY
2022-11-29 12:03:03,18750,CE,SELL,27.0,-0.25,NIFTY
2022-11-29 12:03:03,18750,PE,SELL,121.65,-0.29999999999999716,NIFTY
2022-11-29 12:03:03,18800,CE,BUY,15.4,,NIFTY
2022-11-29 12:03:03,18800,PE,BUY,160.25,,NIFTY
2022-11-29 12:03:22,18800,CE,SELL,15.45,0.049999999999998934,NIFTY
2022-11-29 12:03:22,18800,PE,SELL,159.3,-0.9499999999999886,NIFTY
2022-11-29 12:03:22,18750,CE,BUY,27.15,,NIFTY
2022-11-29 12:03:22,18750,PE,BUY,120.65,,NIFTY
2022-11-29 12:03:23,18750,CE,SELL,27.15,0.0,NIFTY
2022-11-29 12:03:23,18750,PE,SELL,120.2,-0.45000000000000284,NIFTY
2022-11-29 12:03:23,18800,CE,BUY,15.45,,NIFTY
2022-11-29 12:03:23,18800,PE,BUY,158.15,,NIFTY
2022-11-29 12:03:40,18800,CE,SELL,15.45,0.0,NIFTY
2022-11-29 12:03:40,18800,PE,SELL,159.05,0.9000000000000057,NIFTY
2022-11-29 12:03:40,18750,CE,BUY,27.25,,NIFTY
2022-11-29 12:03:40,18750,PE,BUY,121.0,,NIFTY
2022-11-29 12:03:44,18750,CE,SELL,27.2,-0.05000000000000071,NIFTY
2022-11-29 12:03:44,18750,PE,SELL,121.1,0.09999999999999432,NIFTY
2022-11-29 12:03:44,18800,CE,BUY,15.55,,NIFTY
2022-11-29 12:03:44,18800,PE,BUY,159.55,,NIFTY
2022-11-29 12:03:47,18800,CE,SELL,15.45,-0.10000000000000142,NIFTY
2022-11-29 12:03:47,18800,PE,SELL,159.4,-0.15000000000000568,NIFTY
2022-11-29 12:03:47,18750,CE,BUY,27.25,,NIFTY
2022-11-29 12:03:47,18750,PE,BUY,120.45,,NIFTY
2022-11-29 12:03:50,18750,CE,SELL,27.5,0.25,NIFTY
2022-11-29 12:03:50,18750,PE,SELL,120.5,0.04999999999999716,NIFTY
2022-11-29 12:03:50,18800,CE,BUY,15.6,,NIFTY
2022-11-29 12:03:50,18800,PE,BUY,159.4,,NIFTY
2022-11-29 12:51:26,18800,CE,SELL,15.35,-0.25,NIFTY
2022-11-29 12:51:26,18800,PE,SELL,157.05,-2.3499999999999943,NIFTY
2022-11-29 12:51:26,18750,CE,BUY,27.3,,NIFTY
2022-11-29 12:51:26,18750,PE,BUY,119.65,,NIFTY
2022-11-29 12:51:28,18750,CE,SELL,27.4,0.09999999999999787,NIFTY
2022-11-29 12:51:28,18750,PE,SELL,119.25,-0.4000000000000057,NIFTY
2022-11-29 12:51:28,18800,CE,BUY,15.5,,NIFTY
2022-11-29 12:51:28,18800,PE,BUY,157.25,,NIFTY
2022-11-29 12:51:29,18800,CE,SELL,15.45,-0.05000000000000071,NIFTY
2022-11-29 12:51:29,18800,PE,SELL,157.05,-0.19999999999998863,NIFTY
2022-11-29 12:51:29,18750,CE,BUY,27.4,,NIFTY
2022-11-29 12:51:29,18750,PE,BUY,119.05,,NIFTY
2022-11-29 12:51:35,18750,CE,SELL,27.45,0.05000000000000071,NIFTY
2022-11-29 12:51:35,18750,PE,SELL,119.3,0.25,NIFTY
2022-11-29 12:51:35,18800,CE,BUY,15.45,,NIFTY
2022-11-29 12:51:35,18800,PE,BUY,157.15,,NIFTY
2022-11-29 12:51:37,18800,CE,SELL,15.4,-0.049999999999998934,NIFTY
2022-11-29 12:51:37,18800,PE,SELL,156.95,-0.20000000000001705,NIFTY
2022-11-29 12:51:37,18750,CE,BUY,27.45,,NIFTY
2022-11-29 12:51:37,18750,PE,BUY,119.0,,NIFTY
2022-11-29 12:51:39,18750,CE,SELL,27.6,0.15000000000000213,NIFTY
2022-11-29 12:51:39,18750,PE,SELL,119.25,0.25,NIFTY
2022-11-29 12:51:39,18800,CE,BUY,15.5,,NIFTY
2022-11-29 12:51:39,18800,PE,BUY,156.95,,NIFTY
2022-11-29 12:52:12,18800,CE,SELL,15.55,0.05000000000000071,NIFTY
2022-11-29 12:52:12,18800,PE,SELL,156.75,-0.19999999999998863,NIFTY
2022-11-29 12:52:12,18750,CE,BUY,27.65,,NIFTY
2022-11-29 12:52:12,18750,PE,BUY,119.25,,NIFTY
2022-11-29 12:52:13,18750,CE,SELL,27.65,0.0,NIFTY
2022-11-29 12:52:13,18750,PE,SELL,119.25,0.0,NIFTY
2022-11-29 12:52:13,18800,CE,BUY,15.55,,NIFTY
2022-11-29 12:52:13,18800,PE,BUY,157.0,,NIFTY
2022-11-29 12:52:16,18800,CE,SELL,15.6,0.049999999999998934,NIFTY
2022-11-29 12:52:16,18800,PE,SELL,156.8,-0.19999999999998863,NIFTY
2022-11-29 12:52:16,18750,CE,BUY,27.75,,NIFTY
2022-11-29 12:52:16,18750,PE,BUY,118.7,,NIFTY
2022-11-29 12:52:26,18750,CE,SELL,27.45,-0.3000000000000007,NIFTY
2022-11-29 12:52:26,18750,PE,SELL,119.95,1.25,NIFTY
2022-11-29 12:52:26,18800,CE,BUY,15.5,,NIFTY
2022-11-29 12:52:26,18800,PE,BUY,157.7,,NIFTY
2022-11-29 12:52:27,18800,CE,SELL,15.4,-0.09999999999999964,NIFTY
2022-11-29 12:52:27,18800,PE,SELL,157.6,-0.09999999999999432,NIFTY
2022-11-29 12:52:27,18750,CE,BUY,27.3,,NIFTY
2022-11-29 12:52:27,18750,PE,BUY,119.85,,NIFTY
2022-11-29 12:52:36,18750,CE,SELL,27.4,0.09999999999999787,NIFTY
2022-11-29 12:52:36,18750,PE,SELL,119.8,-0.04999999999999716,NIFTY
2022-11-29 12:52:36,18800,CE,BUY,15.45,,NIFTY
2022-11-29 12:52:36,18800,PE,BUY,157.9,,NIFTY
2022-11-29 12:52:39,18800,CE,SELL,15.45,0.0,NIFTY
2022-11-29 12:52:39,18800,PE,SELL,157.75,-0.15000000000000568,NIFTY
2022-11-29 12:52:39,18750,CE,BUY,27.4,,NIFTY
2022-11-29 12:52:39,18750,PE,BUY,119.9,,NIFTY
2022-11-29 12:52:40,18750,CE,SELL,27.55,0.15000000000000213,NIFTY
2022-11-29 12:52:40,18750,PE,SELL,119.4,-0.5,NIFTY
2022-11-29 12:52:40,18800,CE,BUY,15.5,,NIFTY
2022-11-29 12:52:40,18800,PE,BUY,157.45,,NIFTY
2022-11-29 12:52:44,18800,CE,SELL,15.55,0.05000000000000071,NIFTY
2022-11-29 12:52:44,18800,PE,SELL,157.0,-0.44999999999998863,NIFTY
2022-11-29 12:52:44,18750,CE,BUY,27.6,,NIFTY
2022-11-29 12:52:44,18750,PE,BUY,119.05,,NIFTY
2022-11-29 12:52:48,18750,CE,SELL,27.7,0.09999999999999787,NIFTY
2022-11-29 12:52:48,18750,PE,SELL,119.3,0.25,NIFTY
2022-11-29 12:52:48,18800,CE,BUY,15.65,,NIFTY
2022-11-29 12:52:48,18800,PE,BUY,157.25,,NIFTY
2022-11-29 12:52:49,18800,CE,SELL,15.65,0.0,NIFTY
2022-11-29 12:52:49,18800,PE,SELL,157.7,0.44999999999998863,NIFTY
2022-11-29 12:52:49,18750,CE,BUY,27.7,,NIFTY
2022-11-29 12:52:49,18750,PE,BUY,119.45,,NIFTY
2022-11-29 12:52:50,18750,CE,SELL,27.7,0.0,NIFTY
2022-11-29 12:52:50,18750,PE,SELL,119.7,0.25,NIFTY
2022-11-29 12:52:50,18800,CE,BUY,15.65,,NIFTY
2022-11-29 12:52:50,18800,PE,BUY,157.7,,NIFTY
2022-11-29 12:52:51,18800,CE,SELL,15.55,-0.09999999999999964,NIFTY
2022-11-29 12:52:51,18800,PE,SELL,157.65,-0.04999999999998295,NIFTY
2022-11-29 12:52:51,18750,CE,BUY,27.6,,NIFTY
2022-11-29 12:52:51,18750,PE,BUY,119.7,,NIFTY
2022-11-29 12:53:02,18750,CE,SELL,27.5,-0.10000000000000142,NIFTY
2022-11-29 12:53:02,18750,PE,SELL,119.95,0.25,NIFTY
2022-11-29 12:53:02,18800,CE,BUY,15.55,,NIFTY
2022-11-29 12:53:02,18800,PE,BUY,157.6,,NIFTY
2022-11-29 12:53:03,18800,CE,SELL,15.65,0.09999999999999964,NIFTY
2022-11-29 12:53:03,18800,PE,SELL,157.65,0.05000000000001137,NIFTY
2022-11-29 12:53:03,18750,CE,BUY,27.5,,NIFTY
2022-11-29 12:53:03,18750,PE,BUY,119.8,,NIFTY
2022-11-29 12:55:53,18750,CE,SELL,27.75,0.25,NIFTY
2022-11-29 12:55:53,18750,PE,SELL,117.7,-2.0999999999999943,NIFTY
2022-11-29 12:55:53,18800,CE,BUY,15.45,,NIFTY
2022-11-29 12:55:53,18800,PE,BUY,155.65,,NIFTY
2022-11-29 12:56:07,18800,CE,SELL,15.65,0.20000000000000107,NIFTY
2022-11-29 12:56:07,18800,PE,SELL,155.75,0.09999999999999432,NIFTY
2022-11-29 12:56:07,18750,CE,BUY,27.9,,NIFTY
2022-11-29 12:56:07,18750,PE,BUY,118.25,,NIFTY
2022-11-29 12:56:10,18750,CE,SELL,28.1,0.20000000000000284,NIFTY
2022-11-29 12:56:10,18750,PE,SELL,117.3,-0.9500000000000028,NIFTY
2022-11-29 12:56:10,18800,CE,BUY,15.8,,NIFTY
2022-11-29 12:56:10,18800,PE,BUY,155.15,,NIFTY
2022-11-29 13:10:54,18800,CE,SELL,14.95,-0.8500000000000014,NIFTY
2022-11-29 13:10:54,18800,PE,SELL,157.3,2.1500000000000057,NIFTY
2022-11-29 13:10:54,18750,CE,BUY,26.85,,NIFTY
2022-11-29 13:10:54,18750,PE,BUY,119.15,,NIFTY
2022-11-29 13:10:56,18750,CE,SELL,26.85,0.0,NIFTY
2022-11-29 13:10:56,18750,PE,SELL,119.0,-0.15000000000000568,NIFTY
2022-11-29 13:10:56,18800,CE,BUY,15.0,,NIFTY
2022-11-29 13:10:56,18800,PE,BUY,156.7,,NIFTY
2022-11-29 13:11:00,18800,CE,SELL,15.05,0.05000000000000071,NIFTY
2022-11-29 13:11:00,18800,PE,SELL,157.35,0.6500000000000057,NIFTY
2022-11-29 13:11:00,18750,CE,BUY,26.95,,NIFTY
2022-11-29 13:11:00,18750,PE,BUY,119.15,,NIFTY
2022-11-29 13:11:13,18750,CE,SELL,27.25,0.3000000000000007,NIFTY
2022-11-29 13:11:13,18750,PE,SELL,118.6,-0.5500000000000114,NIFTY
2022-11-29 13:11:13,18800,CE,BUY,15.2,,NIFTY
2022-11-29 13:11:13,18800,PE,BUY,156.65,,NIFTY
2022-11-29 13:11:14,18800,CE,SELL,15.25,0.05000000000000071,NIFTY
2022-11-29 13:11:14,18800,PE,SELL,156.7,0.04999999999998295,NIFTY
2022-11-29 13:11:14,18750,CE,BUY,27.3,,NIFTY
2022-11-29 13:11:14,18750,PE,BUY,118.6,,NIFTY
2022-11-29 13:11:16,18750,CE,SELL,27.35,0.05000000000000071,NIFTY
2022-11-29 13:11:16,18750,PE,SELL,118.4,-0.19999999999998863,NIFTY
2022-11-29 13:11:16,18800,CE,BUY,15.25,,NIFTY
2022-11-29 13:11:16,18800,PE,BUY,156.2,,NIFTY
2022-11-29 14:22:18,18800,CE,SELL,13.8,-1.4499999999999993,NIFTY
2022-11-29 14:22:18,18800,PE,SELL,155.0,-1.1999999999999886,NIFTY
2022-11-29 14:22:18,18750,CE,BUY,25.5,,NIFTY
2022-11-29 14:22:18,18750,PE,BUY,116.65,,NIFTY
2022-11-29 14:22:20,18750,CE,SELL,25.3,-0.1999999999999993,NIFTY
2022-11-29 14:22:20,18750,PE,SELL,117.6,0.9499999999999886,NIFTY
2022-11-29 14:22:20,18800,CE,BUY,13.6,,NIFTY
2022-11-29 14:22:20,18800,PE,BUY,155.85,,NIFTY
2022-11-29 14:22:21,18800,CE,SELL,13.05,-0.5499999999999989,NIFTY
2022-11-29 14:22:21,18800,PE,SELL,157.25,1.4000000000000057,NIFTY
2022-11-29 14:22:21,18750,CE,BUY,24.25,,NIFTY
2022-11-29 14:22:21,18750,PE,BUY,118.7,,NIFTY
2022-11-29 14:22:25,18750,CE,SELL,24.95,0.6999999999999993,NIFTY
2022-11-29 14:22:25,18750,PE,SELL,117.65,-1.0499999999999972,NIFTY
2022-11-29 14:22:25,18800,CE,BUY,13.4,,NIFTY
2022-11-29 14:22:25,18800,PE,BUY,156.35,,NIFTY
2022-11-29 14:22:27,18800,CE,SELL,13.5,0.09999999999999964,NIFTY
2022-11-29 14:22:27,18800,PE,SELL,155.95,-0.4000000000000057,NIFTY
2022-11-29 14:22:27,18750,CE,BUY,25.0,,NIFTY
2022-11-29 14:22:27,18750,PE,BUY,117.4,,NIFTY
2022-11-29 14:22:28,18750,CE,SELL,25.0,0.0,NIFTY
2022-11-29 14:22:28,18750,PE,SELL,116.95,-0.45000000000000284,NIFTY
2022-11-29 14:22:28,18800,CE,BUY,13.5,,NIFTY
2022-11-29 14:22:28,18800,PE,BUY,155.0,,NIFTY
2022-11-29 14:22:29,18800,CE,SELL,13.35,-0.15000000000000036,NIFTY
2022-11-29 14:22:29,18800,PE,SELL,155.45,0.44999999999998863,NIFTY
2022-11-29 14:22:29,18750,CE,BUY,24.9,,NIFTY
2022-11-29 14:22:29,18750,PE,BUY,116.9,,NIFTY
2022-11-29 14:22:31,18750,CE,SELL,25.2,0.3000000000000007,NIFTY
2022-11-29 14:22:31,18750,PE,SELL,116.05,-0.8500000000000085,NIFTY
2022-11-29 14:22:31,18800,CE,BUY,13.55,,NIFTY
2022-11-29 14:22:31,18800,PE,BUY,154.7,,NIFTY
2022-11-29 14:22:45,18800,CE,SELL,13.65,0.09999999999999964,NIFTY
2022-11-29 14:22:45,18800,PE,SELL,155.65,0.950000000000017,NIFTY
2022-11-29 14:22:45,18750,CE,BUY,25.25,,NIFTY
2022-11-29 14:22:45,18750,PE,BUY,117.4,,NIFTY
2022-11-29 14:22:46,18750,CE,SELL,25.3,0.05000000000000071,NIFTY
2022-11-29 14:22:46,18750,PE,SELL,117.55,0.14999999999999147,NIFTY
2022-11-29 14:22:46,18800,CE,BUY,13.55,,NIFTY
2022-11-29 14:22:46,18800,PE,BUY,155.8,,NIFTY
2022-11-29 14:22:48,18800,CE,SELL,13.45,-0.10000000000000142,NIFTY
2022-11-29 14:22:48,18800,PE,SELL,155.75,-0.05000000000001137,NIFTY
2022-11-29 14:22:48,18750,CE,BUY,25.05,,NIFTY
2022-11-29 14:22:48,18750,PE,BUY,117.55,,NIFTY
2022-11-29 14:31:24,18750,CE,SELL,24.7,-0.3500000000000014,NIFTY
2022-11-29 14:31:24,18750,PE,SELL,116.1,-1.4500000000000028,NIFTY
2022-11-29 14:31:24,18800,CE,BUY,13.2,,NIFTY
2022-11-29 14:31:24,18800,PE,BUY,154.4,,NIFTY
2022-11-29 14:31:35,18800,CE,SELL,12.9,-0.29999999999999893,NIFTY
2022-11-29 14:31:35,18800,PE,SELL,156.85,2.4499999999999886,NIFTY
2022-11-29 14:31:35,18750,CE,BUY,24.15,,NIFTY
2022-11-29 14:31:35,18750,PE,BUY,118.25,,NIFTY
2022-11-29 14:31:41,18750,CE,SELL,24.45,0.3000000000000007,NIFTY
2022-11-29 14:31:41,18750,PE,SELL,117.55,-0.7000000000000028,NIFTY
2022-11-29 14:31:41,18800,CE,BUY,13.05,,NIFTY
2022-11-29 14:31:41,18800,PE,BUY,156.6,,NIFTY
2022-11-29 14:31:42,18800,CE,SELL,13.05,0.0,NIFTY
2022-11-29 14:31:42,18800,PE,SELL,156.65,0.05000000000001137,NIFTY
2022-11-29 14:31:42,18750,CE,BUY,24.25,,NIFTY
2022-11-29 14:31:42,18750,PE,BUY,117.95,,NIFTY
2022-11-29 14:31:43,18750,CE,SELL,24.15,-0.10000000000000142,NIFTY
2022-11-29 14:31:43,18750,PE,SELL,118.1,0.14999999999999147,NIFTY
2022-11-29 14:31:43,18800,CE,BUY,12.9,,NIFTY
2022-11-29 14:31:43,18800,PE,BUY,157.1,,NIFTY
2022-11-29 14:31:45,18800,CE,SELL,12.9,0.0,NIFTY
2022-11-29 14:31:45,18800,PE,SELL,157.85,0.75,NIFTY
2022-11-29 14:31:45,18750,CE,BUY,24.0,,NIFTY
2022-11-29 14:31:45,18750,PE,BUY,119.0,,NIFTY
2022-11-29 15:21:42,18750,CE,SELL,10.85,-13.15,NIFTY
2022-11-29 15:21:42,18750,PE,SELL,147.85,28.849999999999994,NIFTY
2022-11-29 15:21:42,18700,CE,BUY,21.65,,NIFTY
2022-11-29 15:21:42,18700,PE,BUY,108.85,,NIFTY
2022-11-29 15:21:45,18700,CE,SELL,21.35,-0.29999999999999716,NIFTY
2022-11-29 15:21:45,18700,PE,SELL,109.4,0.5500000000000114,NIFTY
2022-11-29 15:21:45,18750,CE,BUY,10.75,,NIFTY
2022-11-29 15:21:45,18750,PE,BUY,148.6,,NIFTY
2022-11-29 15:21:47,18750,CE,SELL,10.7,-0.05000000000000071,NIFTY
2022-11-29 15:21:47,18750,PE,SELL,148.7,0.09999999999999432,NIFTY
2022-11-29 15:21:47,18700,CE,BUY,21.35,,NIFTY
2022-11-29 15:21:47,18700,PE,BUY,109.5,,NIFTY
2022-11-29 15:21:53,18700,CE,SELL,21.05,-0.3000000000000007,NIFTY
2022-11-29 15:21:53,18700,PE,SELL,109.95,0.45000000000000284,NIFTY
2022-11-29 15:21:53,18750,CE,BUY,10.55,,NIFTY
2022-11-29 15:21:53,18750,PE,BUY,149.75,,NIFTY
2022-11-29 15:21:55,18750,CE,SELL,10.45,-0.10000000000000142,NIFTY
2022-11-29 15:21:55,18750,PE,SELL,149.6,-0.15000000000000568,NIFTY
2022-11-29 15:21:55,18700,CE,BUY,21.0,,NIFTY
2022-11-29 15:21:55,18700,PE,BUY,110.0,,NIFTY
2022-11-29 15:25:21,18700,CE,SELL,21.95,0.9499999999999993,NIFTY
2022-11-29 15:25:21,18700,PE,SELL,109.4,-0.5999999999999943,NIFTY
2022-11-29 15:25:21,18750,CE,BUY,11.3,,NIFTY
2022-11-29 15:25:21,18750,PE,BUY,149.05,,NIFTY
2022-11-29 15:25:36,18750,CE,SELL,11.25,-0.05000000000000071,NIFTY
2022-11-29 15:25:36,18750,PE,SELL,149.0,-0.05000000000001137,NIFTY
2022-11-29 15:25:36,18700,CE,BUY,21.85,,NIFTY
2022-11-29 15:25:36,18700,PE,BUY,109.2,,NIFTY
2022-11-29 15:25:38,18700,CE,SELL,21.95,0.09999999999999787,NIFTY
2022-11-29 15:25:38,18700,PE,SELL,109.45,0.25,NIFTY
2022-11-29 15:25:38,18750,CE,BUY,11.25,,NIFTY
2022-11-29 15:25:38,18750,PE,BUY,149.1,,NIFTY
2022-11-29 15:25:40,18750,CE,SELL,11.3,0.05000000000000071,NIFTY
2022-11-29 15:25:40,18750,PE,SELL,148.65,-0.44999999999998863,NIFTY
2022-11-29 15:25:40,18700,CE,BUY,21.9,,NIFTY
2022-11-29 15:25:40,18700,PE,BUY,109.25,,NIFTY
2022-11-29 15:25:41,18700,CE,SELL,21.8,-0.09999999999999787,NIFTY
2022-11-29 15:25:41,18700,PE,SELL,108.9,-0.3499999999999943,NIFTY
2022-11-29 15:25:41,18750,CE,BUY,11.25,,NIFTY
2022-11-29 15:25:41,18750,PE,BUY,148.65,,NIFTY
2022-11-29 15:29:59,18750,CE,SELL,12.8,1.5500000000000007,NIFTY
2022-11-29 15:29:59,18750,PE,SELL,145.6,-3.0500000000000114,NIFTY
2022-11-30 09:15:00,18700,CE,BUY,25.9,,NIFTY
2022-11-30 09:15:00,18700,PE,BUY,105.85,,NIFTY
2022-11-30 09:15:01,18700,CE,SELL,25.5,-0.3999999999999986,NIFTY
2022-11-30 09:15:01,18700,PE,SELL,85.6,-20.25,NIFTY
2022-11-30 09:15:01,18750,CE,BUY,14.0,,NIFTY
2022-11-30 09:15:01,18750,PE,BUY,124.5,,NIFTY
2022-11-30 09:19:14,18750,CE,SELL,21.0,7.0,NIFTY
2022-11-30 09:19:14,18750,PE,SELL,104.25,-20.25,NIFTY
2022-11-30 09:19:14,18800,CE,BUY,11.1,,NIFTY
2022-11-30 09:19:14,18800,PE,BUY,144.95,,NIFTY
2022-11-30 09:20:08,18800,CE,SELL,10.6,-0.5,NIFTY
2022-11-30 09:20:08,18800,PE,SELL,143.95,-1.0,NIFTY
2022-11-30 09:20:08,18750,CE,BUY,20.2,,NIFTY
2022-11-30 09:20:08,18750,PE,BUY,103.35,,NIFTY
2022-11-30 09:20:33,18750,CE,SELL,20.45,0.25,NIFTY
2022-11-30 09:20:33,18750,PE,SELL,101.9,-1.4499999999999886,NIFTY
2022-11-30 09:20:33,18800,CE,BUY,10.6,,NIFTY
2022-11-30 09:20:33,18800,PE,BUY,142.15,,NIFTY
2022-11-30 09:20:45,18800,CE,SELL,10.55,-0.049999999999998934,NIFTY
2022-11-30 09:20:45,18800,PE,SELL,143.65,1.5,NIFTY
2022-11-30 09:20:45,18750,CE,BUY,20.3,,NIFTY
2022-11-30 09:20:45,18750,PE,BUY,103.15,,NIFTY
2022-11-30 09:21:54,18750,CE,SELL,20.6,0.3000000000000007,NIFTY
2022-11-30 09:21:54,18750,PE,SELL,100.7,-2.450000000000003,NIFTY
2022-11-30 09:21:54,18800,CE,BUY,10.6,,NIFTY
2022-11-30 09:21:54,18800,PE,BUY,141.05,,NIFTY
2022-11-30 09:22:35,18800,CE,SELL,10.65,0.05000000000000071,NIFTY
2022-11-30 09:22:35,18800,PE,SELL,141.85,0.799999999999983,NIFTY
2022-11-30 09:22:35,18750,CE,BUY,20.75,,NIFTY
2022-11-30 09:22:35,18750,PE,BUY,102.1,,NIFTY
2022-11-30 09:22:37,18750,CE,SELL,20.65,-0.10000000000000142,NIFTY
2022-11-30 09:22:37,18750,PE,SELL,102.4,0.30000000000001137,NIFTY
2022-11-30 09:22:37,18800,CE,BUY,10.6,,NIFTY
2022-11-30 09:22:37,18800,PE,BUY,142.2,,NIFTY
2022-11-30 09:22:38,18800,CE,SELL,10.55,-0.049999999999998934,NIFTY
2022-11-30 09:22:38,18800,PE,SELL,143.0,0.8000000000000114,NIFTY
2022-11-30 09:22:38,18750,CE,BUY,20.6,,NIFTY
2022-11-30 09:22:38,18750,PE,BUY,103.25,,NIFTY
2022-11-30 09:22:40,18750,CE,SELL,20.9,0.29999999999999716,NIFTY
2022-11-30 09:22:40,18750,PE,SELL,101.9,-1.3499999999999943,NIFTY
2022-11-30 09:22:40,18800,CE,BUY,10.7,,NIFTY
2022-11-30 09:22:40,18800,PE,BUY,141.65,,NIFTY
2022-11-30 09:22:48,18800,CE,SELL,10.75,0.05000000000000071,NIFTY
2022-11-30 09:22:48,18800,PE,SELL,142.9,1.25,NIFTY
2022-11-30 09:22:48,18750,CE,BUY,20.9,,NIFTY
2022-11-30 09:22:48,18750,PE,BUY,103.0,,NIFTY
2022-11-30 09:22:56,18750,CE,SELL,20.95,0.05000000000000071,NIFTY
2022-11-30 09:22:56,18750,PE,SELL,103.2,0.20000000000000284,NIFTY
2022-11-30 09:22:56,18800,CE,BUY,10.8,,NIFTY
2022-11-30 09:22:56,18800,PE,BUY,142.8,,NIFTY
2022-11-30 09:22:58,18800,CE,SELL,10.65,-0.15000000000000036,NIFTY
2022-11-30 09:22:58,18800,PE,SELL,143.45,0.6499999999999773,NIFTY
2022-11-30 09:22:58,18750,CE,BUY,20.8,,NIFTY
2022-11-30 09:22:58,18750,PE,BUY,103.65,,NIFTY
2022-11-30 09:22:59,18750,CE,SELL,20.75,-0.05000000000000071,NIFTY
2022-11-30 09:22:59,18750,PE,SELL,103.4,-0.25,NIFTY
2022-11-30 09:22:59,18800,CE,BUY,10.6,,NIFTY
2022-11-30 09:22:59,18800,PE,BUY,143.25,,NIFTY
2022-11-30 09:23:00,18800,CE,SELL,10.55,-0.049999999999998934,NIFTY
2022-11-30 09:23:00,18800,PE,SELL,143.3,0.05000000000001137,NIFTY
2022-11-30 09:23:00,18750,CE,BUY,20.6,,NIFTY
2022-11-30 09:23:00,18750,PE,BUY,103.5,,NIFTY
2022-11-30 09:54:23,18750,CE,SELL,11.25,-9.350000000000001,NIFTY
2022-11-30 09:54:23,18750,PE,SELL,145.75,42.25,NIFTY
2022-11-30 09:54:23,18700,CE,BUY,22.3,,NIFTY
2022-11-30 09:54:23,18700,PE,BUY,105.65,,NIFTY
2022-11-30 09:54:30,18700,CE,SELL,22.75,0.4499999999999993,NIFTY
2022-11-30 09:54:30,18700,PE,SELL,103.05,-2.6000000000000085,NIFTY
2022-11-30 09:54:30,18750,CE,BUY,11.65,,NIFTY
2022-11-30 09:54:30,18750,PE,BUY,142.05,,NIFTY
2022-11-30 09:54:33,18750,CE,SELL,11.7,0.049999999999998934,NIFTY
2022-11-30 09:54:33,18750,PE,SELL,141.25,-0.8000000000000114,NIFTY
2022-11-30 09:54:33,18700,CE,BUY,22.9,,NIFTY
2022-11-30 09:54:33,18700,PE,BUY,102.85,,NIFTY
2022-11-30 09:54:34,18700,CE,SELL,22.8,-0.09999999999999787,NIFTY
2022-11-30 09:54:34,18700,PE,SELL,102.85,0.0,NIFTY
2022-11-30 09:54:34,18750,CE,BUY,11.65,,NIFTY
2022-11-30 09:54:34,18750,PE,BUY,141.4,,NIFTY
2022-11-30 09:54:42,18750,CE,SELL,11.65,0.0,NIFTY
2022-11-30 09:54:42,18750,PE,SELL,142.15,0.75,NIFTY
2022-11-30 09:54:42,18700,CE,BUY,22.75,,NIFTY
2022-11-30 09:54:42,18700,PE,BUY,103.4,,NIFTY
2022-11-30 09:54:44,18700,CE,SELL,22.55,-0.1999999999999993,NIFTY
2022-11-30 09:54:44,18700,PE,SELL,103.15,-0.25,NIFTY
2022-11-30 09:54:44,18750,CE,BUY,11.55,,NIFTY
2022-11-30 09:54:44,18750,PE,BUY,141.8,,NIFTY
2022-11-30 09:54:45,18750,CE,SELL,11.6,0.049999999999998934,NIFTY
2022-11-30 09:54:45,18750,PE,SELL,141.8,0.0,NIFTY
2022-11-30 09:54:45,18700,CE,BUY,22.6,,NIFTY
2022-11-30 09:54:45,18700,PE,BUY,103.5,,NIFTY
2022-11-30 09:54:46,18700,CE,SELL,22.8,0.1999999999999993,NIFTY
2022-11-30 09:54:46,18700,PE,SELL,103.5,0.0,NIFTY
2022-11-30 09:54:46,18750,CE,BUY,11.7,,NIFTY
2022-11-30 09:54:46,18750,PE,BUY,141.1,,NIFTY
2022-11-30 09:54:50,18750,CE,SELL,11.65,-0.049999999999998934,NIFTY
2022-11-30 09:54:50,18750,PE,SELL,141.5,0.4000000000000057,NIFTY
2022-11-30 09:54:50,18700,CE,BUY,22.7,,NIFTY
2022-11-30 09:54:50,18700,PE,BUY,102.85,,NIFTY
2022-11-30 09:55:03,18700,CE,SELL,22.85,0.15000000000000213,NIFTY
2022-11-30 09:55:03,18700,PE,SELL,102.35,-0.5,NIFTY
2022-11-30 09:55:03,18750,CE,BUY,11.6,,NIFTY
2022-11-30 09:55:03,18750,PE,BUY,140.8,,NIFTY
2022-11-30 09:55:04,18750,CE,SELL,11.6,0.0,NIFTY
2022-11-30 09:55:04,18750,PE,SELL,141.25,0.44999999999998863,NIFTY
2022-11-30 09:55:04,18700,CE,BUY,23.0,,NIFTY
2022-11-30 09:55:04,18700,PE,BUY,102.35,,NIFTY
2022-11-30 09:55:06,18700,CE,SELL,22.95,-0.05000000000000071,NIFTY
2022-11-30 09:55:06,18700,PE,SELL,101.2,-1.1499999999999915,NIFTY
2022-11-30 09:55:06,18750,CE,BUY,11.65,,NIFTY
2022-11-30 09:55:06,18750,PE,BUY,140.0,,NIFTY
2022-11-30 11:41:31,18750,CE,SELL,16.1,4.450000000000001,NIFTY
2022-11-30 11:41:31,18750,PE,SELL,108.45,-31.549999999999997,NIFTY
2022-11-30 11:41:31,18800,CE,BUY,8.05,,NIFTY
2022-11-30 11:41:31,18800,PE,BUY,149.65,,NIFTY
2022-11-30 11:41:32,18800,CE,SELL,8.1,0.049999999999998934,NIFTY
2022-11-30 11:41:32,18800,PE,SELL,150.0,0.3499999999999943,NIFTY
2022-11-30 11:41:32,18750,CE,BUY,16.45,,NIFTY
2022-11-30 11:41:32,18750,PE,BUY,108.7,,NIFTY
2022-11-30 11:41:52,18750,CE,SELL,16.45,0.0,NIFTY
2022-11-30 11:41:52,18750,PE,SELL,109.3,0.5999999999999943,NIFTY
2022-11-30 11:41:52,18800,CE,BUY,8.15,,NIFTY
2022-11-30 11:41:52,18800,PE,BUY,150.9,,NIFTY
2022-11-30 11:41:55,18800,CE,SELL,8.2,0.049999999999998934,NIFTY
2022-11-30 11:41:55,18800,PE,SELL,151.05,0.15000000000000568,NIFTY
2022-11-30 11:41:55,18750,CE,BUY,16.35,,NIFTY
2022-11-30 11:41:55,18750,PE,BUY,110.0,,NIFTY
2022-11-30 11:41:57,18750,CE,SELL,16.3,-0.05000000000000071,NIFTY
2022-11-30 11:41:57,18750,PE,SELL,110.05,0.04999999999999716,NIFTY
2022-11-30 11:41:57,18800,CE,BUY,8.15,,NIFTY
2022-11-30 11:41:57,18800,PE,BUY,151.65,,NIFTY
2022-11-30 11:41:59,18800,CE,SELL,8.2,0.049999999999998934,NIFTY
2022-11-30 11:41:59,18800,PE,SELL,151.65,0.0,NIFTY
2022-11-30 11:41:59,18750,CE,BUY,16.4,,NIFTY
2022-11-30 11:41:59,18750,PE,BUY,109.85,,NIFTY
2022-11-30 11:42:01,18750,CE,SELL,16.6,0.20000000000000284,NIFTY
2022-11-30 11:42:01,18750,PE,SELL,108.65,-1.1999999999999886,NIFTY
2022-11-30 11:42:01,18800,CE,BUY,8.2,,NIFTY
2022-11-30 11:42:01,18800,PE,BUY,150.65,,NIFTY
2022-11-30 11:43:08,18800,CE,SELL,8.3,0.10000000000000142,NIFTY
2022-11-30 11:43:08,18800,PE,SELL,149.65,-1.0,NIFTY
2022-11-30 11:43:08,18750,CE,BUY,16.7,,NIFTY
2022-11-30 11:43:08,18750,PE,BUY,108.2,,NIFTY
2022-11-30 11:43:09,18750,CE,SELL,16.65,-0.05000000000000071,NIFTY
2022-11-30 11:43:09,18750,PE,SELL,108.85,0.6499999999999915,NIFTY
2022-11-30 11:43:09,18800,CE,BUY,8.3,,NIFTY
2022-11-30 11:43:09,18800,PE,BUY,150.45,,NIFTY
2022-11-30 11:43:13,18800,CE,SELL,8.2,-0.10000000000000142,NIFTY
2022-11-30 11:43:13,18800,PE,SELL,150.45,0.0,NIFTY
2022-11-30 11:43:13,18750,CE,BUY,16.5,,NIFTY
2022-11-30 11:43:13,18750,PE,BUY,108.9,,NIFTY
2022-11-30 11:43:15,18750,CE,SELL,16.55,0.05000000000000071,NIFTY
2022-11-30 11:43:15,18750,PE,SELL,108.75,-0.15000000000000568,NIFTY
2022-11-30 11:43:15,18800,CE,BUY,8.2,,NIFTY
2022-11-30 11:43:15,18800,PE,BUY,150.5,,NIFTY
2022-11-30 11:43:18,18800,CE,SELL,8.35,0.15000000000000036,NIFTY
2022-11-30 11:43:18,18800,PE,SELL,149.85,-0.6500000000000057,NIFTY
2022-11-30 11:43:18,18750,CE,BUY,16.75,,NIFTY
2022-11-30 11:43:18,18750,PE,BUY,108.4,,NIFTY
2022-11-30 11:43:20,18750,CE,SELL,16.75,0.0,NIFTY
2022-11-30 11:43:20,18750,PE,SELL,107.85,-0.5500000000000114,NIFTY
2022-11-30 11:43:20,18800,CE,BUY,8.3,,NIFTY
2022-11-30 11:43:20,18800,PE,BUY,149.8,,NIFTY
2022-11-30 11:43:33,18800,CE,SELL,8.1,-0.20000000000000107,NIFTY
2022-11-30 11:43:33,18800,PE,SELL,150.4,0.5999999999999943,NIFTY
2022-11-30 11:43:33,18750,CE,BUY,16.4,,NIFTY
2022-11-30 11:43:33,18750,PE,BUY,108.8,,NIFTY
2022-11-30 11:43:35,18750,CE,SELL,16.35,-0.04999999999999716,NIFTY
2022-11-30 11:43:35,18750,PE,SELL,108.5,-0.29999999999999716,NIFTY
2022-11-30 11:43:35,18800,CE,BUY,8.15,,NIFTY
2022-11-30 11:43:35,18800,PE,BUY,150.1,,NIFTY
2022-11-30 11:43:38,18800,CE,SELL,8.1,-0.05000000000000071,NIFTY
2022-11-30 11:43:38,18800,PE,SELL,150.05,-0.04999999999998295,NIFTY
2022-11-30 11:43:38,18750,CE,BUY,16.45,,NIFTY
2022-11-30 11:43:38,18750,PE,BUY,108.5,,NIFTY
2022-11-30 11:43:41,18750,CE,SELL,16.55,0.10000000000000142,NIFTY
2022-11-30 11:43:41,18750,PE,SELL,108.4,-0.09999999999999432,NIFTY
2022-11-30 11:43:41,18800,CE,BUY,8.2,,NIFTY
2022-11-30 11:43:41,18800,PE,BUY,150.2,,NIFTY
2022-11-30 11:43:47,18800,CE,SELL,8.05,-0.14999999999999858,NIFTY
2022-11-30 11:43:47,18800,PE,SELL,151.2,1.0,NIFTY
2022-11-30 11:43:47,18750,CE,BUY,16.2,,NIFTY
2022-11-30 11:43:47,18750,PE,BUY,109.55,,NIFTY
2022-11-30 11:43:48,18750,CE,SELL,16.35,0.15000000000000213,NIFTY
2022-11-30 11:43:48,18750,PE,SELL,109.2,-0.3499999999999943,NIFTY
2022-11-30 11:43:48,18800,CE,BUY,8.1,,NIFTY
2022-11-30 11:43:48,18800,PE,BUY,151.05,,NIFTY
2022-11-30 11:43:50,18800,CE,SELL,8.05,-0.049999999999998934,NIFTY
2022-11-30 11:43:50,18800,PE,SELL,151.0,-0.05000000000001137,NIFTY
2022-11-30 11:43:50,18750,CE,BUY,16.2,,NIFTY
2022-11-30 11:43:50,18750,PE,BUY,109.4,,NIFTY
2022-11-30 11:43:51,18750,CE,SELL,16.35,0.15000000000000213,NIFTY
2022-11-30 11:43:51,18750,PE,SELL,109.0,-0.4000000000000057,NIFTY
2022-11-30 11:43:51,18800,CE,BUY,8.05,,NIFTY
2022-11-30 11:43:51,18800,PE,BUY,150.6,,NIFTY
2022-11-30 11:43:52,18800,CE,SELL,8.05,0.0,NIFTY
2022-11-30 11:43:52,18800,PE,SELL,150.95,0.3499999999999943,NIFTY
2022-11-30 11:43:52,18750,CE,BUY,16.3,,NIFTY
2022-11-30 11:43:52,18750,PE,BUY,109.0,,NIFTY
2022-11-30 11:43:53,18750,CE,SELL,16.3,0.0,NIFTY
2022-11-30 11:43:53,18750,PE,SELL,109.0,0.0,NIFTY
2022-11-30 11:43:53,18800,CE,BUY,8.05,,NIFTY
2022-11-30 11:43:53,18800,PE,BUY,150.9,,NIFTY
2022-11-30 11:43:56,18800,CE,SELL,8.15,0.09999999999999964,NIFTY
2022-11-30 11:43:56,18800,PE,SELL,149.85,-1.0500000000000114,NIFTY
2022-11-30 11:43:56,18750,CE,BUY,16.5,,NIFTY
2022-11-30 11:43:56,18750,PE,BUY,108.25,,NIFTY
2022-11-30 11:43:58,18750,CE,SELL,16.4,-0.10000000000000142,NIFTY
2022-11-30 11:43:58,18750,PE,SELL,108.3,0.04999999999999716,NIFTY
2022-11-30 11:43:58,18800,CE,BUY,8.15,,NIFTY
2022-11-30 11:43:58,18800,PE,BUY,150.2,,NIFTY
2022-11-30 11:44:01,18800,CE,SELL,8.05,-0.09999999999999964,NIFTY
2022-11-30 11:44:01,18800,PE,SELL,150.55,0.35000000000002274,NIFTY
2022-11-30 11:44:01,18750,CE,BUY,16.25,,NIFTY
2022-11-30 11:44:01,18750,PE,BUY,108.9,,NIFTY
2022-11-30 11:44:11,18750,CE,SELL,16.3,0.05000000000000071,NIFTY
2022-11-30 11:44:11,18750,PE,SELL,109.2,0.29999999999999716,NIFTY
2022-11-30 11:44:11,18800,CE,BUY,8.0,,NIFTY
2022-11-30 11:44:11,18800,PE,BUY,150.85,,NIFTY
2022-11-30 11:44:16,18800,CE,SELL,8.0,0.0,NIFTY
2022-11-30 11:44:16,18800,PE,SELL,151.05,0.20000000000001705,NIFTY
2022-11-30 11:44:16,18750,CE,BUY,16.3,,NIFTY
2022-11-30 11:44:16,18750,PE,BUY,108.75,,NIFTY
2022-11-30 11:44:17,18750,CE,SELL,16.15,-0.15000000000000213,NIFTY
2022-11-30 11:44:17,18750,PE,SELL,109.4,0.6500000000000057,NIFTY
2022-11-30 11:44:17,18800,CE,BUY,8.0,,NIFTY
2022-11-30 11:44:17,18800,PE,BUY,151.35,,NIFTY
2022-11-30 11:44:19,18800,CE,SELL,7.95,-0.04999999999999982,NIFTY
2022-11-30 11:44:19,18800,PE,SELL,151.85,0.5,NIFTY
2022-11-30 11:44:19,18750,CE,BUY,16.0,,NIFTY
2022-11-30 11:44:19,18750,PE,BUY,109.85,,NIFTY
2022-11-30 11:45:04,18750,CE,SELL,16.0,0.0,NIFTY
2022-11-30 11:45:04,18750,PE,SELL,109.05,-0.7999999999999972,NIFTY
2022-11-30 11:45:04,18800,CE,BUY,7.95,,NIFTY
2022-11-30 11:45:04,18800,PE,BUY,150.9,,NIFTY
2022-11-30 11:45:11,18800,CE,SELL,7.9,-0.04999999999999982,NIFTY
2022-11-30 11:45:11,18800,PE,SELL,151.95,1.049999999999983,NIFTY
2022-11-30 11:45:11,18750,CE,BUY,16.0,,NIFTY
2022-11-30 11:45:11,18750,PE,BUY,110.0,,NIFTY
2022-11-30 11:45:31,18750,CE,SELL,16.45,0.4499999999999993,NIFTY
2022-11-30 11:45:31,18750,PE,SELL,109.15,-0.8499999999999943,NIFTY
2022-11-30 11:45:31,18800,CE,BUY,8.05,,NIFTY
2022-11-30 11:45:31,18800,PE,BUY,150.6,,NIFTY
2022-11-30 11:45:44,18800,CE,SELL,8.15,0.09999999999999964,NIFTY
2022-11-30 11:45:44,18800,PE,SELL,149.4,-1.1999999999999886,NIFTY
2022-11-30 11:45:44,18750,CE,BUY,16.55,,NIFTY
2022-11-30 11:45:44,18750,PE,BUY,107.55,,NIFTY
2022-11-30 11:45:46,18750,CE,SELL,16.55,0.0,NIFTY
2022-11-30 11:45:46,18750,PE,SELL,107.55,0.0,NIFTY
2022-11-30 11:45:46,18800,CE,BUY,8.1,,NIFTY
2022-11-30 11:45:46,18800,PE,BUY,149.55,,NIFTY
2022-11-30 11:46:24,18800,CE,SELL,8.15,0.05000000000000071,NIFTY
2022-11-30 11:46:24,18800,PE,SELL,149.0,-0.5500000000000114,NIFTY
2022-11-30 11:46:24,18750,CE,BUY,16.6,,NIFTY
2022-11-30 11:46:24,18750,PE,BUY,107.7,,NIFTY
2022-11-30 11:46:26,18750,CE,SELL,16.65,0.04999999999999716,NIFTY
2022-11-30 11:46:26,18750,PE,SELL,107.25,-0.45000000000000284,NIFTY
2022-11-30 11:46:26,18800,CE,BUY,8.15,,NIFTY
2022-11-30 11:46:26,18800,PE,BUY,149.0,,NIFTY
2022-11-30 11:46:27,18800,CE,SELL,8.1,-0.05000000000000071,NIFTY
2022-11-30 11:46:27,18800,PE,SELL,149.35,0.3499999999999943,NIFTY
2022-11-30 11:46:27,18750,CE,BUY,16.55,,NIFTY
2022-11-30 11:46:27,18750,PE,BUY,107.75,,NIFTY
2022-11-30 11:46:30,18750,CE,SELL,16.55,0.0,NIFTY
2022-11-30 11:46:30,18750,PE,SELL,108.1,0.3499999999999943,NIFTY
2022-11-30 11:46:30,18800,CE,BUY,8.1,,NIFTY
2022-11-30 11:46:30,18800,PE,BUY,149.55,,NIFTY
2022-11-30 11:47:33,18800,CE,SELL,8.2,0.09999999999999964,NIFTY
2022-11-30 11:47:33,18800,PE,SELL,149.45,-0.10000000000002274,NIFTY
2022-11-30 11:47:33,18750,CE,BUY,16.75,,NIFTY
2022-11-30 11:47:33,18750,PE,BUY,107.95,,NIFTY
2022-11-30 11:47:35,18750,CE,SELL,16.75,0.0,NIFTY
2022-11-30 11:47:35,18750,PE,SELL,107.95,0.0,NIFTY
2022-11-30 11:47:35,18800,CE,BUY,8.2,,NIFTY
2022-11-30 11:47:35,18800,PE,BUY,149.65,,NIFTY
2022-11-30 11:47:38,18800,CE,SELL,8.15,-0.049999999999998934,NIFTY
2022-11-30 11:47:38,18800,PE,SELL,150.15,0.5,NIFTY
2022-11-30 11:47:38,18750,CE,BUY,16.55,,NIFTY
2022-11-30 11:47:38,18750,PE,BUY,108.45,,NIFTY
2022-11-30 11:47:40,18750,CE,SELL,16.55,0.0,NIFTY
2022-11-30 11:47:40,18750,PE,SELL,108.6,0.14999999999999147,NIFTY
2022-11-30 11:47:40,18800,CE,BUY,8.15,,NIFTY
2022-11-30 11:47:40,18800,PE,BUY,150.05,,NIFTY
2022-11-30 11:47:43,18800,CE,SELL,8.25,0.09999999999999964,NIFTY
2022-11-30 11:47:43,18800,PE,SELL,149.8,-0.25,NIFTY
2022-11-30 11:47:43,18750,CE,BUY,16.75,,NIFTY
2022-11-30 11:47:43,18750,PE,BUY,108.0,,NIFTY
2022-11-30 11:47:46,18750,CE,SELL,16.65,-0.10000000000000142,NIFTY
2022-11-30 11:47:46,18750,PE,SELL,108.4,0.4000000000000057,NIFTY
2022-11-30 11:47:46,18800,CE,BUY,8.2,,NIFTY
2022-11-30 11:47:46,18800,PE,BUY,150.0,,NIFTY
2022-11-30 11:47:48,18800,CE,SELL,8.15,-0.049999999999998934,NIFTY
2022-11-30 11:47:48,18800,PE,SELL,150.25,0.25,NIFTY
2022-11-30 11:47:48,18750,CE,BUY,16.5,,NIFTY
2022-11-30 11:47:48,18750,PE,BUY,108.7,,NIFTY
2022-11-30 11:47:49,18750,CE,SELL,16.45,-0.05000000000000071,NIFTY
2022-11-30 11:47:49,18750,PE,SELL,108.75,0.04999999999999716,NIFTY
2022-11-30 11:47:49,18800,CE,BUY,8.1,,NIFTY
2022-11-30 11:47:49,18800,PE,BUY,150.25,,NIFTY
2022-11-30 11:48:04,18800,CE,SELL,8.2,0.09999999999999964,NIFTY
2022-11-30 11:48:04,18800,PE,SELL,150.05,-0.19999999999998863,NIFTY
2022-11-30 11:48:04,18750,CE,BUY,16.5,,NIFTY
2022-11-30 11:48:04,18750,PE,BUY,108.8,,NIFTY
2022-11-30 11:48:05,18750,CE,SELL,16.55,0.05000000000000071,NIFTY
2022-11-30 11:48:05,18750,PE,SELL,108.55,-0.25,NIFTY
2022-11-30 11:48:05,18800,CE,BUY,8.15,,NIFTY
2022-11-30 11:48:05,18800,PE,BUY,150.35,,NIFTY
2022-11-30 11:48:06,18800,CE,SELL,8.15,0.0,NIFTY
2022-11-30 11:48:06,18800,PE,SELL,150.35,0.0,NIFTY
2022-11-30 11:48:06,18750,CE,BUY,16.3,,NIFTY
2022-11-30 11:48:06,18750,PE,BUY,108.55,,NIFTY
2022-11-30 11:48:10,18750,CE,SELL,16.15,-0.15000000000000213,NIFTY
2022-11-30 11:48:10,18750,PE,SELL,109.7,1.1500000000000057,NIFTY
2022-11-30 11:48:10,18800,CE,BUY,8.0,,NIFTY
2022-11-30 11:48:10,18800,PE,BUY,151.3,,NIFTY
2022-11-30 11:48:12,18800,CE,SELL,8.0,0.0,NIFTY
2022-11-30 11:48:12,18800,PE,SELL,151.25,-0.05000000000001137,NIFTY
2022-11-30 11:48:12,18750,CE,BUY,16.3,,NIFTY
2022-11-30 11:48:12,18750,PE,BUY,109.8,,NIFTY
2022-11-30 11:48:17,18750,CE,SELL,16.4,0.09999999999999787,NIFTY
2022-11-30 11:48:17,18750,PE,SELL,109.0,-0.7999999999999972,NIFTY
2022-11-30 11:48:17,18800,CE,BUY,8.05,,NIFTY
2022-11-30 11:48:17,18800,PE,BUY,150.3,,NIFTY
2022-11-30 11:48:25,18800,CE,SELL,8.15,0.09999999999999964,NIFTY
2022-11-30 11:48:25,18800,PE,SELL,149.65,-0.6500000000000057,NIFTY
2022-11-30 11:48:25,18750,CE,BUY,16.6,,NIFTY
2022-11-30 11:48:25,18750,PE,BUY,108.15,,NIFTY
2022-11-30 11:48:28,18750,CE,SELL,16.55,-0.05000000000000071,NIFTY
2022-11-30 11:48:28,18750,PE,SELL,108.55,0.3999999999999915,NIFTY
2022-11-30 11:48:28,18800,CE,BUY,8.15,,NIFTY
2022-11-30 11:48:28,18800,PE,BUY,150.0,,NIFTY
2022-11-30 11:48:33,18800,CE,SELL,8.2,0.049999999999998934,NIFTY
2022-11-30 11:48:33,18800,PE,SELL,150.25,0.25,NIFTY
2022-11-30 11:48:33,18750,CE,BUY,16.55,,NIFTY
2022-11-30 11:48:33,18750,PE,BUY,108.55,,NIFTY
2022-11-30 11:48:37,18750,CE,SELL,16.5,-0.05000000000000071,NIFTY
2022-11-30 11:48:37,18750,PE,SELL,108.75,0.20000000000000284,NIFTY
2022-11-30 11:48:37,18800,CE,BUY,8.2,,NIFTY
2022-11-30 11:48:37,18800,PE,BUY,150.45,,NIFTY
2022-11-30 11:51:41,18800,CE,SELL,7.9,-0.29999999999999893,NIFTY
2022-11-30 11:51:41,18800,PE,SELL,150.5,0.05000000000001137,NIFTY
2022-11-30 11:51:41,18750,CE,BUY,16.15,,NIFTY
2022-11-30 11:51:41,18750,PE,BUY,109.0,,NIFTY
2022-11-30 11:51:43,18750,CE,SELL,16.1,-0.04999999999999716,NIFTY
2022-11-30 11:51:43,18750,PE,SELL,108.5,-0.5,NIFTY
2022-11-30 11:51:43,18800,CE,BUY,7.95,,NIFTY
2022-11-30 11:51:43,18800,PE,BUY,150.4,,NIFTY
2022-11-30 11:51:45,18800,CE,SELL,7.95,0.0,NIFTY
2022-11-30 11:51:45,18800,PE,SELL,150.05,-0.3499999999999943,NIFTY
2022-11-30 11:51:45,18750,CE,BUY,16.05,,NIFTY
2022-11-30 11:51:45,18750,PE,BUY,108.6,,NIFTY
2022-11-30 11:51:46,18750,CE,SELL,16.05,0.0,NIFTY
2022-11-30 11:51:46,18750,PE,SELL,108.2,-0.3999999999999915,NIFTY
2022-11-30 11:51:46,18800,CE,BUY,7.85,,NIFTY
2022-11-30 11:51:46,18800,PE,BUY,150.0,,NIFTY
2022-11-30 11:52:02,18800,CE,SELL,7.65,-0.1999999999999993,NIFTY
2022-11-30 11:52:02,18800,PE,SELL,151.45,1.4499999999999886,NIFTY
2022-11-30 11:52:02,18750,CE,BUY,15.7,,NIFTY
2022-11-30 11:52:02,18750,PE,BUY,109.85,,NIFTY
2022-11-30 11:52:07,18750,CE,SELL,15.85,0.15000000000000036,NIFTY
2022-11-30 11:52:07,18750,PE,SELL,109.2,-0.6499999999999915,NIFTY
2022-11-30 11:52:07,18800,CE,BUY,7.8,,NIFTY
2022-11-30 11:52:07,18800,PE,BUY,151.25,,NIFTY
2022-11-30 11:52:10,18800,CE,SELL,7.7,-0.09999999999999964,NIFTY
2022-11-30 11:52:10,18800,PE,SELL,151.8,0.5500000000000114,NIFTY
2022-11-30 11:52:10,18750,CE,BUY,15.65,,NIFTY
2022-11-30 11:52:10,18750,PE,BUY,109.9,,NIFTY
2022-11-30 11:52:12,18750,CE,SELL,15.85,0.1999999999999993,NIFTY
2022-11-30 11:52:12,18750,PE,SELL,109.2,-0.7000000000000028,NIFTY
2022-11-30 11:52:12,18800,CE,BUY,7.8,,NIFTY
2022-11-30 11:52:12,18800,PE,BUY,150.85,,NIFTY
2022-11-30 11:52:13,18800,CE,SELL,7.75,-0.04999999999999982,NIFTY
2022-11-30 11:52:13,18800,PE,SELL,150.85,0.0,NIFTY
2022-11-30 11:52:13,18750,CE,BUY,15.8,,NIFTY
2022-11-30 11:52:13,18750,PE,BUY,109.2,,NIFTY
2022-11-30 11:52:14,18750,CE,SELL,15.75,-0.05000000000000071,NIFTY
2022-11-30 11:52:14,18750,PE,SELL,109.15,-0.04999999999999716,NIFTY
2022-11-30 11:52:14,18800,CE,BUY,7.75,,NIFTY
2022-11-30 11:52:14,18800,PE,BUY,151.0,,NIFTY
2022-11-30 11:52:18,18800,CE,SELL,7.65,-0.09999999999999964,NIFTY
2022-11-30 11:52:18,18800,PE,SELL,151.6,0.5999999999999943,NIFTY
2022-11-30 11:52:18,18750,CE,BUY,15.65,,NIFTY
2022-11-30 11:52:18,18750,PE,BUY,109.7,,NIFTY
2022-11-30 11:52:42,18750,CE,SELL,15.6,-0.05000000000000071,NIFTY
2022-11-30 11:52:42,18750,PE,SELL,108.45,-1.25,NIFTY
2022-11-30 11:52:42,18800,CE,BUY,7.6,,NIFTY
2022-11-30 11:52:42,18800,PE,BUY,150.45,,NIFTY
2022-11-30 11:53:06,18800,CE,SELL,7.5,-0.09999999999999964,NIFTY
2022-11-30 11:53:06,18800,PE,SELL,151.2,0.75,NIFTY
2022-11-30 11:53:06,18750,CE,BUY,15.45,,NIFTY
2022-11-30 11:53:06,18750,PE,BUY,109.6,,NIFTY
2022-11-30 12:36:41,18750,CE,SELL,15.45,0.0,NIFTY
2022-11-30 12:36:41,18750,PE,SELL,109.8,0.20000000000000284,NIFTY
2022-11-30 12:36:41,18800,CE,BUY,7.45,,NIFTY
2022-11-30 12:36:41,18800,PE,BUY,151.4,,NIFTY
2022-11-30 12:36:52,18800,CE,SELL,7.35,-0.10000000000000053,NIFTY
2022-11-30 12:36:52,18800,PE,SELL,152.4,1.0,NIFTY
2022-11-30 12:36:52,18750,CE,BUY,15.2,,NIFTY
2022-11-30 12:36:52,18750,PE,BUY,110.6,,NIFTY
2022-11-30 12:36:54,18750,CE,SELL,15.3,0.10000000000000142,NIFTY
2022-11-30 12:36:54,18750,PE,SELL,110.15,-0.44999999999998863,NIFTY
2022-11-30 12:36:54,18800,CE,BUY,7.4,,NIFTY
2022-11-30 12:36:54,18800,PE,BUY,152.1,,NIFTY
2022-11-30 12:36:57,18800,CE,SELL,7.4,0.0,NIFTY
2022-11-30 12:36:57,18800,PE,SELL,152.6,0.5,NIFTY
2022-11-30 12:36:57,18750,CE,BUY,15.3,,NIFTY
2022-11-30 12:36:57,18750,PE,BUY,110.75,,NIFTY
2022-11-30 12:39:56,18750,CE,SELL,15.2,-0.10000000000000142,NIFTY
2022-11-30 12:39:56,18750,PE,SELL,110.0,-0.75,NIFTY
2022-11-30 12:39:56,18800,CE,BUY,7.35,,NIFTY
2022-11-30 12:39:56,18800,PE,BUY,152.15,,NIFTY
2022-11-30 12:40:11,18800,CE,SELL,7.35,0.0,NIFTY
2022-11-30 12:40:11,18800,PE,SELL,153.15,1.0,NIFTY
2022-11-30 12:40:11,18750,CE,BUY,15.05,,NIFTY
2022-11-30 12:40:11,18750,PE,BUY,111.0,,NIFTY
2022-11-30 12:40:12,18750,CE,SELL,15.15,0.09999999999999964,NIFTY
2022-11-30 12:40:12,18750,PE,SELL,111.0,0.0,NIFTY
2022-11-30 12:40:12,18800,CE,BUY,7.35,,NIFTY
2022-11-30 12:40:12,18800,PE,BUY,153.45,,NIFTY
2022-11-30 12:40:16,18800,CE,SELL,7.3,-0.04999999999999982,NIFTY
2022-11-30 12:40:16,18800,PE,SELL,153.15,-0.29999999999998295,NIFTY
2022-11-30 12:40:16,18750,CE,BUY,15.05,,NIFTY
2022-11-30 12:40:16,18750,PE,BUY,110.9,,NIFTY
2022-11-30 12:40:24,18750,CE,SELL,15.2,0.14999999999999858,NIFTY
2022-11-30 12:40:24,18750,PE,SELL,110.45,-0.45000000000000284,NIFTY
2022-11-30 12:40:24,18800,CE,BUY,7.4,,NIFTY
2022-11-30 12:40:24,18800,PE,BUY,152.9,,NIFTY
2022-11-30 12:40:25,18800,CE,SELL,7.4,0.0,NIFTY
2022-11-30 12:40:25,18800,PE,SELL,152.9,0.0,NIFTY
2022-11-30 12:40:25,18750,CE,BUY,15.2,,NIFTY
2022-11-30 12:40:25,18750,PE,BUY,110.75,,NIFTY
2022-11-30 12:40:26,18750,CE,SELL,15.05,-0.14999999999999858,NIFTY
2022-11-30 12:40:26,18750,PE,SELL,111.25,0.5,NIFTY
2022-11-30 12:40:26,18800,CE,BUY,7.3,,NIFTY
2022-11-30 12:40:26,18800,PE,BUY,153.25,,NIFTY
2022-11-30 12:40:30,18800,CE,SELL,7.4,0.10000000000000053,NIFTY
2022-11-30 12:40:30,18800,PE,SELL,152.5,-0.75,NIFTY
2022-11-30 12:40:30,18750,CE,BUY,15.3,,NIFTY
2022-11-30 12:40:30,18750,PE,BUY,110.35,,NIFTY
2022-11-30 12:40:33,18750,CE,SELL,15.4,0.09999999999999964,NIFTY
2022-11-30 12:40:33,18750,PE,SELL,109.75,-0.5999999999999943,NIFTY
2022-11-30 12:40:33,18800,CE,BUY,7.4,,NIFTY
2022-11-30 12:40:33,18800,PE,BUY,151.45,,NIFTY
2022-11-30 12:40:44,18800,CE,SELL,7.35,-0.05000000000000071,NIFTY
2022-11-30 12:40:44,18800,PE,SELL,152.3,0.8500000000000227,NIFTY
2022-11-30 12:40:44,18750,CE,BUY,15.2,,NIFTY
2022-11-30 12:40:44,18750,PE,BUY,110.15,,NIFTY
2022-11-30 12:41:03,18750,CE,SELL,15.3,0.10000000000000142,NIFTY
2022-11-30 12:41:03,18750,PE,SELL,110.0,-0.15000000000000568,NIFTY
2022-11-30 12:41:03,18800,CE,BUY,7.4,,NIFTY
2022-11-30 12:41:03,18800,PE,BUY,152.4,,NIFTY
2022-11-30 12:41:22,18800,CE,SELL,7.35,-0.05000000000000071,NIFTY
2022-11-30 12:41:22,18800,PE,SELL,152.2,-0.20000000000001705,NIFTY
2022-11-30 12:41:22,18750,CE,BUY,15.2,,NIFTY
2022-11-30 12:41:22,18750,PE,BUY,109.95,,NIFTY
2022-11-30 12:41:23,18750,CE,SELL,15.2,0.0,NIFTY
2022-11-30 12:41:23,18750,PE,SELL,110.0,0.04999999999999716,NIFTY
2022-11-30 12:41:23,18800,CE,BUY,7.35,,NIFTY
2022-11-30 12:41:23,18800,PE,BUY,152.1,,NIFTY
2022-11-30 12:41:39,18800,CE,SELL,7.3,-0.04999999999999982,NIFTY
2022-11-30 12:41:39,18800,PE,SELL,153.6,1.5,NIFTY
2022-11-30 12:41:39,18750,CE,BUY,15.1,,NIFTY
2022-11-30 12:41:39,18750,PE,BUY,111.7,,NIFTY
2022-11-30 12:41:57,18750,CE,SELL,14.95,-0.15000000000000036,NIFTY
2022-11-30 12:41:57,18750,PE,SELL,111.25,-0.45000000000000284,NIFTY
2022-11-30 12:41:57,18800,CE,BUY,7.3,,NIFTY
2022-11-30 12:41:57,18800,PE,BUY,153.5,,NIFTY
2022-11-30 12:41:59,18800,CE,SELL,7.2,-0.09999999999999964,NIFTY
2022-11-30 12:41:59,18800,PE,SELL,153.5,0.0,NIFTY
2022-11-30 12:41:59,18750,CE,BUY,14.95,,NIFTY
2022-11-30 12:41:59,18750,PE,BUY,111.25,,NIFTY
2022-11-30 12:42:04,18750,CE,SELL,14.85,-0.09999999999999964,NIFTY
2022-11-30 12:42:04,18750,PE,SELL,111.4,0.15000000000000568,NIFTY
2022-11-30 12:42:04,18800,CE,BUY,7.2,,NIFTY
2022-11-30 12:42:04,18800,PE,BUY,153.8,,NIFTY
2022-11-30 12:42:05,18800,CE,SELL,7.2,0.0,NIFTY
2022-11-30 12:42:05,18800,PE,SELL,153.95,0.14999999999997726,NIFTY
2022-11-30 12:42:05,18750,CE,BUY,14.85,,NIFTY
2022-11-30 12:42:05,18750,PE,BUY,111.4,,NIFTY
2022-11-30 12:42:06,18750,CE,SELL,14.85,0.0,NIFTY
2022-11-30 12:42:06,18750,PE,SELL,111.55,0.14999999999999147,NIFTY
2022-11-30 12:42:06,18800,CE,BUY,7.25,,NIFTY
2022-11-30 12:42:06,18800,PE,BUY,153.95,,NIFTY
2022-11-30 12:42:07,18800,CE,SELL,7.25,0.0,NIFTY
2022-11-30 12:42:07,18800,PE,SELL,154.0,0.05000000000001137,NIFTY
2022-11-30 12:42:07,18750,CE,BUY,14.85,,NIFTY
2022-11-30 12:42:07,18750,PE,BUY,111.9,,NIFTY
2022-11-30 12:42:08,18750,CE,SELL,14.85,0.0,NIFTY
2022-11-30 12:42:08,18750,PE,SELL,111.4,-0.5,NIFTY
2022-11-30 12:42:08,18800,CE,BUY,7.25,,NIFTY
2022-11-30 12:42:08,18800,PE,BUY,153.5,,NIFTY
2022-11-30 12:42:13,18800,CE,SELL,7.3,0.04999999999999982,NIFTY
2022-11-30 12:42:13,18800,PE,SELL,153.35,-0.15000000000000568,NIFTY
2022-11-30 12:42:13,18750,CE,BUY,15.0,,NIFTY
2022-11-30 12:42:13,18750,PE,BUY,111.0,,NIFTY
2022-11-30 12:42:15,18750,CE,SELL,14.95,-0.05000000000000071,NIFTY
2022-11-30 12:42:15,18750,PE,SELL,111.3,0.29999999999999716,NIFTY
2022-11-30 12:42:15,18800,CE,BUY,7.25,,NIFTY
2022-11-30 12:42:15,18800,PE,BUY,153.35,,NIFTY
2022-11-30 12:42:26,18800,CE,SELL,7.2,-0.04999999999999982,NIFTY
2022-11-30 12:42:26,18800,PE,SELL,153.6,0.25,NIFTY
2022-11-30 12:42:26,18750,CE,BUY,14.95,,NIFTY
2022-11-30 12:42:26,18750,PE,BUY,111.3,,NIFTY
2022-11-30 12:42:46,18750,CE,SELL,14.95,0.0,NIFTY
2022-11-30 12:42:46,18750,PE,SELL,111.05,-0.25,NIFTY
2022-11-30 12:42:46,18800,CE,BUY,7.2,,NIFTY
2022-11-30 12:42:46,18800,PE,BUY,153.35,,NIFTY
2022-11-30 12:42:50,18800,CE,SELL,7.25,0.04999999999999982,NIFTY
2022-11-30 12:42:50,18800,PE,SELL,153.2,-0.15000000000000568,NIFTY
2022-11-30 12:42:50,18750,CE,BUY,14.95,,NIFTY
2022-11-30 12:42:50,18750,PE,BUY,110.95,,NIFTY
2022-11-30 12:42:56,18750,CE,SELL,15.0,0.05000000000000071,NIFTY
2022-11-30 12:42:56,18750,PE,SELL,111.25,0.29999999999999716,NIFTY
2022-11-30 12:42:56,18800,CE,BUY,7.2,,NIFTY
2022-11-30 12:42:56,18800,PE,BUY,153.05,,NIFTY
2022-11-30 12:43:00,18800,CE,SELL,7.3,0.09999999999999964,NIFTY
2022-11-30 12:43:00,18800,PE,SELL,152.35,-0.700000000000017,NIFTY
2022-11-30 12:43:00,18750,CE,BUY,15.1,,NIFTY
2022-11-30 12:43:00,18750,PE,BUY,110.25,,NIFTY
2022-11-30 12:43:04,18750,CE,SELL,14.9,-0.1999999999999993,NIFTY
2022-11-30 12:43:04,18750,PE,SELL,110.7,0.45000000000000284,NIFTY
2022-11-30 12:43:04,18800,CE,BUY,7.2,,NIFTY
2022-11-30 12:43:04,18800,PE,BUY,152.65,,NIFTY
2022-11-30 12:43:10,18800,CE,SELL,7.2,0.0,NIFTY
2022-11-30 12:43:10,18800,PE,SELL,153.25,0.5999999999999943,NIFTY
2022-11-30 12:43:10,18750,CE,BUY,14.8,,NIFTY
2022-11-30 12:43:10,18750,PE,BUY,111.5,,NIFTY
2022-11-30 12:43:11,18750,CE,SELL,14.9,0.09999999999999964,NIFTY
2022-11-30 12:43:11,18750,PE,SELL,111.5,0.0,NIFTY
2022-11-30 12:43:11,18800,CE,BUY,7.2,,NIFTY
2022-11-30 12:43:11,18800,PE,BUY,153.25,,NIFTY
2022-11-30 12:43:13,18800,CE,SELL,7.25,0.04999999999999982,NIFTY
2022-11-30 12:43:13,18800,PE,SELL,152.85,-0.4000000000000057,NIFTY
2022-11-30 12:43:13,18750,CE,BUY,15.05,,NIFTY
2022-11-30 12:43:13,18750,PE,BUY,110.65,,NIFTY
2022-11-30 12:43:14,18750,CE,SELL,15.1,0.049999999999998934,NIFTY
2022-11-30 12:43:14,18750,PE,SELL,110.55,-0.10000000000000853,NIFTY
2022-11-30 12:43:14,18800,CE,BUY,7.25,,NIFTY
2022-11-30 12:43:14,18800,PE,BUY,152.3,,NIFTY
2022-11-30 12:47:26,18800,CE,SELL,7.1,-0.15000000000000036,NIFTY
2022-11-30 12:47:26,18800,PE,SELL,154.05,1.75,NIFTY
2022-11-30 12:47:26,18750,CE,BUY,14.6,,NIFTY
2022-11-30 12:47:26,18750,PE,BUY,112.2,,NIFTY
2022-11-30 12:47:29,18750,CE,SELL,14.6,0.0,NIFTY
2022-11-30 12:47:29,18750,PE,SELL,112.05,-0.15000000000000568,NIFTY
2022-11-30 12:47:29,18800,CE,BUY,7.05,,NIFTY
2022-11-30 12:47:29,18800,PE,BUY,154.35,,NIFTY
2022-11-30 12:47:30,18800,CE,SELL,7.05,0.0,NIFTY
2022-11-30 12:47:30,18800,PE,SELL,154.4,0.05000000000001137,NIFTY
2022-11-30 12:47:30,18750,CE,BUY,14.6,,NIFTY
2022-11-30 12:47:30,18750,PE,BUY,112.4,,NIFTY
2022-11-30 12:47:55,18750,CE,SELL,14.6,0.0,NIFTY
2022-11-30 12:47:55,18750,PE,SELL,111.5,-0.9000000000000057,NIFTY
2022-11-30 12:47:55,18800,CE,BUY,7.05,,NIFTY
2022-11-30 12:47:55,18800,PE,BUY,154.1,,NIFTY
2022-11-30 12:47:56,18800,CE,SELL,7.1,0.04999999999999982,NIFTY
2022-11-30 12:47:56,18800,PE,SELL,154.45,0.3499999999999943,NIFTY
2022-11-30 12:47:56,18750,CE,BUY,14.7,,NIFTY
2022-11-30 12:47:56,18750,PE,BUY,111.5,,NIFTY
2022-11-30 12:48:01,18750,CE,SELL,14.7,0.0,NIFTY
2022-11-30 12:48:01,18750,PE,SELL,111.9,0.4000000000000057,NIFTY
2022-11-30 12:48:01,18800,CE,BUY,7.1,,NIFTY
2022-11-30 12:48:01,18800,PE,BUY,154.5,,NIFTY
2022-11-30 12:48:10,18800,CE,SELL,7.25,0.15000000000000036,NIFTY
2022-11-30 12:48:10,18800,PE,SELL,153.15,-1.3499999999999943,NIFTY
2022-11-30 12:48:10,18750,CE,BUY,14.85,,NIFTY
2022-11-30 12:48:10,18750,PE,BUY,111.0,,NIFTY
2022-11-30 12:48:11,18750,CE,SELL,14.85,0.0,NIFTY
2022-11-30 12:48:11,18750,PE,SELL,111.2,0.20000000000000284,NIFTY
2022-11-30 12:48:11,18800,CE,BUY,7.2,,NIFTY
2022-11-30 12:48:11,18800,PE,BUY,153.5,,NIFTY
2022-11-30 12:48:13,18800,CE,SELL,7.2,0.0,NIFTY
2022-11-30 12:48:13,18800,PE,SELL,153.4,-0.09999999999999432,NIFTY
2022-11-30 12:48:13,18750,CE,BUY,14.9,,NIFTY
2022-11-30 12:48:13,18750,PE,BUY,111.15,,NIFTY
2022-11-30 12:48:15,18750,CE,SELL,14.85,-0.05000000000000071,NIFTY
2022-11-30 12:48:15,18750,PE,SELL,111.6,0.44999999999998863,NIFTY
2022-11-30 12:48:15,18800,CE,BUY,7.15,,NIFTY
2022-11-30 12:48:15,18800,PE,BUY,153.65,,NIFTY
2022-11-30 12:48:28,18800,CE,SELL,7.2,0.04999999999999982,NIFTY
2022-11-30 12:48:28,18800,PE,SELL,153.55,-0.09999999999999432,NIFTY
2022-11-30 12:48:28,18750,CE,BUY,14.85,,NIFTY
2022-11-30 12:48:28,18750,PE,BUY,111.65,,NIFTY
2022-11-30 12:48:34,18750,CE,SELL,14.7,-0.15000000000000036,NIFTY
2022-11-30 12:48:34,18750,PE,SELL,112.0,0.3499999999999943,NIFTY
2022-11-30 12:48:34,18800,CE,BUY,7.15,,NIFTY
2022-11-30 12:48:34,18800,PE,BUY,154.65,,NIFTY
2022-11-30 12:48:35,18800,CE,SELL,7.05,-0.10000000000000053,NIFTY
2022-11-30 12:48:35,18800,PE,SELL,155.0,0.3499999999999943,NIFTY
2022-11-30 12:48:35,18750,CE,BUY,14.55,,NIFTY
2022-11-30 12:48:35,18750,PE,BUY,112.4,,NIFTY
2022-11-30 12:48:50,18750,CE,SELL,14.65,0.09999999999999964,NIFTY
2022-11-30 12:48:50,18750,PE,SELL,111.55,-0.8500000000000085,NIFTY
2022-11-30 12:48:50,18800,CE,BUY,7.1,,NIFTY
2022-11-30 12:48:50,18800,PE,BUY,154.3,,NIFTY
2022-11-30 12:48:54,18800,CE,SELL,7.1,0.0,NIFTY
2022-11-30 12:48:54,18800,PE,SELL,153.8,-0.5,NIFTY
2022-11-30 12:48:54,18750,CE,BUY,14.75,,NIFTY
2022-11-30 12:48:54,18750,PE,BUY,111.25,,NIFTY
2022-11-30 12:48:59,18750,CE,SELL,14.65,-0.09999999999999964,NIFTY
2022-11-30 12:48:59,18750,PE,SELL,111.7,0.45000000000000284,NIFTY
2022-11-30 12:48:59,18800,CE,BUY,7.05,,NIFTY
2022-11-30 12:48:59,18800,PE,BUY,154.15,,NIFTY
2022-11-30 12:49:06,18800,CE,SELL,7.0,-0.04999999999999982,NIFTY
2022-11-30 12:49:06,18800,PE,SELL,155.4,1.25,NIFTY
2022-11-30 12:49:06,18750,CE,BUY,14.45,,NIFTY
2022-11-30 12:49:06,18750,PE,BUY,112.9,,NIFTY
2022-11-30 12:49:25,18750,CE,SELL,14.35,-0.09999999999999964,NIFTY
2022-11-30 12:49:25,18750,PE,SELL,112.4,-0.5,NIFTY
2022-11-30 12:49:25,18800,CE,BUY,6.9,,NIFTY
2022-11-30 12:49:25,18800,PE,BUY,154.9,,NIFTY
2022-11-30 12:49:26,18800,CE,SELL,6.95,0.04999999999999982,NIFTY
2022-11-30 12:49:26,18800,PE,SELL,154.85,-0.05000000000001137,NIFTY
2022-11-30 12:49:26,18750,CE,BUY,14.35,,NIFTY
2022-11-30 12:49:26,18750,PE,BUY,112.4,,NIFTY
2022-11-30 12:57:44,18750,CE,SELL,14.5,0.15000000000000036,NIFTY
2022-11-30 12:57:44,18750,PE,SELL,109.65,-2.75,NIFTY
2022-11-30 12:57:44,18800,CE,BUY,6.9,,NIFTY
2022-11-30 12:57:44,18800,PE,BUY,151.95,,NIFTY
2022-11-30 12:58:07,18800,CE,SELL,7.05,0.14999999999999947,NIFTY
2022-11-30 12:58:07,18800,PE,SELL,151.35,-0.5999999999999943,NIFTY
2022-11-30 12:58:07,18750,CE,BUY,14.75,,NIFTY
2022-11-30 12:58:07,18750,PE,BUY,109.05,,NIFTY
2022-11-30 12:58:09,18750,CE,SELL,14.85,0.09999999999999964,NIFTY
2022-11-30 12:58:09,18750,PE,SELL,109.05,0.0,NIFTY
2022-11-30 12:58:09,18800,CE,BUY,7.1,,NIFTY
2022-11-30 12:58:09,18800,PE,BUY,151.2,,NIFTY
2022-11-30 14:10:23,18800,CE,SELL,5.65,-1.4499999999999993,NIFTY
2022-11-30 14:10:23,18800,PE,SELL,154.0,2.8000000000000114,NIFTY
2022-11-30 14:10:23,18750,CE,BUY,12.0,,NIFTY
2022-11-30 14:10:23,18750,PE,BUY,110.5,,NIFTY
2022-11-30 14:10:24,18750,CE,SELL,12.2,0.1999999999999993,NIFTY
2022-11-30 14:10:24,18750,PE,SELL,109.55,-0.9500000000000028,NIFTY
2022-11-30 14:10:24,18800,CE,BUY,5.6,,NIFTY
2022-11-30 14:10:24,18800,PE,BUY,152.8,,NIFTY
2022-11-30 14:10:27,18800,CE,SELL,5.7,0.10000000000000053,NIFTY
2022-11-30 14:10:27,18800,PE,SELL,152.05,-0.75,NIFTY
2022-11-30 14:10:27,18750,CE,BUY,12.5,,NIFTY
2022-11-30 14:10:27,18750,PE,BUY,109.1,,NIFTY
2022-11-30 14:10:30,18750,CE,SELL,12.65,0.15000000000000036,NIFTY
2022-11-30 14:10:30,18750,PE,SELL,109.7,0.6000000000000085,NIFTY
2022-11-30 14:10:30,18800,CE,BUY,5.85,,NIFTY
2022-11-30 14:10:30,18800,PE,BUY,152.5,,NIFTY
2022-11-30 14:10:33,18800,CE,SELL,5.95,0.10000000000000053,NIFTY
2022-11-30 14:10:33,18800,PE,SELL,151.95,-0.5500000000000114,NIFTY
2022-11-30 14:10:33,18750,CE,BUY,12.7,,NIFTY
2022-11-30 14:10:33,18750,PE,BUY,109.2,,NIFTY
2022-11-30 14:10:36,18750,CE,SELL,13.05,0.3500000000000014,NIFTY
2022-11-30 14:10:36,18750,PE,SELL,108.15,-1.0499999999999972,NIFTY
2022-11-30 14:10:36,18800,CE,BUY,6.05,,NIFTY
2022-11-30 14:10:36,18800,PE,BUY,150.5,,NIFTY
2022-11-30 14:10:39,18800,CE,SELL,6.05,0.0,NIFTY
2022-11-30 14:10:39,18800,PE,SELL,151.8,1.3000000000000114,NIFTY
2022-11-30 14:10:39,18750,CE,BUY,13.0,,NIFTY
2022-11-30 14:10:39,18750,PE,BUY,108.55,,NIFTY
2022-11-30 14:10:40,18750,CE,SELL,13.15,0.15000000000000036,NIFTY
2022-11-30 14:10:40,18750,PE,SELL,108.35,-0.20000000000000284,NIFTY
2022-11-30 14:10:40,18800,CE,BUY,6.1,,NIFTY
2022-11-30 14:10:40,18800,PE,BUY,151.4,,NIFTY
2022-11-30 14:10:41,18800,CE,SELL,6.1,0.0,NIFTY
2022-11-30 14:10:41,18800,PE,SELL,151.6,0.19999999999998863,NIFTY
2022-11-30 14:10:41,18750,CE,BUY,13.15,,NIFTY
2022-11-30 14:10:41,18750,PE,BUY,108.9,,NIFTY
2022-11-30 14:10:44,18750,CE,SELL,13.4,0.25,NIFTY
2022-11-30 14:10:44,18750,PE,SELL,108.15,-0.75,NIFTY
2022-11-30 14:10:44,18800,CE,BUY,6.3,,NIFTY
2022-11-30 14:10:44,18800,PE,BUY,150.8,,NIFTY
2022-11-30 14:31:16,18800,CE,SELL,11.9,5.6000000000000005,NIFTY
2022-11-30 14:31:16,18800,PE,SELL,112.6,-38.20000000000002,NIFTY
2022-11-30 14:31:16,18850,CE,BUY,5.1,,NIFTY
2022-11-30 14:31:16,18850,PE,BUY,155.4,,NIFTY
2022-11-30 14:33:42,18850,CE,SELL,4.7,-0.39999999999999947,NIFTY
2022-11-30 14:33:42,18850,PE,SELL,157.4,2.0,NIFTY
2022-11-30 14:33:42,18800,CE,BUY,10.8,,NIFTY
2022-11-30 14:33:42,18800,PE,BUY,113.75,,NIFTY
2022-11-30 14:33:44,18800,CE,SELL,10.7,-0.10000000000000142,NIFTY
2022-11-30 14:33:44,18800,PE,SELL,113.8,0.04999999999999716,NIFTY
2022-11-30 14:33:44,18850,CE,BUY,4.6,,NIFTY
2022-11-30 14:33:44,18850,PE,BUY,157.5,,NIFTY
2022-11-30 14:33:45,18850,CE,SELL,4.6,0.0,NIFTY
2022-11-30 14:33:45,18850,PE,SELL,158.05,0.5500000000000114,NIFTY
2022-11-30 14:33:45,18800,CE,BUY,10.65,,NIFTY
2022-11-30 14:33:45,18800,PE,BUY,114.0,,NIFTY
2022-11-30 14:34:11,18800,CE,SELL,11.0,0.34999999999999964,NIFTY
2022-11-30 14:34:11,18800,PE,SELL,112.95,-1.0499999999999972,NIFTY
2022-11-30 14:34:11,18850,CE,BUY,4.75,,NIFTY
2022-11-30 14:34:11,18850,PE,BUY,156.4,,NIFTY
2022-11-30 14:34:13,18850,CE,SELL,4.95,0.20000000000000018,NIFTY
2022-11-30 14:34:13,18850,PE,SELL,156.7,0.29999999999998295,NIFTY
2022-11-30 14:34:13,18800,CE,BUY,11.2,,NIFTY
2022-11-30 14:34:13,18800,PE,BUY,113.05,,NIFTY
2022-11-30 14:34:19,18800,CE,SELL,11.25,0.05000000000000071,NIFTY
2022-11-30 14:34:19,18800,PE,SELL,113.2,0.15000000000000568,NIFTY
2022-11-30 14:34:19,18850,CE,BUY,4.9,,NIFTY
2022-11-30 14:34:19,18850,PE,BUY,156.4,,NIFTY
2022-11-30 14:34:21,18850,CE,SELL,4.85,-0.05000000000000071,NIFTY
2022-11-30 14:34:21,18850,PE,SELL,157.05,0.6500000000000057,NIFTY
2022-11-30 14:34:21,18800,CE,BUY,11.1,,NIFTY
2022-11-30 14:34:21,18800,PE,BUY,113.6,,NIFTY
2022-11-30 14:35:14,18800,CE,SELL,11.3,0.20000000000000107,NIFTY
2022-11-30 14:35:14,18800,PE,SELL,113.25,-0.3499999999999943,NIFTY
2022-11-30 14:35:14,18850,CE,BUY,4.95,,NIFTY
2022-11-30 14:35:14,18850,PE,BUY,156.7,,NIFTY
2022-11-30 14:35:15,18850,CE,SELL,4.95,0.0,NIFTY
2022-11-30 14:35:15,18850,PE,SELL,157.25,0.5500000000000114,NIFTY
2022-11-30 14:35:15,18800,CE,BUY,11.2,,NIFTY
2022-11-30 14:35:15,18800,PE,BUY,113.75,,NIFTY
2022-11-30 14:35:24,18800,CE,SELL,11.55,0.3500000000000014,NIFTY
2022-11-30 14:35:24,18800,PE,SELL,113.45,-0.29999999999999716,NIFTY
2022-11-30 14:35:24,18850,CE,BUY,5.05,,NIFTY
2022-11-30 14:35:24,18850,PE,BUY,156.45,,NIFTY
2022-11-30 14:35:25,18850,CE,SELL,5.05,0.0,NIFTY
2022-11-30 14:35:25,18850,PE,SELL,156.7,0.25,NIFTY
2022-11-30 14:35:25,18800,CE,BUY,11.45,,NIFTY
2022-11-30 14:35:25,18800,PE,BUY,113.4,,NIFTY
2022-11-30 14:35:47,18800,CE,SELL,11.15,-0.29999999999999893,NIFTY
2022-11-30 14:35:47,18800,PE,SELL,113.3,-0.10000000000000853,NIFTY
2022-11-30 14:35:47,18850,CE,BUY,4.8,,NIFTY
2022-11-30 14:35:47,18850,PE,BUY,157.55,,NIFTY
2022-11-30 14:35:48,18850,CE,SELL,4.85,0.04999999999999982,NIFTY
2022-11-30 14:35:48,18850,PE,SELL,156.9,-0.6500000000000057,NIFTY
2022-11-30 14:35:48,18800,CE,BUY,11.15,,NIFTY
2022-11-30 14:35:48,18800,PE,BUY,113.3,,NIFTY
2022-11-30 14:35:50,18800,CE,SELL,11.1,-0.05000000000000071,NIFTY
2022-11-30 14:35:50,18800,PE,SELL,113.6,0.29999999999999716,NIFTY
2022-11-30 14:35:50,18850,CE,BUY,4.85,,NIFTY
2022-11-30 14:35:50,18850,PE,BUY,157.0,,NIFTY
2022-11-30 14:35:51,18850,CE,SELL,4.8,-0.04999999999999982,NIFTY
2022-11-30 14:35:51,18850,PE,SELL,158.35,1.3499999999999943,NIFTY
2022-11-30 14:35:51,18800,CE,BUY,11.0,,NIFTY
2022-11-30 14:35:51,18800,PE,BUY,114.5,,NIFTY
2022-11-30 14:37:05,18800,CE,SELL,11.5,0.5,NIFTY
2022-11-30 14:37:05,18800,PE,SELL,112.6,-1.9000000000000057,NIFTY
2022-11-30 14:37:05,18850,CE,BUY,4.95,,NIFTY
2022-11-30 14:37:05,18850,PE,BUY,156.0,,NIFTY
2022-11-30 14:37:06,18850,CE,SELL,4.95,0.0,NIFTY
2022-11-30 14:37:06,18850,PE,SELL,156.0,0.0,NIFTY
2022-11-30 14:37:06,18800,CE,BUY,11.5,,NIFTY
2022-11-30 14:37:06,18800,PE,BUY,112.7,,NIFTY
2022-11-30 14:37:12,18800,CE,SELL,11.55,0.05000000000000071,NIFTY
2022-11-30 14:37:12,18800,PE,SELL,112.0,-0.7000000000000028,NIFTY
2022-11-30 14:37:12,18850,CE,BUY,5.05,,NIFTY
2022-11-30 14:37:12,18850,PE,BUY,155.25,,NIFTY
2022-11-30 14:37:38,18850,CE,SELL,5.05,0.0,NIFTY
2022-11-30 14:37:38,18850,PE,SELL,155.55,0.30000000000001137,NIFTY
2022-11-30 14:37:38,18800,CE,BUY,11.45,,NIFTY
2022-11-30 14:37:38,18800,PE,BUY,111.4,,NIFTY
2022-11-30 14:37:39,18800,CE,SELL,11.55,0.10000000000000142,NIFTY
2022-11-30 14:37:39,18800,PE,SELL,111.0,-0.4000000000000057,NIFTY
2022-11-30 14:37:39,18850,CE,BUY,5.0,,NIFTY
2022-11-30 14:37:39,18850,PE,BUY,155.0,,NIFTY
2022-11-30 14:37:43,18850,CE,SELL,5.0,0.0,NIFTY
2022-11-30 14:37:43,18850,PE,SELL,154.2,-0.8000000000000114,NIFTY
2022-11-30 14:37:43,18800,CE,BUY,11.6,,NIFTY
2022-11-30 14:37:43,18800,PE,BUY,111.3,,NIFTY
2022-11-30 14:37:44,18800,CE,SELL,11.65,0.05000000000000071,NIFTY
2022-11-30 14:37:44,18800,PE,SELL,110.75,-0.5499999999999972,NIFTY
2022-11-30 14:37:44,18850,CE,BUY,5.1,,NIFTY
2022-11-30 14:37:44,18850,PE,BUY,154.6,,NIFTY
2022-11-30 14:38:01,18850,CE,SELL,4.75,-0.34999999999999964,NIFTY
2022-11-30 14:38:01,18850,PE,SELL,156.55,1.950000000000017,NIFTY
2022-11-30 14:38:01,18800,CE,BUY,11.0,,NIFTY
2022-11-30 14:38:01,18800,PE,BUY,113.3,,NIFTY
2022-11-30 14:38:05,18800,CE,SELL,11.05,0.05000000000000071,NIFTY
2022-11-30 14:38:05,18800,PE,SELL,113.0,-0.29999999999999716,NIFTY
2022-11-30 14:38:05,18850,CE,BUY,4.75,,NIFTY
2022-11-30 14:38:05,18850,PE,BUY,156.4,,NIFTY
2022-11-30 14:41:00,18850,CE,SELL,4.4,-0.34999999999999964,NIFTY
2022-11-30 14:41:00,18850,PE,SELL,156.9,0.5,NIFTY
2022-11-30 14:41:00,18800,CE,BUY,10.3,,NIFTY
2022-11-30 14:41:00,18800,PE,BUY,114.1,,NIFTY
2022-11-30 14:41:08,18800,CE,SELL,10.5,0.1999999999999993,NIFTY
2022-11-30 14:41:08,18800,PE,SELL,112.55,-1.5499999999999972,NIFTY
2022-11-30 14:41:08,18850,CE,BUY,4.35,,NIFTY
2022-11-30 14:41:08,18850,PE,BUY,156.05,,NIFTY
2022-11-30 14:41:09,18850,CE,SELL,4.3,-0.04999999999999982,NIFTY
2022-11-30 14:41:09,18850,PE,SELL,156.05,0.0,NIFTY
2022-11-30 14:41:09,18800,CE,BUY,10.5,,NIFTY
2022-11-30 14:41:09,18800,PE,BUY,112.6,,NIFTY
2022-11-30 14:41:11,18800,CE,SELL,10.45,-0.05000000000000071,NIFTY
2022-11-30 14:41:11,18800,PE,SELL,113.15,0.5500000000000114,NIFTY
2022-11-30 14:41:11,18850,CE,BUY,4.35,,NIFTY
2022-11-30 14:41:11,18850,PE,BUY,156.4,,NIFTY
2022-11-30 14:41:16,18850,CE,SELL,4.35,0.0,NIFTY
2022-11-30 14:41:16,18850,PE,SELL,156.0,-0.4000000000000057,NIFTY
2022-11-30 14:41:16,18800,CE,BUY,10.65,,NIFTY
2022-11-30 14:41:16,18800,PE,BUY,112.5,,NIFTY
2022-11-30 14:41:17,18800,CE,SELL,10.6,-0.05000000000000071,NIFTY
2022-11-30 14:41:17,18800,PE,SELL,112.6,0.09999999999999432,NIFTY
2022-11-30 14:41:17,18850,CE,BUY,4.4,,NIFTY
2022-11-30 14:41:17,18850,PE,BUY,156.0,,NIFTY
2022-11-30 14:41:23,18850,CE,SELL,4.45,0.04999999999999982,NIFTY
2022-11-30 14:41:23,18850,PE,SELL,156.05,0.05000000000001137,NIFTY
2022-11-30 14:41:23,18800,CE,BUY,10.65,,NIFTY
2022-11-30 14:41:23,18800,PE,BUY,112.7,,NIFTY
2022-11-30 14:41:30,18800,CE,SELL,10.55,-0.09999999999999964,NIFTY
2022-11-30 14:41:30,18800,PE,SELL,112.9,0.20000000000000284,NIFTY
2022-11-30 14:41:30,18850,CE,BUY,4.45,,NIFTY
2022-11-30 14:41:30,18850,PE,BUY,156.55,,NIFTY
2022-11-30 14:41:31,18850,CE,SELL,4.4,-0.04999999999999982,NIFTY
2022-11-30 14:41:31,18850,PE,SELL,156.55,0.0,NIFTY
2022-11-30 14:41:31,18800,CE,BUY,10.65,,NIFTY
2022-11-30 14:41:31,18800,PE,BUY,112.9,,NIFTY
2022-11-30 14:41:32,18800,CE,SELL,10.8,0.15000000000000036,NIFTY
2022-11-30 14:41:32,18800,PE,SELL,111.6,-1.3000000000000114,NIFTY
2022-11-30 14:41:32,18850,CE,BUY,4.5,,NIFTY
2022-11-30 14:41:32,18850,PE,BUY,155.0,,NIFTY
2022-11-30 14:44:52,18850,CE,SELL,4.3,-0.20000000000000018,NIFTY
2022-11-30 14:44:52,18850,PE,SELL,157.95,2.9499999999999886,NIFTY
2022-11-30 14:44:52,18800,CE,BUY,10.25,,NIFTY
2022-11-30 14:44:52,18800,PE,BUY,113.55,,NIFTY
2022-11-30 14:44:53,18800,CE,SELL,10.45,0.1999999999999993,NIFTY
2022-11-30 14:44:53,18800,PE,SELL,113.5,-0.04999999999999716,NIFTY
2022-11-30 14:44:53,18850,CE,BUY,4.25,,NIFTY
2022-11-30 14:44:53,18850,PE,BUY,156.85,,NIFTY
2022-11-30 14:44:57,18850,CE,SELL,4.3,0.04999999999999982,NIFTY
2022-11-30 14:44:57,18850,PE,SELL,156.5,-0.3499999999999943,NIFTY
2022-11-30 14:44:57,18800,CE,BUY,10.45,,NIFTY
2022-11-30 14:44:57,18800,PE,BUY,112.4,,NIFTY
2022-11-30 14:44:58,18800,CE,SELL,10.45,0.0,NIFTY
2022-11-30 14:44:58,18800,PE,SELL,112.6,0.19999999999998863,NIFTY
2022-11-30 14:44:58,18850,CE,BUY,4.3,,NIFTY
2022-11-30 14:44:58,18850,PE,BUY,156.5,,NIFTY
2022-11-30 14:45:25,18850,CE,SELL,4.4,0.10000000000000053,NIFTY
2022-11-30 14:45:25,18850,PE,SELL,154.55,-1.9499999999999886,NIFTY
2022-11-30 14:45:25,18800,CE,BUY,10.9,,NIFTY
2022-11-30 14:45:25,18800,PE,BUY,111.3,,NIFTY
2022-11-30 14:45:26,18800,CE,SELL,11.05,0.15000000000000036,NIFTY
2022-11-30 14:45:26,18800,PE,SELL,110.3,-1.0,NIFTY
2022-11-30 14:45:26,18850,CE,BUY,4.5,,NIFTY
2022-11-30 14:45:26,18850,PE,BUY,153.65,,NIFTY
2022-11-30 14:47:01,18850,CE,SELL,4.4,-0.09999999999999964,NIFTY
2022-11-30 14:47:01,18850,PE,SELL,157.5,3.8499999999999943,NIFTY
2022-11-30 14:47:01,18800,CE,BUY,10.65,,NIFTY
2022-11-30 14:47:01,18800,PE,BUY,113.15,,NIFTY
2022-11-30 14:47:22,18800,CE,SELL,10.85,0.1999999999999993,NIFTY
2022-11-30 14:47:22,18800,PE,SELL,112.2,-0.9500000000000028,NIFTY
2022-11-30 14:47:22,18850,CE,BUY,4.45,,NIFTY
2022-11-30 14:47:22,18850,PE,BUY,155.5,,NIFTY
2022-11-30 14:47:28,18850,CE,SELL,4.4,-0.04999999999999982,NIFTY
2022-11-30 14:47:28,18850,PE,SELL,155.9,0.4000000000000057,NIFTY
2022-11-30 14:47:28,18800,CE,BUY,10.85,,NIFTY
2022-11-30 14:47:28,18800,PE,BUY,112.25,,NIFTY
2022-11-30 14:47:33,18800,CE,SELL,10.9,0.05000000000000071,NIFTY
2022-11-30 14:47:33,18800,PE,SELL,112.0,-0.25,NIFTY
2022-11-30 14:47:33,18850,CE,BUY,4.4,,NIFTY
2022-11-30 14:47:33,18850,PE,BUY,155.0,,NIFTY
2022-11-30 14:47:34,18850,CE,SELL,4.4,0.0,NIFTY
2022-11-30 14:47:34,18850,PE,SELL,156.0,1.0,NIFTY
2022-11-30 14:47:34,18800,CE,BUY,10.65,,NIFTY
2022-11-30 14:47:34,18800,PE,BUY,113.0,,NIFTY
2022-11-30 14:47:38,18800,CE,SELL,10.75,0.09999999999999964,NIFTY
2022-11-30 14:47:38,18800,PE,SELL,112.55,-0.45000000000000284,NIFTY
2022-11-30 14:47:38,18850,CE,BUY,4.4,,NIFTY
2022-11-30 14:47:38,18850,PE,BUY,156.65,,NIFTY
2022-11-30 14:47:41,18850,CE,SELL,4.45,0.04999999999999982,NIFTY
2022-11-30 14:47:41,18850,PE,SELL,156.0,-0.6500000000000057,NIFTY
2022-11-30 14:47:41,18800,CE,BUY,10.75,,NIFTY
2022-11-30 14:47:41,18800,PE,BUY,112.25,,NIFTY
2022-11-30 14:50:29,18800,CE,SELL,10.3,-0.4499999999999993,NIFTY
2022-11-30 14:50:29,18800,PE,SELL,111.3,-0.9500000000000028,NIFTY
2022-11-30 14:50:29,18850,CE,BUY,4.25,,NIFTY
2022-11-30 14:50:29,18850,PE,BUY,155.15,,NIFTY
2022-11-30 14:54:37,18850,CE,SELL,4.3,0.04999999999999982,NIFTY
2022-11-30 14:54:37,18850,PE,SELL,157.0,1.8499999999999943,NIFTY
2022-11-30 14:54:37,18800,CE,BUY,10.15,,NIFTY
2022-11-30 14:54:37,18800,PE,BUY,113.35,,NIFTY
2022-11-30 14:54:49,18800,CE,SELL,10.25,0.09999999999999964,NIFTY
2022-11-30 14:54:49,18800,PE,SELL,114.1,0.75,NIFTY
2022-11-30 14:54:49,18850,CE,BUY,4.25,,NIFTY
2022-11-30 14:54:49,18850,PE,BUY,158.3,,NIFTY
2022-11-30 14:54:51,18850,CE,SELL,4.3,0.04999999999999982,NIFTY
2022-11-30 14:54:51,18850,PE,SELL,157.1,-1.200000000000017,NIFTY
2022-11-30 14:54:51,18800,CE,BUY,10.35,,NIFTY
2022-11-30 14:54:51,18800,PE,BUY,113.4,,NIFTY
2022-11-30 14:54:52,18800,CE,SELL,10.5,0.15000000000000036,NIFTY
2022-11-30 14:54:52,18800,PE,SELL,113.0,-0.4000000000000057,NIFTY
2022-11-30 14:54:52,18850,CE,BUY,4.35,,NIFTY
2022-11-30 14:54:52,18850,PE,BUY,156.25,,NIFTY
2022-11-30 14:55:12,18850,CE,SELL,4.3,-0.04999999999999982,NIFTY
2022-11-30 14:55:12,18850,PE,SELL,158.3,2.0500000000000114,NIFTY
2022-11-30 14:55:12,18800,CE,BUY,10.35,,NIFTY
2022-11-30 14:55:12,18800,PE,BUY,114.7,,NIFTY
2022-11-30 14:55:24,18800,CE,SELL,10.25,-0.09999999999999964,NIFTY
2022-11-30 14:55:24,18800,PE,SELL,114.75,0.04999999999999716,NIFTY
2022-11-30 14:55:24,18850,CE,BUY,4.25,,NIFTY
2022-11-30 14:55:24,18850,PE,BUY,159.35,,NIFTY
2022-11-30 14:55:25,18850,CE,SELL,4.25,0.0,NIFTY
2022-11-30 14:55:25,18850,PE,SELL,158.15,-1.1999999999999886,NIFTY
2022-11-30 14:55:25,18800,CE,BUY,10.25,,NIFTY
2022-11-30 14:55:25,18800,PE,BUY,114.65,,NIFTY
2022-11-30 15:00:32,18800,CE,SELL,10.7,0.4499999999999993,NIFTY
2022-11-30 15:00:32,18800,PE,SELL,112.2,-2.450000000000003,NIFTY
2022-11-30 15:00:32,18850,CE,BUY,4.45,,NIFTY
2022-11-30 15:00:32,18850,PE,BUY,155.75,,NIFTY
2022-11-30 15:18:56,18850,CE,SELL,9.85,5.3999999999999995,NIFTY
2022-11-30 15:18:56,18850,PE,SELL,104.7,-51.05,NIFTY
2022-11-30 15:18:56,18900,CE,BUY,4.6,,NIFTY
2022-11-30 15:18:56,18900,PE,BUY,150.0,,NIFTY
2022-11-30 15:18:58,18900,CE,SELL,4.6,0.0,NIFTY
2022-11-30 15:18:58,18900,PE,SELL,149.05,-0.9499999999999886,NIFTY
2022-11-30 15:18:58,18850,CE,BUY,9.9,,NIFTY
2022-11-30 15:18:58,18850,PE,BUY,104.35,,NIFTY
2022-11-30 15:19:00,18850,CE,SELL,9.85,-0.05000000000000071,NIFTY
2022-11-30 15:19:00,18850,PE,SELL,103.9,-0.44999999999998863,NIFTY
2022-11-30 15:19:00,18900,CE,BUY,4.55,,NIFTY
2022-11-30 15:19:00,18900,PE,BUY,148.85,,NIFTY
2022-11-30 15:30:00,18900,CE,SELL,7.0,2.45,NIFTY
2022-11-30 15:30:00,18900,PE,SELL,132.3,-16.549999999999983,NIFTY
